Pavement Age (yrs),Time from Last MRR (yrs),Precipitation (mm),Mean Temperature (°C),ESAL,AC Layer Thickness (in),Base Thickness (in),Fatigue Cracking (%),Wheel Path Cracking (%),Mean Asphalt Content (%),Previous IRI (m/km)
-0.11284759,0.09629967,0.000106352156,0.24554838,0.034642648,0.18396719,-0.020477148,0.0012947747,-0.0100231785,0.0067772237,0.98055977
-0.116623424,0.11527115,0.024730183,0.23086973,0.032544043,0.19532335,-0.021870455,0.007521109,-0.011595851,0.0054760096,0.97773844
-0.050308786,0.09324598,0.02183546,0.2413662,0.024401845,0.20055537,-0.0144798495,0.006489854,-0.014316298,0.011538459,0.9670822
-0.04899233,0.08844106,-0.000988181,0.23972388,0.040176403,0.2185567,-0.013155716,0.008188851,-0.01083782,0.016829282,0.95541936
-0.058817286,0.09369069,-0.0008700533,0.24092577,0.03047699,0.21736595,-0.013881255,0.0081695905,-0.011276034,0.015761405,0.9414349
-0.06743804,0.08674679,-0.0015302598,0.23259275,0.036710024,0.19401854,-0.014744989,0.008370134,0.017130433,0.023371104,0.9429418
-0.050972253,0.11111642,0.03183029,0.20815276,0.006797285,0.17423049,-0.02209921,0.023260482,0.029905671,0.02729349,0.962194
-0.10082846,0.09368923,-0.002926326,0.22959991,0.014261776,0.19795015,-0.027659656,0.0063026915,-0.012601682,-0.0016341325,0.953441
-0.02850719,0.13070196,0.029887808,0.23861581,0.028987646,0.21920006,-0.019330554,0.009601499,-0.011350115,0.008636438,0.9968241
-0.06069543,0.094067976,0.021098265,0.21581002,0.027358834,0.2029213,-0.02277973,0.0044438452,-0.013774813,0.0069356193,0.93041307
-0.05878862,0.07847639,-0.0030666813,0.22787407,0.01828695,0.21298291,-0.023560643,0.007935625,-0.01127223,0.0031277442,0.93985194
-0.030639235,0.062333245,-0.004148141,0.2176861,0.016408011,0.20925269,-0.02635051,0.0053511853,-0.01125005,0.003141861,0.9344895
-0.05544308,0.07197727,-0.0033258486,0.20970464,0.011745879,0.18327722,-0.026843948,-0.00712866,0.008316737,0.010235159,0.92506385
0.0056382,0.08731382,0.030142812,0.13672213,0.012740627,0.14019048,-0.026055876,0.0115555115,0.021196049,0.03484156,0.95643264
-0.07007005,-0.3547302,-0.02250773,-0.038787857,-0.0076843803,-0.092569135,-0.013403601,-0.021872561,0.03934466,-0.047773685,0.0905911
-0.060987897,-0.074779265,0.01795362,-0.006275683,0.015806045,-0.076225564,-0.0015069701,-0.022229275,0.038688216,-0.046386022,-0.33022186
-0.059167005,-0.041238755,0.016928459,-0.0076582655,0.015522151,-0.074460104,-0.0012611122,-0.022474533,0.042105183,-0.04593868,-0.34211022
-0.010214082,0.0101997135,-0.015192915,-0.024275286,-0.0017663467,-0.059975676,0.0053016897,-0.012082257,-0.022071866,-0.017117558,-0.3597966
-0.010228385,0.019656304,-0.008758961,-0.02282808,-0.014321553,-0.057339184,0.0068070134,-0.014556779,0.015438718,-0.020290235,-0.36258492
-0.0141384285,0.034070056,-0.014991392,0.00949472,0.038264874,-0.06125019,0.011726627,-0.010697721,-0.01698962,-0.011780933,0.055183668
-0.029902434,0.026555393,-0.010051763,-0.014737396,0.024118394,0.034502603,-0.0043418193,-0.019961882,-0.03348267,0.0075183213,-0.28652605
-0.042930678,0.024978759,-0.015262549,-0.011697869,0.020890312,0.037264477,-0.0053953063,-0.019812278,0.002664597,0.010455322,-0.17546086
-0.034831706,0.04977286,0.027067227,-0.00517327,0.025944345,0.045737416,-0.00526054,-0.017091993,0.04438176,0.016188214,-0.06901345
-0.043529287,0.070069544,-0.014281863,-0.004544835,0.01812493,0.04618233,-0.008607671,-0.019780315,0.03317905,0.019886192,0.07304055
-0.031140277,0.10652937,-0.019134926,-0.0035892718,0.03781919,0.06814977,-0.00599763,-0.015712123,0.04041032,0.026058486,0.21962662
-0.022699054,0.08638864,0.0094994195,-0.00228862,0.023837551,0.079339206,-0.0059310053,-0.011426048,0.06806673,0.03529514,0.28746292
-0.026888823,0.028163988,-0.009212808,-0.02250632,0.026667746,0.012781055,-0.00449136,-0.02049981,-0.031809874,-0.005872284,-0.3249571
-0.037457317,0.02327029,-0.012906554,-0.019830104,0.021869984,0.016810114,-0.0051780893,-0.02015578,-0.031825554,-0.005279103,-0.2335308
-0.027307302,0.04607159,0.03065536,-0.011350665,0.03261916,0.017009025,-0.0055262228,-0.018818554,0.00603944,-0.0055899094,-0.1772626
-0.03891029,0.06468484,-0.009359922,-0.009659406,0.023328073,0.019491479,-0.0073613003,-0.020372976,0.027470965,0.0031941298,-0.01554766
-0.032653652,0.07917903,-0.01834933,-0.011077208,0.023541,0.020714395,-0.008333976,-0.019280868,0.02691124,0.00045640895,0.05799049
-0.039366096,0.050343744,-0.0051256074,-0.012988738,-0.029144282,0.015392207,-0.012858977,-0.019754833,0.04206709,-0.00072406605,0.0629574
-0.030595753,0.026855158,-0.008062345,-0.017008806,0.018765409,0.011495092,-0.009259424,-0.015061298,-0.025124127,-0.023862213,-0.09610004
-0.036033805,0.027277887,-0.013225776,-0.014244935,0.018277453,0.014787055,-0.00778796,-0.014691415,-0.025293041,-0.017113203,-0.09533964
-0.024893146,0.051363345,0.026177986,-0.007081966,0.02414223,0.014500897,-0.0068267514,-0.013326952,-0.026694074,-0.011786123,-0.062062167
-0.033774957,0.06396904,-0.007907609,-0.0023498249,0.021330614,0.019969193,-0.010086798,-0.013918131,0.018439282,-0.010871341,0.017522924
-0.0283346,0.073428236,-0.020763116,-0.008120194,0.027926981,0.019147746,-0.014131635,-0.01312659,0.016611287,-0.02537939,0.07961116
-0.028683431,0.06900834,0.009927384,-0.0036813898,0.016691074,0.028271187,-0.007938581,-0.014009431,0.014344921,-0.0063025705,0.09243606
-0.032876797,0.023142114,-0.008404143,-0.021603176,0.022927241,-0.011521332,0.005542158,-0.016007371,-0.027290246,-0.015977794,-0.2881748
-0.03957135,0.022280795,-0.010905829,-0.01882573,0.020506712,-0.00790074,0.0086129075,-0.015683783,-0.027548091,-0.012767825,-0.23973134
-0.028132925,0.047299296,0.026518868,-0.0106179295,0.026108308,-0.0051305573,0.008745396,-0.014451003,-0.02809906,-0.005438534,-0.16804847
-0.035367187,0.05498502,-0.0078159785,-0.008804304,0.023334645,0.007877538,0.0057164645,-0.0149869835,0.02008298,-0.007455574,-0.06723733
-0.031201482,0.06828171,-0.016211867,-0.014708444,0.046893265,0.003435671,0.003952195,-0.01476765,0.019822733,-0.016396185,0.01148746
-0.033619683,0.053641647,0.005977446,-0.015440707,0.006238037,0.004393472,0.014917841,-0.015749596,0.017336918,-0.011774874,0.07815552
-0.030972168,0.021020127,-0.009544582,-0.018702447,0.01975643,-0.014266219,-0.0071555628,-0.014654736,-0.024947694,-0.031031545,-0.25136825
-0.03590589,0.020702692,-0.012141266,-0.016236307,0.019038606,-0.012494795,-0.007550522,-0.014233027,-0.025293527,-0.02388785,-0.27317846
-0.026880981,0.043304447,0.019614091,-0.008664092,0.022958923,-0.010630647,-0.00846153,-0.012990199,-0.025461597,-0.019314596,-0.23332652
-0.031207226,0.050633464,-0.0073364247,-0.0013915674,0.020704322,-0.0057680397,-0.007616631,-0.013323966,-0.024933284,-0.010155279,-0.16103917
-0.021846397,0.057569172,-0.014301675,-0.009776797,0.026362514,-0.011349677,-0.0066766106,-0.01270329,-0.02537434,-0.022653839,-0.10037289
-0.023581622,0.035533138,0.006034645,-0.009392247,0.030256545,-0.0096954405,-0.0074884878,-0.012586489,-0.024036167,-0.011289751,-0.09925073
-0.019365989,0.06319347,-0.0033086757,0.0049831015,0.053004716,-0.006844686,-0.008336607,-0.01211729,-0.025356535,-0.00079079054,-0.058590803
-0.019904384,0.030938588,-0.0066211806,-0.02370861,0.020886086,-0.009191174,-0.015848784,-0.015984772,-0.022169236,-0.010278284,-0.36212495
-0.03451603,0.025308315,-0.010874933,-0.02102977,0.017598508,-0.00927789,-0.014567568,-0.01559913,-0.022329953,-0.012156245,-0.31081498
-0.023816401,0.04594876,0.025116846,-0.0127730705,0.021666253,-0.0057711164,-0.015156633,-0.014110939,-0.022513041,-0.013574561,-0.26429987
-0.030125352,0.052038915,-0.0045592715,-0.012776385,0.01664709,-0.01728039,-0.017392315,-0.014911145,-0.022012739,-0.01397147,-0.17024936
-0.020077635,0.07394831,-0.010514397,-0.013865154,0.056211263,-0.0012390933,-0.01714647,-0.014032028,-0.022722702,-0.012143699,-0.17304787
-0.027960693,0.028212564,-0.0071151163,-0.025254827,0.027738431,0.042859185,0.04055677,-0.017835028,-0.023788532,0.0038099906,-0.1991731
-0.04303403,0.029593544,-0.0144659495,-0.023822894,0.013406042,0.04165031,0.03181559,-0.01767485,-0.024646519,0.00201132,-0.07078173
-0.030385002,0.058450706,0.030661678,-0.013694416,0.03027587,0.04934649,0.04421196,-0.015959846,-0.024916438,0.008395138,-0.01935242
-0.039200734,0.0828079,-0.0077935904,-0.017608333,0.020000303,0.038471993,0.048643865,-0.013948335,-0.02461213,0.0050667273,0.22405136
-0.030524308,0.10166022,-0.017025685,-0.016598133,0.050249036,0.041016627,0.04619558,-0.011847922,-0.026806582,0.002565457,0.22367842
-0.02659841,0.08368915,0.0077516087,-0.018512215,0.033702433,0.04753858,0.05448775,-0.008696747,-0.024693789,0.008180793,0.25891656
0.01721627,0.0048058615,-0.012146595,-0.020224558,-0.013676786,-0.06023887,-0.0027537858,-0.023304187,-0.03335527,0.005024167,-0.42587036
0.012693473,0.003992547,-0.0063568186,-0.022875084,-0.017233366,-0.05529249,-0.0032691322,-0.02368259,-0.032011833,0.0059497836,-0.4257801
0.043929864,0.0246096,-0.0006027271,-0.0063742176,-0.012142935,-0.05874354,0.005539135,-0.0284734,-0.037715252,0.0048078084,-0.4283576
0.050042156,0.02706587,0.009601125,-0.007375911,-0.009065898,-0.051664278,0.0045464407,-0.028054092,-0.03499324,0.0022799594,-0.38976672
0.060495656,0.04127897,-0.0070596593,-0.014934505,-0.01095425,-0.052694067,0.008045371,-0.029614024,-0.03614876,0.0036691267,-0.35436946
0.073510304,0.036745273,0.0033902056,-0.011695578,-0.018050862,-0.05175727,0.008977034,-0.02472076,0.00688513,-0.0009453605,-0.31339377
0.06062145,-0.02731279,0.015535351,-0.011030689,-0.005758537,-0.03305511,-0.011541927,-0.017543348,-0.022992251,-0.0018151168,-0.3401223
0.06557496,-0.010052122,-0.005501338,-0.017163057,-0.003057897,-0.028654914,-0.011231677,-0.018925756,-0.024627788,0.0008160169,-0.285608
0.07255585,0.023515482,0.0042596892,-0.013437848,-0.011306917,-0.025056185,-0.012540897,-0.015281422,0.014321547,-0.0035509248,-0.2502091
0.014130363,0.0023196605,-0.01239042,-0.014813905,-0.0075777904,-0.08038834,-0.008483855,-0.018758005,-0.029570524,0.01445557,-0.34676623
0.005494717,-0.00042136275,-0.009547559,-0.018361256,-0.018668972,-0.08294274,-0.010901541,-0.01906593,-0.028078135,0.009848657,-0.32630536
0.035329785,0.025503641,-0.0032633753,-0.00014809935,-0.013526326,-0.08054076,-0.01042624,-0.017538251,-0.030229835,0.02336485,-0.350098
0.03923945,0.023562431,0.006629302,0.00036736066,-0.021132432,-0.0827322,-0.01313277,-0.017681016,-0.025802337,0.025242655,-0.31922174
0.052030448,0.04023505,-0.0075807124,-0.008653351,-0.017152485,-0.078025445,-0.013136104,-0.018960206,-0.027979158,0.025096122,-0.28575298
0.07241588,0.045921367,0.0008095936,-0.00067505974,-0.017467557,-0.0718695,-0.011624127,-0.014048721,0.016253896,0.04190623,-0.25519425
0.01302085,-4.9852453e-05,-0.014822059,-0.024418227,-0.012889169,-0.056016684,-0.00086959335,-0.02254336,-0.034688238,0.011417007,-0.37444052
0.0077263196,-0.0021470273,-0.010180681,-0.027124286,-0.021072024,-0.05340184,9.652518e-05,-0.022918906,-0.033066366,0.0077839643,-0.38038236
0.044714507,0.022226213,-0.0036645613,-0.009851609,-0.013867423,-0.057022598,0.009115735,-0.027715636,-0.038557395,0.019484084,-0.38219428
0.05611843,0.0250688,0.008461001,-0.004465965,-0.011425688,-0.03728598,0.014797284,-0.027560493,0.008710876,0.045384742,-0.33322415
0.064075395,0.045721956,-0.009540375,-0.01845737,-0.013246039,-0.043005776,0.018214624,-0.029448489,0.012489116,0.04205003,-0.14784402
0.10386692,0.054189634,0.0058653876,-0.006773557,-0.018494636,-0.021247571,0.022874484,-0.024811145,0.010242139,0.04743706,-0.0068141785
0.017096464,0.0038142898,-0.013138215,-0.020351078,-0.0144851515,-0.052699633,-0.01993692,-0.019131703,-0.029469682,-0.021701485,-0.367958
0.012458013,0.0025576274,-0.006931198,-0.023566017,-0.017166827,-0.04826995,-0.020747274,-0.01948964,-0.027980646,-0.020633541,-0.36376575
0.036312044,0.023395542,-0.0012125268,-0.007318248,-0.015322487,-0.05086807,-0.01990057,-0.017924111,-0.030302884,-0.022042654,-0.36887398
0.04586855,0.026632091,0.010230857,-0.0066269627,-0.012411635,-0.041486267,-0.019513784,-0.017839307,-0.02776202,-0.01958114,-0.34733093
0.053487573,0.043561053,-0.0071642674,-0.014817168,-0.012013736,-0.046235617,-0.018151611,-0.01927752,-0.028574744,-0.021330241,-0.272734
0.069188304,0.04318495,0.00326471,-0.008705711,-0.016181502,-0.040935237,-0.017176116,-0.014418857,0.014367954,-0.0067781755,-0.2720776
-0.07963944,0.05430563,-0.012474472,-0.022475928,0.0147832185,0.09928618,-0.022873323,-0.012161121,-0.023672013,0.028096402,0.20184913
-0.09509162,0.057713382,-0.012340382,-0.02712367,0.015392229,0.0932901,-0.024381092,-0.0119265495,-0.026076408,0.020561403,0.16987625
-0.08733598,0.052800983,-0.014370003,-0.02130334,0.015668249,0.09318983,-0.024114367,-0.01217392,-0.021976614,0.020769458,0.17240778
-0.08416957,0.07610544,0.008268132,-0.011552708,0.0101533085,0.07444511,-0.022738246,-0.010887793,0.009143038,0.02851234,0.2115405
-0.08639111,0.07442031,0.005496335,-0.012965963,0.008006094,0.071282595,-0.02457676,-0.01105781,0.006751051,0.020230645,0.1922606
-0.07922908,0.0895026,-0.0055297194,-0.024078103,0.012688286,0.07917887,-0.023444531,-0.010870244,0.009345039,0.029985499,0.20260423
-0.07664216,0.09324872,-0.007005462,-0.02320874,0.014769994,0.07945487,-0.023553153,-0.011319872,0.013419105,0.028064584,0.18751685
-0.05588796,0.09536903,0.0023241106,-0.009675361,0.015005339,0.0759143,-0.024816731,-0.011208461,0.022004288,0.03351714,0.20370069
0.0037689179,0.07879999,-0.013861671,-0.010797941,0.01710105,0.13422668,-0.02063911,-0.0033097167,0.040104367,0.035378847,0.17464235
-0.001980587,0.07786052,0.014298067,-0.013970811,0.014161925,0.12578166,-0.01837127,-0.0021396878,0.038504567,0.031248568,0.24269064
0.010118166,0.08083092,-0.03467314,-0.022656616,0.015340887,0.12855725,-0.019491779,-0.0032228131,0.03674902,0.03041037,0.26971284
-0.035266787,0.07388829,0.041924924,-0.03511843,0.006017373,0.08877113,-0.017647633,-0.007400622,0.043406043,0.043939367,0.2777623
-0.03014435,0.08420973,0.043000907,-0.022468336,0.0070081125,0.08943178,-0.01765287,-0.008055554,0.045715097,0.046843216,0.25198582
-0.030094426,0.075701624,0.037615042,-0.024815353,0.00781534,0.09227421,-0.017383033,-0.0105872415,0.037166256,0.04500934,0.27025434
-0.015111038,0.0797545,0.0082741305,-0.02712969,0.0066479854,0.09174426,-0.021385571,0.026547443,0.040709443,0.050014526,0.25903782
0.011987293,0.06841145,-0.02582049,-0.027971081,0.0018922526,0.09735022,-0.02219049,0.03600919,0.045201965,0.047893535,0.29049686
0.023935694,0.07687825,0.0014410452,-0.02471644,0.0015692794,0.10334573,-0.023459602,0.016693566,0.017485145,0.0414943,0.28997847
0.010818301,-0.0004842977,-0.013803792,-0.014824829,-0.010066791,-0.07796105,-0.014973572,-0.018874403,-0.027626768,0.021383855,-0.36792815
0.03941002,0.01931961,-0.0043363934,-0.0023167613,-0.010110249,-0.07599844,-0.014394341,-0.018299926,-0.026470294,0.02795742,-0.36907202
0.057093635,0.042439282,-0.008958012,-0.0118451025,-0.008430625,-0.06811334,-0.014914509,-0.016790831,0.018756343,0.04592328,-0.34189934
0.08294667,0.06821188,0.003587386,0.0005823732,-0.00972455,-0.0647857,-0.014577573,-0.012464868,0.022026021,0.07827281,-0.1790356
0.012885023,0.0023212961,-0.011928082,-0.014609394,-0.010305784,-0.064178824,-0.017061858,-0.019054677,-0.026751136,0.016029917,-0.4072076
0.012225967,0.0019988245,-0.011650213,-0.014730596,-0.010199186,-0.071397066,-0.017727273,-0.01888616,-0.026964534,0.01340575,-0.36501575
0.038033776,0.022179965,-0.0011383151,-0.00060815125,-0.009687342,-0.06876889,-0.01866044,-0.018311683,-0.025796628,0.024193168,-0.35935137
0.051910058,0.042708375,-0.00746731,-0.011517047,-0.009698413,-0.06921559,-0.018927597,-0.01675919,0.016171841,0.029249037,-0.2627392
0.0725275,0.06204081,0.0013254423,-0.0007545239,-0.011414277,-0.0625322,-0.02101682,-0.013044224,0.019724846,0.0426651,-0.19393863
0.011983428,0.00079430774,-0.012907528,-0.016014365,-0.009500871,-0.0703831,-0.00531923,-0.018888518,-0.028905494,0.01645523,-0.33759153
0.042712625,0.022035938,-0.0022875543,-0.0016447768,-0.0090492405,-0.0669909,-0.0011349537,-0.018329464,-0.02780922,0.029376898,-0.34502462
0.057399355,0.049457222,-0.0061800387,-0.012159176,-0.012633493,-0.07122973,0.012285037,-0.018670017,0.051372394,0.037456397,-0.2561117
0.08591876,0.06945345,0.0049016187,-0.0014915061,-0.012240474,-0.063012786,0.016579844,-0.011570934,0.056877777,0.05314736,-0.114185974
0.028849086,0.011044197,0.017308848,-0.012397487,0.058739882,0.03223509,-0.00137009,-0.036828913,-0.036199674,0.0041616377,-0.24895597
0.045858745,0.049112298,-0.00709718,0.006062531,0.077114746,0.029586013,-0.0030952399,-0.030769095,-0.0332981,0.0019246058,-0.11575089
-0.025651455,0.026890388,0.017626723,-0.016821722,0.027726162,0.049070705,0.006777981,-0.027097922,0.0071243863,0.024622416,-0.088584855
-0.038904976,0.06125355,-0.011459084,-0.0032564346,-0.019600296,0.04103185,0.002348918,-0.020701682,0.0054609757,0.018554527,0.0050517353
-0.030424593,0.072025225,-0.020787977,0.00874296,0.010831764,0.045760516,-0.0020538706,-0.018678239,0.0077530686,0.028551318,0.06252863
0.002989047,0.13328004,0.03465361,0.015290993,0.04633078,0.07078358,0.009255472,-0.01859581,0.0129810395,0.047552485,0.24530017
-0.03437512,0.013572799,0.0123351,-0.00402742,0.043167163,-0.039060667,-0.0062267296,-0.017103584,-0.032292996,0.004237409,-0.33675104
-0.02157406,0.033078674,0.0082854545,-0.008868491,-0.012730851,-0.04016613,-0.0066352417,-0.0141488565,-0.027760688,0.00010496371,-0.27500334
-0.027836554,0.053092405,-0.015872784,-0.022908913,-0.012212479,-0.048114903,-0.008317161,-0.012680725,-0.03214507,-0.000517957,-0.2209209
-0.015974613,0.059176337,0.008222927,-0.007465578,-0.014833283,-0.051385153,-0.004976771,-0.014514084,-0.03046046,-0.0035200943,-0.24262291
-0.035844177,0.015166399,0.015756156,-0.010249747,0.026638115,0.029721629,-0.013772227,-0.027575422,-0.035541587,0.00028172942,-0.23880294
-0.034454644,0.03459415,0.0101758,-0.013725029,-0.0126746325,0.03079385,-0.014934343,-0.02752978,-0.038461484,-0.0071826,-0.18347448
-0.030526552,0.055287145,-0.013438696,-0.027177196,-0.0008826625,0.02714424,-0.015925031,-0.026519664,-0.039438326,-0.0073739607,-0.14884156
-0.033163607,0.06612333,0.014073438,-0.010397209,-0.013485563,0.021441204,-0.012650953,-0.026567409,-0.04016639,-0.0032344789,-0.13918974
-0.036684345,0.033179432,-0.019128827,-0.029543597,0.031394765,0.018067189,-0.013016721,-0.025128607,-0.03757533,-0.00744094,-0.07674042
-0.03398276,0.021026611,0.016415559,-0.01551373,0.018213931,0.015773665,-0.0059103565,-0.0243719,-0.034821972,-0.0097354995,-0.15977108
-0.023978086,0.032899555,-0.009773815,-0.012626529,-0.009750274,0.012179442,-0.00949207,-0.021201108,-0.035817333,-0.0042179367,-0.12600434
-0.024719397,0.034879968,-0.009881131,-0.012222292,-0.009128447,0.01066267,-0.009507,-0.021425197,-0.035852037,-0.0040762,-0.10304995
-0.034324024,0.034271773,-0.011616034,-0.013803238,0.021080779,0.009226959,-0.010912017,-0.0200791,-0.035300016,-0.009242017,-0.07206502
-0.032411467,0.047069833,-0.010931726,-0.014569483,0.016922558,0.005664744,-0.010810145,-0.01958363,-0.035363764,-0.009712234,-0.07375352
-0.032664638,0.04483897,-0.010836566,-0.014571674,0.016649859,0.0060735126,-0.011394707,-0.01958363,-0.034286704,-0.009811001,-0.102801695
-0.029095115,0.052553724,0.008301789,-0.011788447,-0.011134091,0.004450141,-0.007619705,-0.020424193,-0.03510098,-0.0067212903,-0.10769872
-0.019559683,0.056416385,0.008201867,-0.011285801,-0.01088128,0.0044568544,-0.011487807,-0.02056746,-0.035818573,-0.0062065246,-0.10924439
-0.016929232,0.059010793,0.006801973,-0.011563857,-0.011455206,0.0055828085,-0.013035405,-0.020660905,-0.036752816,-0.0049989787,-0.039071515
-0.020044908,0.034660403,0.0063445168,-0.012668827,-0.011368324,0.0046015684,-0.014556258,-0.021029683,-0.03607777,-0.0059304195,-0.018780462
-0.017828517,0.035790592,-0.019927202,-0.018441895,0.033281434,0.0037558195,-0.014419564,-0.019472297,-0.034857936,-0.007717516,-0.08287694
-0.016751377,0.035260875,-0.017734403,-0.018134197,0.034186967,0.004410195,-0.013744678,-0.019363027,-0.034254625,-0.007284596,-0.10810493
-0.017003406,0.036033772,-0.011910152,-0.017460218,0.019316863,0.0037017528,-0.014257291,-0.019041147,-0.034926075,-0.007342186,-0.07566352
-0.013925636,0.03517453,-0.011760344,-0.01717868,0.01932667,0.0037492628,-0.014655271,-0.019041147,-0.034927122,-0.008421384,-0.06878004
-0.014890612,0.033603005,-0.011124363,-0.01736802,0.020297829,0.003942928,-0.01470295,-0.019073797,-0.034811284,-0.006895396,-0.07962849
-0.015358032,0.033201665,-0.011109943,-0.01736802,0.020286784,0.0039770096,-0.01470295,-0.019073797,-0.034811284,-0.006895396,-0.07961412
-0.01277728,0.032693904,0.017476097,-0.013425467,0.020317756,0.0053919405,-0.011801621,-0.020465754,-0.03461858,-0.009300858,-0.07408076
-0.01725715,0.050986294,0.014244153,-0.014351834,0.019144397,0.0045918585,-0.011906437,-0.020538723,-0.034613643,-0.008107847,-0.033947095
-0.0146056,0.06419982,-0.013159974,-0.014341878,0.020108769,0.005255659,-0.014355615,-0.019254701,-0.0344455,-0.006832096,-0.015028134
-0.015633838,0.06524375,-0.016702587,-0.015315948,0.01875605,0.0067722565,-0.01640593,-0.019353855,-0.03282159,-0.0064483616,0.03668799
0.010938011,0.07517807,0.06605779,-0.010703783,0.043344896,0.024395829,-0.012253412,-0.023900636,-0.03724705,-0.011767349,0.047494307
-0.023048038,0.056937125,-0.02297961,0.03706066,0.05665289,0.0415229,0.015293428,-0.018296715,-0.032557808,0.013549381,0.2895013
-0.02188058,-0.041923758,-0.014487661,-0.016586581,0.04378922,-0.048090532,0.008174187,-0.007923134,0.018940767,-0.013117957,-0.31724736
-0.0028702,0.004726154,0.01633224,-0.012203446,0.05227223,-0.052757584,0.007975479,-0.015159583,0.022388732,-0.014652617,-0.29063037
-0.0054417993,0.029778836,0.009522995,-0.012003637,0.04028308,-0.050018985,0.012384195,-0.013128814,0.025170151,-0.005054329,-0.16416137
-0.028129881,0.041586656,0.028563129,-0.018719869,-0.008519235,0.09636335,-0.010311672,-0.016207458,-0.022904443,0.0008594688,0.082733154
-0.02033326,0.07010677,-0.020066146,-0.015306651,-0.0041186814,0.09380167,-0.009472236,-0.0064486302,-0.022028498,-0.00092994946,0.21067232
-0.0034201567,0.09173884,-0.014821665,-0.009905539,-0.008764842,0.095216356,-0.009680445,-0.0055501303,-0.026264131,0.00025573408,0.19128396
-0.0068292473,0.11394127,0.04481824,-0.01518169,-0.003394564,0.099797495,-0.0040818593,-0.011771526,-0.028133377,-0.0033379085,0.21826461
0.008589237,0.09982241,0.032541975,-0.00069050974,0.0048400033,0.119508654,-0.007050982,-0.005724065,-0.020318573,0.008920631,0.28234407
-0.0015582016,0.09561682,0.012154279,-0.0035977645,0.0021581487,0.12586948,-0.009880718,-0.0024697776,-0.020920034,0.001134652,0.44618434
-0.052029576,-0.100164644,-0.0148762725,-0.012792576,-0.01603459,-0.19163643,-0.019890686,-0.009481354,-0.025737057,0.01465331,0.19982125
0.0028903254,0.034780066,0.031743024,0.0007054528,-0.009311374,-0.051135015,-0.009247353,-0.01636954,-0.026276676,0.015625322,-0.14010221
0.007850883,0.04556382,0.008578168,0.0020785213,-0.021282509,-0.04925201,-0.011416596,-0.01651828,-0.027465835,0.014333882,-0.06948545
0.014397462,0.043431766,0.018106803,0.0043314323,-0.012872397,-0.046933416,-0.0073809414,-0.016037166,0.022334803,0.014644583,-0.07449009
0.02714163,0.042254288,0.023046192,0.00012795169,-0.021257436,-0.05509637,-0.015193751,-0.018374363,0.020806089,0.01825161,0.051562693
0.06200717,0.053013217,0.044013,0.006735249,-0.016634949,-0.109620556,-0.021876479,0.03193244,0.056459676,0.014411116,0.07666784
0.03604579,0.03542871,-0.012381855,-0.014504685,-0.00787841,0.025937092,-0.018745376,-0.03741121,0.112061724,0.014800969,0.19025096
0.05234151,0.07391636,-0.0027760197,-0.011010846,-0.007433873,0.026698882,-0.018208532,-0.033534862,0.11836629,0.0143465595,0.21386606
0.07663156,0.07567721,0.00046101128,-0.008354685,0.021135613,0.05866366,-0.023213364,0.07187517,0.09027607,0.021408617,0.2292174
0.044394586,0.067647144,-0.010200209,-0.0064181704,-0.035205502,0.07736213,-0.028466353,0.093890876,0.06454661,0.014942456,0.37701073
0.10027786,-0.31863937,-0.020308482,-0.022902403,0.013236187,0.00660878,-0.009276196,-0.013833736,-0.03621772,-0.0007598714,0.37837732
0.1619191,-0.014143896,0.030546635,0.02202385,0.049628362,-0.0012516349,-0.025603054,-0.024781141,-0.032547493,0.00561785,0.12081099
-0.0066586896,-0.021137495,-0.055635635,-0.030623522,-0.039909046,-0.021228647,-0.033755418,-0.027403153,-0.04286782,-0.013206226,0.06988232
0.056013715,0.019734409,-0.014101777,-0.012281618,-0.023254683,-0.016640183,-0.024893045,-0.024966966,-0.03897053,-0.0046038497,-0.1845468
0.036579855,0.043762136,0.0034722623,-0.015341088,-0.018213507,-0.011470934,-0.023568476,-0.02807817,-0.04063663,-0.008295992,-0.19060071
-0.028682362,0.015534392,0.0013925163,0.022064835,-0.03109978,0.029334374,0.007177999,-0.007898209,0.06702222,0.014693422,-0.35101625
0.054970585,0.089500464,0.02553174,0.027892571,0.024662117,0.049569342,0.029599443,-0.029691448,0.16891812,0.020130858,-0.15855527
0.076823354,0.15617421,0.13174549,0.1347704,0.14570661,0.10163459,0.029698474,0.13737765,0.14696422,0.069335245,0.36358705
0.020325886,0.08211837,-0.0053854566,0.04403407,5.7676007e-05,0.09964832,0.037084714,0.093324386,0.11907698,0.028151657,1.062243
0.06544986,-0.1700857,0.006140466,-0.025454182,-0.012417748,-0.07994899,-0.01603834,-0.014926028,-0.017769132,-0.0064930166,-0.1684657
0.06330686,-0.11676235,0.014418779,-0.020036222,-0.012017015,-0.065669924,-0.0141143035,-0.015262128,-0.021136284,-0.009969917,-0.25049606
0.061967626,-0.035901327,0.01503282,-0.019768931,-0.012829063,-0.072171845,-0.01463861,-0.01511177,-0.022970723,-0.010032572,-0.32273525
0.05806358,-0.026942192,-0.010196323,-0.0049375338,-0.012607425,-0.057121657,-0.018816289,-0.01129356,-0.01889779,-0.0066102627,-0.30374277
0.069835424,0.013506388,0.02690475,-0.021902125,-0.009033095,-0.06600361,-0.017288283,-0.012561377,-0.019986892,-0.0039637247,-0.2443205
0.040662304,0.01763173,-0.008309063,-0.0023961768,-0.016010223,-0.06660133,-0.023266919,-0.0107477885,-0.02014673,-0.0071900897,-0.1980519
0.0373296,0.027900478,0.010368392,-0.002273716,-0.015475141,-0.06342387,-0.024410728,-0.017298989,0.042772423,-0.02250367,-0.24928223
0.060088214,-0.17654148,0.00453219,-0.028229922,-0.014313337,-0.07915002,-0.018745225,-0.016208736,-0.021967607,-0.003807028,-0.116365634
0.06342085,-0.11152135,0.015599537,-0.022191156,-0.014389524,-0.066072695,-0.014462307,-0.016099013,-0.025166497,-0.004139777,-0.2466911
0.059634466,-0.030164553,0.015334505,-0.021962697,-0.015071038,-0.07268421,-0.015505487,-0.01594866,-0.026974782,-0.004584804,-0.30909708
0.05532105,-0.02220683,-0.011191009,-0.006564701,-0.014453705,-0.060106933,-0.01976362,-0.012126185,-0.022949107,-0.0006791658,-0.30915412
0.040828746,0.01611825,0.017488545,-0.01225229,-0.0145262815,-0.12364436,-0.025733544,0.002408185,0.048499346,-0.0038971866,-0.3025144
0.03011599,0.01917291,-0.013829608,-0.004655733,-0.017364843,-0.11226567,-0.028851604,-0.00851134,0.051805224,-0.003357999,-0.26244348
0.023322634,0.022848614,0.007183475,-0.0039741797,-0.018072171,-0.110553555,-0.028550344,-0.010395405,0.047427427,-0.002767341,-0.2608505
0.03882921,0.050501037,-0.016950732,-0.0012063541,-0.014800199,-0.109411106,-0.027781991,-0.014955832,0.050913163,-0.010393817,-0.2537787
0.027273644,0.035322998,-0.0041124932,0.00049351616,-0.017475467,-0.10783954,-0.027942894,-0.00711019,0.04701468,-0.00894858,-0.20933425
0.06583279,-0.16267286,0.0067174267,-0.02592787,-0.012147912,-0.077971384,-0.016025286,-0.014535603,-0.017947588,-0.013997624,-0.18152736
0.06502749,-0.11539378,0.014896363,-0.020141434,-0.012797455,-0.06524867,-0.014581292,-0.015108716,-0.02127397,-0.017109862,-0.26455197
0.06289979,-0.033598404,0.015799176,-0.020092132,-0.013485199,-0.0715304,-0.01532745,-0.014958359,-0.023057556,-0.016885968,-0.3222075
0.05840847,-0.02464929,-0.0101304855,-0.0059380597,-0.012737328,-0.0572868,-0.019815365,-0.011079723,-0.019035948,-0.013613906,-0.3087719
0.07073413,0.014658032,0.0263097,-0.02129614,-0.006334819,-0.06020335,-0.017315969,-0.0122840535,-0.020391617,-0.011071606,-0.32431242
0.06041099,0.020060193,-0.009960061,-0.0021998163,-0.0054971515,-0.055962127,-0.020538352,-0.009800155,-0.01993043,-0.010314213,-0.23847695
0.040666178,0.027353792,0.013922767,-0.0031690104,-0.007494042,-0.05774821,-0.023236638,-0.009994644,-0.019172145,-0.011674851,-0.1769487
0.048339948,0.03506373,-0.018528434,-0.0018347164,0.0032874704,-0.06934884,-0.022247152,-0.010119978,-0.01978171,-0.018561931,-0.15727976
0.058325764,0.038014404,0.0022459168,0.003964828,0.0027039181,-0.06781137,-0.021542646,-0.009459132,-0.018667107,-0.017250553,-0.19348557
0.06911594,-0.15518169,0.006324778,-0.027486615,-0.012941813,-0.06388314,0.005485924,-0.016255973,-0.023601832,-0.0063732387,-0.15531817
0.06653862,-0.11600854,0.013876916,-0.023146458,-0.01420967,-0.061374716,-0.0011086838,-0.016454002,-0.026087964,-0.008439018,-0.18016417
0.06294323,-0.032346573,0.014310014,-0.022951553,-0.015012135,-0.06913237,-0.0015539053,-0.016303647,-0.027882574,-0.008592378,-0.23878461
0.057018235,-0.02469423,-0.011130976,-0.007326072,-0.014261231,-0.056192253,-0.005948945,-0.012643906,-0.024132587,-0.00478911,-0.23619533
0.075945154,0.016212128,0.026530795,-0.023388432,-0.008604754,-0.05860822,-0.0012780797,-0.013566706,-0.025767209,-0.0038954492,-0.23805398
0.05169968,0.022486074,-0.01127475,-0.00310219,-0.008735319,-0.053391058,-0.0028732268,-0.01168179,-0.026317678,-0.005339428,-0.119013175
0.02814164,0.033143774,0.0089254035,-0.0072601303,-0.012725218,-0.06327078,-0.0072773364,-0.017421141,0.039357506,-0.0061493274,-0.090414196
0.03152427,0.041248083,-0.019096507,-0.0053355456,-0.012450379,-0.064869635,-0.0050750864,-0.014562081,0.039407182,-0.013459348,-0.0954592
0.03750094,0.044736184,-0.0021301243,0.0009922566,-0.010500979,-0.06293125,-0.004147739,-0.013992547,0.039305083,-0.011744883,-0.101991005
0.06836891,-0.16387473,0.005132597,-0.026721768,-0.010968163,-0.07829256,0.0038540445,-0.01477169,-0.019092767,-0.005128555,-0.17580701
0.066592574,-0.11766981,0.0146638425,-0.022017466,-0.013081831,-0.06693951,-0.0011911663,-0.015472984,-0.022537228,-0.009327441,-0.25145757
0.06631182,-0.040690593,0.015498213,-0.0218709,-0.014053791,-0.07189567,-0.0014418237,-0.0153271165,-0.024385814,-0.009826268,-0.30626443
0.06414412,-0.04549896,-0.011467241,-0.0047976123,-0.013522478,-0.06298846,-0.0052982806,-0.011438029,-0.019580187,-0.006785524,-0.30039427
0.06464346,0.00590559,0.02400674,-0.022499813,-0.011386631,-0.06690797,-0.0027843295,-0.012805013,-0.021940224,-0.010618891,-0.2945712
0.052886788,0.01242115,-0.010550395,-0.0042638946,-0.013762357,-0.060687378,-0.006000372,-0.010560897,-0.022075752,-0.009980527,-0.25511485
0.05224085,0.025531147,0.010249424,-0.0026384783,-0.014065559,-0.059587937,-0.005996228,-0.00993588,-0.021176308,-0.006075945,-0.2528943
0.11498326,0.06736954,-0.011596489,0.0014358084,0.014880126,-0.056880012,0.0018440324,-0.0092761675,-0.0203023,0.02734537,-0.159785
0.115123205,0.058239024,0.009057231,0.005068871,0.010634042,-0.05686361,0.0050393734,-0.010284359,-0.016619448,0.019114207,0.09155109
-0.04686116,-0.360751,0.0042732386,-0.04789703,-0.04126961,-0.11409461,0.0035913412,-0.010164699,-0.029617758,-0.007838001,0.07413107
-0.026986143,-0.11780737,0.010400063,-0.019570198,-0.00013137638,-0.07872551,0.015191835,-0.014667291,-0.027745882,-6.8052526e-05,-0.30561557
-0.032299478,-0.044696465,0.009111132,-0.022033408,-0.0022467508,-0.0867961,0.014373597,-0.015232076,-0.028295135,0.0009648268,-0.36257875
-0.030283779,-0.046097983,0.026738903,-0.019039737,-0.010939186,-0.085320875,0.012481395,-0.015163172,-0.035820015,0.0020610676,-0.33774772
-0.022560885,-0.0066327713,-0.015313768,-0.022888778,-0.01136155,-0.08722924,0.01854226,-0.01225475,-0.031097624,0.0013584219,-0.34696776
-0.015970243,0.0034650478,0.0021771695,-0.021465845,-0.012801585,-0.08892227,0.011476543,-0.01787824,-0.032225925,0.00082780235,-0.35279614
-0.017643895,0.010886316,0.008532012,-0.032328423,-0.01697537,-0.09093803,0.01064782,-0.014199206,-0.032705516,0.0010662427,-0.33863288
-0.01711843,0.021910636,0.0120700905,-0.032260045,-0.019341929,-0.0915953,0.009458566,-0.016360162,-0.03333111,0.000842242,-0.31849033
-0.02355067,0.034811184,0.013196539,-0.016220724,-0.028441833,-0.09060022,0.009263627,-0.015290538,-0.038032275,-2.2491871e-05,-0.33305338
-0.02451535,0.025618639,0.013198243,-0.031701066,-0.017316768,-0.09213861,0.008712366,-0.015301848,-0.0327953,0.00024154565,-0.32334784
-0.05025476,-0.3741861,0.004036238,-0.052609667,-0.042506438,-0.11258873,0.0010515215,-0.010162778,-0.030394927,-0.029253554,0.070199944
-0.027623532,-0.11929887,0.010270252,-0.02233578,-0.0005950341,-0.074725576,0.012432952,-0.014739494,-0.028575212,-0.015129047,-0.37199393
-0.03227038,-0.04413283,0.009208324,-0.024798987,-0.002710407,-0.08096013,0.011729427,-0.015304276,-0.029124465,-0.013877079,-0.42894426
-0.029050328,-0.045080416,0.026377862,-0.021629417,-0.010743622,-0.07988728,0.009731512,-0.015417736,-0.036649335,-0.012474964,-0.44062626
-0.020781443,-0.0055444,-0.015454152,-0.025662372,-0.011149795,-0.08118097,0.01579579,-0.012509318,-0.03192694,-0.012446973,-0.4450323
-0.015341529,0.004592271,0.0020625389,-0.024337035,-0.012659151,-0.08204078,0.008779113,-0.01813281,-0.033055242,-0.012760458,-0.45715472
-0.016767966,0.01107303,0.008241315,-0.035141177,-0.016592335,-0.08444451,0.007907361,-0.014453775,-0.033534836,-0.012584238,-0.44696766
-0.016440704,0.02252098,0.011776495,-0.035361003,-0.017678399,-0.08410821,0.007947737,-0.01670228,-0.034124285,-0.012375528,-0.44920173
-0.022924028,0.03477336,0.0129114585,-0.01923202,-0.026667386,-0.08268271,0.007660591,-0.015707105,-0.038617503,-0.012665478,-0.465561
-0.025878193,0.02520924,0.012529961,-0.034717534,-0.016233072,-0.08462121,0.00710933,-0.015586755,-0.033624616,-0.012911473,-0.42933357
-0.04191719,-0.27456772,-0.0045569506,-0.042090226,-0.032480683,-0.08801461,0.011619397,-0.01189801,-0.028424865,-0.00883624,-0.012982394
-0.025766637,-0.117579944,0.010938752,-0.019220741,-0.008349024,-0.07963749,0.015294132,-0.014388205,-0.027757222,-0.0011964937,-0.26134166
-0.03041708,-0.044510826,0.009585072,-0.021415003,-0.010449595,-0.08800095,0.014426863,-0.014952983,-0.028306475,-0.00016361552,-0.32062224
-0.030440364,-0.04609031,0.027335823,-0.019157322,-0.010375264,-0.08578989,0.012480287,-0.015163172,-0.035820015,0.0021048728,-0.3297691
-0.022603655,-0.006625098,-0.015424282,-0.022933438,-0.011384598,-0.08801347,0.018545168,-0.01225475,-0.031097624,0.0014022267,-0.33943075
-0.0163808,0.003491361,0.0016362669,-0.021734271,-0.012865783,-0.08901615,0.011525573,-0.01787824,-0.032225925,0.00087160734,-0.3593675
-0.018046552,0.010700771,0.0082950955,-0.032326777,-0.016811594,-0.09155379,0.010604788,-0.014199206,-0.032705516,0.0013110518,-0.34235847
-0.017515577,0.022143964,0.011638038,-0.032352876,-0.018628368,-0.09128095,0.010643273,-0.016447708,-0.03333111,0.0013639185,-0.34483808
-0.024229418,0.034240395,0.012701138,-0.01641093,-0.023836408,-0.09086019,0.010823526,-0.01543,-0.038267482,0.00035506036,-0.36120352
-0.025525983,0.025512494,0.012499773,-0.03144243,-0.016533157,-0.09149512,0.010132589,-0.015396665,-0.0327953,0.0006914737,-0.3509508
-0.044382032,-0.29608935,0.0034626925,-0.0421838,-0.031567927,-0.085378885,0.012003557,-0.011898642,-0.026199743,-0.008584314,0.0314414
-0.025232956,-0.11788024,0.011347826,-0.018154072,-0.008988771,-0.076278605,0.01417684,-0.014300659,-0.027757222,-0.0015583654,-0.2422365
-0.030955803,-0.04488292,0.010058894,-0.020981872,-0.010876955,-0.084623285,0.013358602,-0.014865436,-0.028306475,-0.0005260528,-0.29944858
-0.028161908,-0.045810036,0.028101198,-0.01818617,-0.009900892,-0.08017991,0.01323349,-0.015163172,-0.035820015,0.0022078976,-0.3257086
-0.022412103,-0.007038987,-0.015385923,-0.022358213,-0.01185817,-0.08522792,0.017427878,-0.012167206,-0.031097624,0.0010397893,-0.32068685
-0.014906802,0.003772571,0.0024697813,-0.020976635,-0.013402204,-0.08391024,0.01231478,-0.01787824,-0.032225925,0.0009710698,-0.34358782
-0.017427402,0.01094048,0.008211814,-0.032070987,-0.017589161,-0.08657493,0.011537176,-0.014181593,-0.032705516,0.0014105143,-0.3335921
-0.016846498,0.021781627,0.012077924,-0.032083165,-0.01935197,-0.08881549,0.009494485,-0.016360162,-0.03333111,0.0010907572,-0.3168023
-0.023417804,0.034543004,0.013671711,-0.016026478,-0.02423134,-0.088835165,0.0092995465,-0.015267998,-0.038267482,2.296283e-05,-0.3323371
-0.024288673,0.025577297,0.01321523,-0.031524185,-0.017201837,-0.0901708,0.0087482855,-0.015301848,-0.0327953,0.0004821426,-0.3211006
-0.04656556,-0.30454242,0.0043870406,-0.041841853,-0.031385757,-0.076742515,0.011765361,-0.011744385,-0.02639682,-0.007179404,0.035154875
-0.024806887,-0.11731325,0.011213074,-0.018501375,-0.009172583,-0.06745515,0.015826939,-0.014308773,-0.027223807,-0.00029573543,-0.25644827
-0.031587794,-0.044976063,0.010069397,-0.021310305,-0.011067828,-0.07823287,0.013008053,-0.014803614,-0.02777306,0.0002845633,-0.29606873
-0.029560117,-0.046321705,0.028593143,-0.018254826,-0.010672826,-0.07432544,0.013007642,-0.015083736,-0.035296764,0.0029196548,-0.32376966
-0.021866623,-0.006872981,-0.015551895,-0.022529613,-0.011744813,-0.07674125,0.019072527,-0.012175317,-0.03057437,0.0022170078,-0.3343667
-0.016343506,0.0026948184,0.0014979488,-0.021130221,-0.013092517,-0.08138803,0.01008752,-0.01772887,-0.03170268,0.0012343767,-0.327246
-0.01849932,0.009870406,0.008367566,-0.031965587,-0.01763775,-0.08269324,0.009212857,-0.014049836,-0.03218227,0.0015773372,-0.3180492
-0.017381947,0.021391168,0.012088427,-0.03199755,-0.01926901,-0.08289698,0.009138486,-0.01629834,-0.033000607,0.0017553986,-0.31964114
-0.023582634,0.034220666,0.013724352,-0.016162973,-0.02250686,-0.083581865,0.008968357,-0.015267071,-0.037574753,0.0007783534,-0.33305192
-0.024160903,0.025072956,0.01330681,-0.031422608,-0.017252507,-0.08444277,0.008417096,-0.015300924,-0.032279085,0.0011082712,-0.32243824
0.011042135,0.06147103,0.036796972,-0.017001996,0.02366454,0.24454853,-0.00740842,0.0012587473,-0.0192496,0.009283299,0.44960573
-0.0060585653,0.06759002,-0.010670969,-0.02982775,0.023633625,0.22287041,-0.011530565,0.0047617205,-0.019348618,0.011349117,0.55780447
0.027914282,0.08117776,-0.005037316,-0.005947542,0.023075914,0.21805784,-0.011066263,0.0031308546,0.038085442,0.019787427,0.58719593
-0.048199065,0.13084114,-0.010177503,0.0055778585,0.065448605,0.0715354,0.04570581,-0.0064254124,0.11355464,0.015805125,1.0413969
0.014238399,0.14596042,0.031003438,0.032051675,0.075600706,0.07420557,0.04974582,-0.003721074,0.11093582,0.015886784,1.0879734
-0.008494562,0.08321177,-0.0081611825,-0.012101189,0.055895425,0.07440074,-0.00989315,-0.0059576863,0.08544101,0.07051172,0.55113304
-0.043486238,0.067992255,-0.01818515,-0.06968007,0.035661157,0.058618307,-0.0145116085,-0.018563334,0.01923,0.044705037,0.6538086
0.011095765,0.0767035,0.011506872,-0.00055923674,0.05680046,0.0939205,-0.005473106,-0.01323507,-0.032691292,0.055850595,0.42417142
0.06360456,0.17797773,0.13119964,0.027580056,0.07246202,0.11040833,-0.0043794154,-0.015528955,0.019357594,0.08785396,0.60794455
-0.04460704,0.03644336,-0.025181685,-0.063630804,0.036691513,0.06718049,-0.02138214,-0.01974835,0.0006966757,0.039530803,0.88618225
-0.044132404,-0.16331021,0.0005210353,-0.01856629,0.023732668,-0.19327351,-0.016318241,-0.0070162956,0.022586107,-0.070938885,0.29515517
0.0028035105,0.010491856,0.0016007988,-0.003285486,0.03626448,-0.05964063,-0.011319889,-0.013736899,-0.01948461,-0.007950414,-0.086895615
0.019602472,0.030475728,0.0127323,0.000120759774,0.057757344,-0.059093717,-0.010407511,-0.010873446,-0.019502545,-0.0069086156,-0.08759215
0.02610038,0.05174675,0.02123811,-0.0007601601,0.009261463,-0.056136183,-0.013049883,-0.012220908,0.021893283,-0.017853398,-0.01950527
-0.017505856,0.06469459,0.011733249,-0.018302757,-0.004630066,0.09622005,-0.01739587,0.0006459256,0.0046501216,0.018707128,0.19223484
0.005471505,0.072385766,-0.019585302,-0.020223059,-0.0142694535,0.11141244,-0.01961363,0.002283105,0.014155748,0.018148005,0.18908611
-0.04852349,-0.37190017,0.0052753817,-0.020957092,0.006374792,-0.0410135,-0.017116267,-0.027406923,-0.03339611,-0.0075323707,0.11713744
0.0025912423,-0.042901255,0.011684131,-0.012080787,0.031651154,-0.034568332,-0.015037964,-0.030429317,-0.032035895,-0.011726277,-0.32926047
0.0266151,-0.030618293,-0.008775957,-0.02100146,0.027080521,-0.033513233,-0.014697981,-0.030483115,-0.034116436,-0.011804781,-0.3162074
0.014719324,0.009226311,0.01648337,-0.022674229,0.02470668,-0.02152783,-0.013969285,-0.030928973,-0.033630416,-0.011700289,-0.34490627
0.04753603,0.039489128,0.021532014,-0.008728094,0.023748446,-0.023180285,-0.01914663,-0.03703418,0.058776733,-0.0042408444,-0.35459226
0.020961232,0.05249483,-0.008486808,-0.014826231,0.026223399,0.24032767,-0.004163015,0.00037520268,-0.02231972,0.03302576,0.25379172
-0.0015412146,0.06539534,-0.014970518,-0.017662138,0.015145404,0.23070914,-0.004367536,0.0048403246,-0.024009306,0.03381192,0.44265038
0.04799005,0.16185029,0.00026651807,-0.0021982447,0.060211137,0.26247928,-0.0030216875,0.008451399,0.017540408,0.052583627,0.6099566
-0.028915359,0.09317021,-0.005491866,-0.02449043,0.047392823,0.20319714,-0.01925041,-0.0004886788,0.04449093,0.0646656,0.94929254
-0.02882919,0.061741486,-0.042383023,-0.029763123,0.03690414,0.16053249,-0.020819718,-0.00039185357,0.026409145,0.057913113,0.9479207
-0.07355297,-0.51061445,-0.010629463,-0.026875317,0.013097954,0.09504044,-0.013588691,0.006884551,0.010663556,-0.11861089,0.64684594
0.048771013,0.05164234,-0.0077963322,-0.01451038,0.04829136,0.11419465,-0.010567319,0.025571276,0.023171574,-0.066515595,0.05192762
0.035390962,0.06983225,0.010375889,-0.016208427,0.03155938,0.16729727,-0.010028209,-0.020723123,0.036287844,0.04333695,0.56197774
0.063946426,0.09642214,-0.0071329535,-0.009718186,0.068271205,0.17133102,-0.013572829,-0.019228501,0.039677553,0.051201515,0.677674
0.0016355356,0.033581074,0.009866092,-0.02800653,0.050645184,0.02773353,-0.0064750435,-0.036980554,-0.036237992,0.014306996,0.012448508
0.006940539,0.056312177,-0.01923424,-0.023946177,0.05033642,0.02623185,-0.01115178,-0.035480335,-0.03254915,0.019023452,0.06739184
0.04006232,0.07213555,0.043627433,0.016961077,0.07045288,0.034791626,-0.006073971,-0.030636,-0.03146144,0.024700401,0.10918442
-0.030582516,0.032845482,0.018891826,-0.0010200451,0.03478116,0.04383072,-0.008680194,-0.027685497,-0.03230147,-0.009543448,0.07229099
-0.021783609,0.038877547,-0.016524985,-0.021489257,0.056615677,0.04201105,-0.006540339,-0.026458463,-0.03275737,-0.0030328606,0.06483022
-0.023476297,0.04740083,-0.01637861,-0.020712795,0.05808525,0.04164754,-0.006439011,-0.025805557,-0.033296652,-0.0023557777,0.075181715
-0.023270255,0.046874244,-0.016358001,-0.020712795,0.057889625,0.042495657,-0.004333244,-0.025818367,-0.03329248,-0.0023626976,0.07159182
-0.024611494,0.053225573,-0.016430259,-0.02123685,0.057634637,0.041977726,-0.005506158,-0.025610056,-0.032913513,-0.0023826458,0.07251217
-0.023669714,0.04838838,-0.015502182,-0.029497074,0.053013213,0.04464104,-0.006673008,-0.025883794,-0.031702057,-0.0052536572,0.06268775
-0.024098534,0.04292718,-0.016316846,-0.026487019,0.054754518,0.034585778,-0.0076540504,-0.025462111,0.007046216,-0.0018305873,0.07134611
-0.027666617,-0.019455286,-0.010294123,-0.011767193,-0.0021430545,0.01229253,-0.013304976,-0.014292271,-0.027984545,-0.0015496159,-0.22812925
-0.022007879,0.014785642,-0.0016324299,-0.009290871,-0.0059027486,0.009419759,-0.012751888,-0.017177215,-0.030401977,-0.0019062822,-0.23782346
-0.02226374,0.020043088,-0.010238177,-0.024700891,-0.010301,0.009293935,-0.012986182,-0.017031396,-0.03214501,0.00094043347,-0.23483402
-0.032826643,0.02213514,-0.009991004,-0.024627032,-0.009978369,0.0091475975,-0.011998667,-0.016533569,-0.030309903,-0.0003339427,-0.22854416
-0.03233589,0.037443146,-0.01335857,-0.009606995,-0.009111221,0.0020990176,-0.01147415,-0.014606507,-0.011372883,-0.008727342,-0.23774019
-0.03490355,0.021456836,-0.019147055,-0.009373177,-0.010722302,0.011344333,-0.012725542,-0.013387041,0.025991071,-0.003170567,-0.24020907
-0.053443994,-0.025875239,-0.0055581043,-0.010444317,0.00036937947,0.07187244,-0.023930762,-0.011630931,-0.024882441,-0.025071252,-0.22341168
-0.05868651,0.017001443,0.0034724907,-0.008973206,-0.0038081908,0.07320484,-0.024849156,-0.014777098,-0.026211707,-0.02723733,-0.20809057
-0.060322043,0.021679725,-0.00757746,-0.026109716,-0.007291498,0.065264046,-0.024014862,-0.014650748,-0.027957156,-0.026443789,-0.18354681
-0.072087444,0.022063427,-0.0071788616,-0.026395367,-0.0070252325,0.06307121,-0.025106594,-0.014421444,-0.026127787,-0.027477827,-0.1785715
-0.060428057,0.04069618,-0.013003764,-0.0074831466,-0.006138967,0.0635827,-0.02878053,-0.0121978475,-0.005617838,-0.027846692,-0.21101399
-0.060070276,0.023192696,-0.02133413,-0.007620473,-0.007445501,0.05412403,-0.029120324,-0.014854028,-0.008429338,-0.028491799,-0.18031654
-0.078549385,-0.10808885,-0.009933386,0.005066648,0.012337769,0.073495835,-0.032222856,-0.0087257,0.046458956,0.0011133762,0.032927047
-0.07085245,-0.03676048,-0.0043445705,-0.012179329,0.02628127,0.05056558,-0.03058825,-0.011953924,0.05060666,0.0006971756,-0.018985031
-0.09989545,-0.020388132,0.012282079,-0.018141866,0.02824787,0.04296362,-0.03068088,-0.016724063,0.038007233,0.0018300271,0.0065061986
-0.07389912,0.038679093,-0.023416232,-0.014391627,0.0070246053,0.04576745,-0.03277254,-0.0110166995,0.038373828,0.004964649,-0.0178459
-0.026285077,-0.016493043,-0.010457759,-0.010785168,-0.0028784722,0.01986356,-0.012237346,-0.015779072,-0.021954335,-0.012628352,-0.05688976
-0.018944446,0.018543025,-0.00090467586,-0.008282861,-0.0044639776,0.016954206,-0.011072631,-0.018664151,-0.02356634,-0.010592816,-0.09206713
-0.028258746,0.034460343,-0.010249849,-0.0249261,-0.006731302,0.017219558,-0.012557127,-0.01965532,0.047596324,-0.032987293,-0.018241731
-0.04364426,0.036898382,-0.0118470825,-0.024996558,-0.0059259715,0.019046506,-0.012978476,-0.019433824,0.047102083,-0.03180628,0.016704842
-0.03919578,0.056715403,-0.019616546,-0.009690727,-0.0073448643,0.016974794,-0.014643642,-0.019203952,-0.0022338585,-0.031637806,0.01869083
-0.036598857,0.0410434,-0.017197032,-0.007926361,-0.0057539307,0.018413858,-0.013264016,-0.017595964,0.029710159,-0.02620742,0.005561056
-0.036638737,0.070659384,-0.007761911,-0.014916469,-0.0010522954,0.022528986,-0.012341289,-0.015977379,0.07744319,-0.025460603,0.04565374
-0.042090103,0.0642234,-0.010167792,-0.015278479,-0.007048047,0.016817221,-0.020227548,-0.018384375,0.07074654,-0.03316775,0.0746696
-0.04360521,-0.08312756,-0.015129123,-0.0040660906,0.028553901,0.032933783,-0.014095966,-0.017166289,0.054378018,-0.016089257,0.055456948
-0.055314325,-0.033440262,-0.013659655,-0.011385401,0.034134954,0.030623838,-0.013022389,-0.0091127865,0.050636444,-0.01789854,0.031182323
-0.05332841,0.055298433,0.014924478,-0.01262892,0.046280973,0.054298513,-0.006659687,0.046317015,0.06452152,-0.012934109,0.023772348
-0.05288444,0.054672938,-0.019845821,-0.0076226103,0.028120553,0.044855017,-0.008279119,0.05861744,0.060562722,-0.012540632,0.20036457
-0.07885889,-0.066558525,-0.006563012,-0.0013954272,0.01471483,0.043527935,0.0261527,-0.0015296735,0.04321918,-0.04061328,-0.08373879
-0.062081724,-0.039703503,-0.00716908,-0.015779983,0.02546887,0.03781598,0.0097492235,-0.010145536,0.050194595,-0.04167402,-0.05640436
-0.09728056,-0.021675738,0.010182702,-0.01925273,0.022000296,0.016594931,0.018226948,-0.009380934,0.03811587,-0.054622024,-0.03684692
-0.07955085,0.028075151,-0.023590447,-0.013863072,0.014150778,0.028687365,0.01494101,-0.0053995256,0.045574903,-0.052364714,-0.0690728
-0.056653205,-0.016610598,-0.0071247765,-0.008468648,-0.0010374745,0.07768453,-0.015976917,-0.008600486,-0.0158986,-0.016452784,-0.008585103
-0.056342702,0.03011744,0.002138523,-0.006551368,-0.002426414,0.08349737,-0.014565766,-0.011381558,-0.017304696,-0.015371778,-0.01385096
-0.06354714,0.035042413,-0.01241217,-0.025229065,-0.0062823202,0.085446805,-0.015873197,-0.01130758,-0.01712058,-0.016011601,0.04536463
-0.07373742,0.035453845,-0.009918135,-0.024965847,-0.0059712194,0.08435026,-0.0145937605,-0.010921608,-0.017070303,-0.013032167,0.020458478
-0.06669696,0.061360765,-0.003948643,-0.006818709,-0.0022053984,0.07992631,-0.013483955,-0.00757487,0.023444269,-0.020705132,0.0279593
-0.06784065,0.04721198,-0.021726795,-0.009297042,-0.0059785955,0.070748985,-0.019494323,-0.010161812,0.031943843,-0.031887572,0.07368702
-0.03188584,-0.021117091,-0.010449416,-0.009870067,-4.2607127e-05,0.014943514,-0.02201342,-0.017900748,-0.02642186,-9.498878e-05,-0.17104809
-0.02315362,0.014811471,0.0012980578,-0.005838334,-0.0049560852,0.0105884215,-0.018524,-0.020575127,-0.03000262,0.0030001318,-0.23413466
-0.026777873,0.02261913,-0.010617711,-0.020561503,-0.008530902,0.006830472,-0.022358986,-0.021112153,-0.0066070184,-0.0017630811,-0.17500898
-0.037592918,0.023235742,-0.010492051,-0.020535003,-0.0080297,0.0073455186,-0.022075523,-0.020600539,-0.006399842,-0.002729639,-0.17201813
-0.03362691,0.03946578,-0.015842445,-0.008006637,-0.007841024,0.0068678143,-0.026743744,-0.018327774,-0.005710015,-0.003895557,-0.17497322
-0.035168245,0.027926268,-0.024731748,-0.0078773545,-0.008331811,0.016101284,-0.027228756,-0.019687371,0.01299233,0.006306617,-0.15842345
-0.031376425,-0.021644732,-0.008334787,-0.018336229,-0.0011187396,0.005055147,0.0044962876,-0.016884044,-0.022920212,-0.02388682,-0.33534774
-0.0268443,0.012396152,-0.0008898689,-0.014781563,-0.0047351667,0.0035146493,0.0031541907,-0.019618435,-0.026432434,-0.018585524,-0.34473258
-0.027922347,0.016508402,-0.009168136,-0.029906815,-0.008182554,0.0035632257,0.0042744963,-0.01947485,-0.027754849,-0.017536167,-0.3218132
-0.03647573,0.019198194,-0.008892369,-0.029779982,-0.007966754,0.0033391584,0.004808293,-0.019140137,-0.025773969,-0.016323874,-0.32059968
-0.03588029,0.033916585,-0.016780138,-0.013665238,-0.00820269,-0.0036002905,0.0013621661,-0.017108113,-0.0015612303,-0.019386435,-0.33594522
-0.041314527,0.02453223,-0.02227321,-0.013903966,-0.009083671,0.002635085,0.016831763,-0.018784888,0.015061933,-0.032886624,-0.32773447
-0.03535434,-0.14290534,-0.0049093543,-0.010808389,-0.00045055107,0.0066249836,0.018034905,-0.016233938,0.071272425,-0.021990342,-0.18171711
-0.037988994,-0.092203274,-0.0010306156,-0.0066776574,-0.011226853,0.00887824,0.018809607,-0.020339452,0.06955947,-0.023714835,-0.1559981
-0.063722305,-0.035157252,-0.010484407,-0.008090295,0.028022682,0.02418722,0.029927578,0.0017109426,0.064656064,-0.02173626,-0.14694849
-0.07123108,-0.009811656,-0.0135099925,-0.016515281,0.029392166,0.02175226,0.026360601,0.0032097716,0.06090091,-0.02237686,-0.020633105
-0.07721322,0.04115919,0.015925981,-0.017079212,0.03832566,0.045041632,0.031439688,0.06502793,0.0631722,-0.018142505,0.057716608
-0.07881765,0.054185793,-0.024023151,-0.011210476,0.01991409,0.045378562,0.03190208,0.033970743,0.06848272,-0.024482796,0.20372927
-0.025337338,-0.019300703,-0.013694386,-0.008219464,0.0037781221,0.033798475,0.009043046,-0.012617615,-0.02099473,-0.013549671,0.19218022
-0.024074825,0.044448502,-0.00530567,-0.008312599,-0.00834196,0.035223003,0.00864814,-0.014935622,-0.022652766,-0.013716535,0.19570246
-0.027585369,0.050308652,-0.01356613,-0.025879469,-0.010578757,0.03435617,0.008791444,-0.014984516,-0.024382817,-0.011753473,0.20069712
-0.044226468,0.052175704,-0.013848263,-0.025829408,-0.0109782675,0.03337321,0.007593559,-0.014559561,-0.022377217,-0.013218832,0.20033036
-0.04442959,0.06934924,-0.013787499,-0.009734336,-0.006730157,0.033712007,0.023163093,-0.012084103,0.03579456,-0.02328328,0.10026728
-0.04320342,0.05601999,-0.020085465,-0.009601221,-0.009064576,0.030560654,0.008213705,-0.0126546165,0.033080686,-0.034270484,0.212632
0.004413488,-0.0057783267,0.0196449,0.04700775,-0.0046311873,-0.06770741,0.0060719987,-0.0054675066,-0.015784116,-0.0031782691,0.035740208
-0.024058072,0.031956714,-0.021408115,0.0461392,-0.00693442,-0.06903964,0.006209817,-0.008484465,-0.017068688,-0.0016780602,0.07790889
-0.026700033,0.0294875,-0.023285842,0.04214443,-0.007043999,-0.069019675,0.005530482,-0.008051338,-0.017801473,-0.0016763841,0.07521355
-0.028107716,0.036674548,-0.0109749,0.054860502,-0.0051572276,-0.07260203,0.004421728,-0.0073775165,-0.015809897,-0.0022270225,0.047326144
-0.04786934,0.050571285,-0.036391508,0.03029159,-0.00079908344,-0.054256514,0.0018396595,-0.007753867,0.018814743,-0.008953025,0.048272975
-0.05191343,0.033940315,-0.04177963,0.02144636,0.016483944,-0.05390731,0.001334691,-0.0064215297,0.018395146,-0.012663492,0.0529384
-0.047387246,0.051684737,-0.008395029,0.034897257,0.012217166,-0.06911383,0.00060736213,-0.004855117,0.02209326,-0.012269515,0.023149945
-0.053158462,0.047538847,-0.043390766,0.019764753,-0.01931062,-0.054635882,-0.0018286376,0.012499591,0.028407382,-0.0250218,0.053371802
-0.04258394,0.026889514,-0.011573904,0.037465192,-0.0064821965,-0.07401284,-0.00069046486,0.013822359,0.037756167,-0.020939454,0.012643207
-0.043981425,0.031945106,-0.01186971,0.037893493,-0.0047434564,-0.07603694,-0.00068924273,0.013690547,0.03804482,-0.020401215,0.014809456
-0.0039805495,-0.01710579,0.020343382,0.040213607,-0.0104557825,-0.06636314,0.0034287304,-0.006348198,-0.018650675,-0.0023424467,-0.16192512
-0.026311992,0.018968677,-0.016848955,0.042613156,-0.012784388,-0.06931288,0.003205262,-0.009632587,-0.021506337,-0.0028666526,-0.15222035
-0.026347281,0.016566962,-0.018540561,0.038608845,-0.012791108,-0.0692636,0.0031475648,-0.009239468,-0.022054572,-0.0029735186,-0.15659651
-0.02518051,0.022085544,-0.008655724,0.050440896,-0.008922988,-0.070692286,0.0026819378,-0.0084557,-0.020668054,-0.0034342783,-0.17505042
-0.058364157,0.037757717,-0.04048475,0.013518351,0.016525567,-0.07782482,-0.008037539,-0.026572574,0.050860442,-0.020279044,-0.15616307
-0.056821823,0.025324447,-0.03514629,0.010116575,0.0144609865,-0.07778666,-0.0078315595,-0.011258641,0.052489743,-0.019578092,-0.1636626
-0.05589327,0.043882594,-0.010997875,0.020650215,0.008762656,-0.09353082,-0.009927985,-0.014634642,0.050477777,-0.018763686,-0.15386373
-0.0559387,0.040888432,-0.037725102,0.009507245,-0.022601722,-0.07747447,-0.009660623,-0.013089553,0.05223175,-0.022186296,-0.15085539
-0.048421443,0.022246411,-0.010026441,0.024164941,-0.015886148,-0.09628097,-0.007918215,-0.019959582,0.050443728,-0.019051276,-0.17366181
-0.043133058,0.025316458,-0.010167179,0.02550074,-0.01627358,-0.075162016,-0.008485643,-0.007949359,0.064147405,-0.014185433,-0.16691978
0.0049898867,0.09193796,-0.06969307,0.10465356,-0.008862513,0.05681527,0.093892984,0.0342246,0.049938206,0.039742112,0.27565077
0.010944407,0.08286502,-0.07145605,0.098053135,-0.007981104,0.060326762,0.08161013,0.032797433,0.044103716,0.040161263,0.54260015
0.11293658,-0.020376531,0.014750919,0.13649945,-0.0023872645,0.15711787,0.09433346,0.12408717,0.085267596,0.052215397,1.1688526
0.08062047,-0.05375772,0.0030090031,0.13247842,0.0006202561,0.15238991,0.08788975,0.09154931,0.06811204,0.044068426,1.1152736
0.31946397,0.13164526,0.029874034,0.14451136,-0.0004591984,0.1535502,0.13291605,0.16733675,0.09899025,0.051323127,1.4107635
0.4460701,0.14114124,0.03580242,0.16925092,0.019694433,0.15298061,0.12320576,0.15958606,0.08847404,0.053591087,1.4560274
0.07432095,-0.051834457,0.009370868,0.07254971,-0.0008871482,-0.05865446,0.15002948,-0.008597951,-0.022197409,0.008982298,0.21007824
0.037461713,-0.043854997,0.004020513,0.06773561,-0.0027871868,-0.058045108,0.14427422,-0.008621592,-0.02313658,0.010455349,0.21666019
0.063984916,0.042384747,0.012055081,0.06936933,-0.0019406994,-0.060130917,0.16656043,-0.015398774,-0.025563354,0.011918877,0.22926143
0.12654266,0.039004337,0.02600226,0.07828989,0.014487835,-0.056023374,0.1566383,-0.014693425,-0.019314593,0.011009327,0.3156673
0.022463037,0.08037274,-0.061872832,0.0544977,-0.01814799,0.062731236,-0.021300681,0.036052164,0.015981413,-0.04653384,0.2052132
0.026441671,0.06533299,-0.06359007,0.050753124,-0.020613816,0.06274821,-0.02315209,0.04016886,0.051968217,-0.046910215,0.2092083
0.100278206,-0.027053261,0.018262312,0.067193896,-0.00270986,0.08555092,-0.0064667207,0.055925287,0.052967753,-0.010890562,0.39330593
0.077373184,-0.049473923,0.015365526,0.06277437,-0.00013065047,0.07709423,-0.011588769,0.048723616,0.054776043,-0.007946311,0.46083474
0.08473568,0.06008316,0.020439273,0.06261939,-0.007246671,0.079569794,-0.019455519,0.08537167,0.06184539,0.0030167853,0.47570604
0.12601393,0.06684167,0.013540862,0.08027154,0.0044258595,0.075944565,-0.01828817,0.07266548,0.06123682,-0.0015218833,0.6047458
0.21784651,0.015973536,0.060670555,0.12342429,0.019025367,0.0437953,0.014941001,-0.011480446,0.04386949,0.035734832,0.47968438
0.07515321,-0.046204314,0.0140155805,0.07424785,0.0009260565,-0.08203562,0.13544397,-0.009289164,-0.01834459,-0.007647163,0.30490276
0.03528234,-0.044292677,0.0034620927,0.06937991,-0.0016084113,-0.068011865,0.12851393,-0.009560533,-0.01943755,-0.006835497,0.22070485
0.062114745,0.043387447,0.011974539,0.068350926,-0.0020997005,-0.06153571,0.15111732,-0.018867075,-0.022543183,-0.007984142,0.19146767
0.120301664,0.038125347,0.023758028,0.0784332,0.011716515,-0.07361155,0.13714403,-0.016613692,-0.018567052,-0.004943983,0.27086845
0.06860449,-0.020691369,0.012164185,0.06584782,-0.0005204389,-0.08525143,0.030760411,-0.018460207,-0.027774222,0.002054209,0.08674389
0.042592745,-0.021372259,0.0060735927,0.060534753,-0.003683875,-0.08039204,0.026591202,-0.018959444,0.01026098,-0.0014244582,0.09287969
0.07189899,0.038171317,0.014699231,0.067112684,-0.001764418,-0.08637558,0.043008193,-0.026466837,0.012909975,-0.003931769,0.08822353
0.12759997,0.031635996,0.022919847,0.07457694,0.0072946525,-0.0870937,0.027954502,-0.025592254,0.020256408,-0.010050976,0.22230595
0.10283492,0.040071353,0.020231972,0.16350037,0.025031673,0.13930067,0.15145524,0.0516665,0.115764596,0.07439772,1.0570021
0.06686783,-0.068985455,-0.007667318,0.13903755,0.0022716885,0.16061378,0.1212168,0.07490732,0.066340744,0.069071144,0.87781644
0.33877864,0.11600273,0.024700304,0.14888161,0.0118827745,0.16656667,0.17659172,0.16671225,0.19954106,0.07522876,1.2606204
0.52260506,0.15532458,0.0474801,0.18212286,0.09896405,0.17159902,0.17359835,0.18556039,0.23098184,0.07745929,1.628309
-0.0064019975,-0.022224216,0.01890743,-0.0054616737,-0.0038735447,-0.032252494,0.013854253,-0.015724411,-0.02827638,0.008580512,0.007446979
-0.00072393654,0.010302399,0.0154400505,-0.0021336952,0.0021511035,-0.03390219,0.011931531,-0.01810733,-0.024057502,0.009273702,0.0017655632
0.0118291555,0.021720383,-0.016153093,0.0023851143,-0.012501701,-0.037989654,0.01041614,-0.019077573,-0.025354479,0.005845079,0.030038344
-0.021867689,0.017013472,-0.00093256345,1.2635783e-05,-0.009368654,0.010799408,0.0069818543,-0.014903653,-0.022059716,-0.013323182,-0.13659906
-0.04922164,0.045610208,-0.011522704,-0.014773795,-0.008503603,0.023472251,-0.004032038,0.01273366,0.03291324,-0.047621354,-0.09964315
-0.08120265,0.03301411,-0.011785665,-0.014990884,-0.011962253,0.02029679,-0.006549593,0.006422201,0.018112231,-0.05045232,-0.02262295
-0.07071592,0.02877076,-0.009982493,-0.0068322658,-0.005461085,0.024159182,-0.0022286216,0.011609539,0.03486715,-0.05078392,-0.09577134
-0.07490328,0.035243023,-0.0114353495,-0.005702228,-0.0101344185,0.022504296,-0.0018491712,0.012792442,0.03205867,-0.04929191,-0.06322169
-0.06772409,0.05636794,0.015450169,-0.0063877427,0.0012045109,0.018991074,0.0020203441,0.01901042,0.03453888,-0.043297783,-0.056480803
-0.0473009,0.06052952,-0.012811984,-0.022331506,-0.005939874,0.04199292,0.0010063123,0.046116725,0.05169215,-0.0542079,0.088139564
-0.079764605,0.048166446,-0.013352473,-0.024680307,-0.008429681,0.039019488,-0.0052452353,0.032366693,0.04050834,-0.05869812,0.20197043
-0.0722073,0.050296348,-0.017098201,-0.013944388,-0.010437283,0.037009485,-0.003009444,0.027655512,0.03822319,-0.05985136,0.19393793
-0.07373022,0.049375344,-0.018033236,-0.013949292,-0.009297626,0.03698681,0.0023912461,0.039065957,0.037564978,-0.05679607,0.099402435
-0.07035323,0.06736507,0.008636355,-0.0142698325,-0.002889074,0.033434685,0.0052146614,0.041973595,0.040790718,-0.056400944,0.0838353
-0.086558945,0.037062973,-0.020311465,-0.029997183,0.022831112,0.036016893,-0.0062562753,0.10108533,0.03768716,-0.05458593,0.1893208
-0.07912609,0.0532288,-0.014783605,-0.026464904,0.012727794,0.03450272,0.0005712117,0.10233627,0.047183543,-0.054621115,0.1929394
-0.10840488,-0.48128623,-0.02233082,-0.028431848,-0.08281948,-0.16444926,0.009973869,-0.008997977,-0.02413293,-0.0016918863,0.4944512
-0.02573499,-0.025698757,0.011006564,-0.016278952,-0.0046792123,-0.08020911,0.011492721,-0.011990999,-0.02707237,0.014593397,-0.24352013
-0.023957903,-0.011064131,-0.0022908149,-0.015093388,-0.0072999494,-0.079271406,0.0115241995,-0.011526307,-0.028264886,0.01661614,-0.20989747
-0.05795113,-0.12385774,-0.08325676,0.017363615,-0.020345371,-0.10427277,-0.05836521,-0.0064678965,-0.014777297,-0.016507858,0.059386473
-0.0007813473,0.019207198,-0.009044288,0.044802886,-0.0070940773,-0.07348374,-0.0237291,-0.010451934,-0.019804,-0.0111152455,-0.29387763
-0.010824763,0.022491746,-0.010455992,0.04454738,-0.00988862,-0.07811597,-0.02583168,-0.011449625,-0.018965619,-0.010839802,-0.22393993
-0.002535398,0.026265752,-0.0078045856,0.043779552,-0.0075909547,-0.07745151,-0.02536106,-0.011248044,-0.020322008,-0.010978352,-0.22654295
0.007291067,0.028009398,-0.030837132,0.033469796,-0.021175886,-0.0691727,-0.025459565,-0.011910261,-0.019043786,-0.011439229,-0.19902758
0.013158421,0.039655916,-0.010217386,0.030217202,0.012264331,-0.078509085,-0.027694682,-0.012551995,-0.020769527,-0.012525499,-0.23427801
0.0079039885,0.051148187,0.002407836,0.030840196,-0.015636902,-0.08495819,-0.028446186,-0.012231116,-0.02066526,-0.020622166,-0.17051297
0.023304252,0.042858914,-0.037371907,0.02433778,0.028294787,-0.072786115,-0.027672041,-0.013392984,-0.022428349,-0.02125099,-0.1726303
0.042426117,0.037811406,-0.007143798,0.021947239,0.025701934,-0.08408729,-0.029870167,-0.01261403,-0.023288192,-0.021955738,-0.18008372
-0.027922815,-0.08100561,0.006873749,0.038639694,-0.0049540126,-0.110720016,-0.020451097,-0.0055807154,-0.014186255,-0.011940185,0.065705374
-0.0054007145,0.01955022,-0.01654439,0.048496418,-0.002888293,-0.09462962,-0.013648132,-0.011010303,-0.018906262,-0.0072719827,-0.09335914
-0.009959651,0.02557587,-0.016696056,0.04865605,-0.0037761664,-0.09410332,-0.014071148,-0.012228375,-0.01874863,-0.007814703,-0.07434369
-0.005301735,0.028032413,-0.0084161395,0.055116452,-0.005407506,-0.09535122,-0.0141889155,-0.011763906,-0.02022343,-0.008128118,-0.08353414
0.016934114,0.028637288,-0.018518455,0.03369502,-0.0062044067,-0.07966891,-0.014410232,-0.011647923,-0.019434376,-0.008083094,-0.051193856
0.004606281,0.04120677,-0.0059108064,0.041752737,-0.005289898,-0.09943315,-0.018447962,-0.01219246,-0.020973803,-0.008576978,-0.058529563
0.0068334024,0.05364186,-0.0069048656,0.039025925,-0.0027947624,-0.09810639,-0.014626696,-0.011596144,-0.020837259,-0.011737181,-0.06819026
0.01344726,0.03866492,0.010233553,0.036568597,0.0013373307,-0.09845585,-0.014362163,-0.010825625,-0.020389149,-0.009703831,-0.06650801
0.022762394,0.045319572,-0.010037775,0.047025084,-0.001530617,-0.1002925,-0.015563611,-0.010134495,-0.021859823,-0.010993053,-0.02957714
0.034151185,0.041380793,-0.014257346,0.034580942,0.00095876836,-0.08165692,-0.015410896,-0.011844179,-0.020535627,-0.01105005,-0.025728313
0.044995427,0.03679814,0.01105135,0.036562163,-0.00017602489,-0.10049908,-0.018973084,-0.012001915,-0.024231492,-0.011860346,0.0017368187
0.011750302,-0.18966767,0.044154882,0.065644614,0.013700394,-0.1181917,0.003981584,0.0033703723,-0.013358952,-0.0043559973,0.37987262
-0.03668898,-0.06367255,-0.049954332,0.04275731,-0.02250951,-0.08613936,-0.025272321,-0.0042267763,-0.018673727,-0.008645151,0.14991154
-0.00861821,0.034893055,-0.028288586,0.046798635,-0.015254143,-0.07668816,-0.019116802,-0.009071858,-0.017988887,-0.007956336,-0.07059926
-0.0014672078,0.024580022,-0.0073555014,0.055225324,-0.0077288905,-0.07829786,-0.01837754,-0.009241447,-0.019127825,-0.007693278,-0.049576413
-0.011598386,0.02237031,-0.03347583,0.039171863,-0.011955487,-0.060779426,-0.019892436,-0.012000519,0.01999568,-0.012359714,-0.05168856
-0.000121483026,0.054863613,-0.0048795445,0.0472202,0.008844221,-0.07304186,-0.01363697,-0.011583444,0.019075176,-0.012386899,-0.037408747
-0.058392376,-0.3360349,-0.034482244,-0.030893387,-0.032822877,-0.16371712,-0.016855005,-0.0096374145,0.011940363,0.015923817,0.22427356
0.009451623,-0.024511283,0.021296928,0.015834983,-0.0011233792,-0.068866834,-0.0021657178,-0.007961733,-0.026438091,0.03949436,-0.2574422
-0.005345009,0.017057184,0.014473967,0.010250382,-0.008195922,-0.075067185,-0.0021482618,-0.018152904,-0.028381286,0.040210996,-0.12813865
-0.00244627,0.019612819,-0.007515669,0.014678948,-0.010868129,-0.07450788,-0.0037200477,-0.01743637,-0.027773201,0.031372346,-0.07536343
0.0044280346,0.04406698,-0.0064733755,0.004816632,-0.013949924,-0.076505095,-0.0056917146,-0.016473798,-0.03014559,0.027751485,-0.04294659
0.0045175557,0.037212696,-0.024194518,0.0037805815,-0.0127137955,-0.07692447,-0.008893602,-0.017237548,-0.027755963,0.014600665,-0.020573357
0.020872233,0.047459558,-0.0056108455,0.0010818056,-0.0144753475,-0.07885418,-0.005261656,-0.017281765,0.08765371,0.03940852,-0.05640235
0.02532343,0.034227826,0.010166605,-0.0006415485,-0.018764382,-0.09041975,-0.006938682,-0.018333921,0.06700694,0.028420063,0.04133219
0.021772899,0.07479295,0.016817408,-0.00031612744,-0.0141514065,-0.08368541,-0.006494928,-0.018758923,0.076490186,0.03267604,0.06956367
0.02258436,0.06312569,0.018994028,-0.0019156844,-0.016664656,-0.08307069,-0.005902569,-0.017039899,0.07736737,0.027329687,0.21919586
0.029410662,0.07984914,0.015856704,-0.0015953329,-0.012018863,-0.076307416,-0.007496746,-0.018313807,0.06171237,0.03106774,0.19763166
0.042405345,0.07534377,0.0074845213,0.0059111584,-0.014311517,-0.086149864,-0.008447486,-0.018623263,0.053861607,0.02926798,0.19647822
0.09346969,0.0861778,0.07094355,-0.0036361814,-0.004290087,-0.080138184,-0.00820147,-0.014622478,0.09094445,0.04748685,0.22420396
0.117319465,0.06402421,0.03177056,0.010237738,-0.006025696,-0.12871325,-0.014562291,0.024607845,0.07892922,0.035754118,0.27363715
-0.03487866,0.06353676,0.017266681,-0.0003108264,0.04827894,-0.07019819,-0.01515427,0.009285619,0.07538553,0.015052489,0.20680594
-0.013735787,0.08201136,-0.012246608,0.0011015077,0.03540703,-0.082927346,-0.014144025,-0.0043643285,0.07941023,0.016730847,0.23771362
-0.0725123,-0.35521218,-0.024409072,0.006034462,0.025769033,-0.105826035,-0.02095482,-0.0026827548,0.06078094,-0.008944564,0.086646006
-0.016483514,-0.031746168,-0.0070928754,0.0036757137,-0.0150043005,-0.06162869,-0.016928665,-0.01170153,-0.024502117,-0.0079029305,-0.27351916
-0.011377156,-0.0021223044,-0.01617249,0.03659093,-0.015513933,-0.07857886,-0.019259745,-0.016928669,-0.028142257,-0.005638677,-0.3134442
-0.0035976574,0.013310802,0.016102502,0.02414099,0.0143250385,-0.08832553,-0.016436245,-0.019233875,-0.025288437,-0.004042686,-0.31563118
-0.0030608636,0.024769185,-0.03107301,0.033204477,-0.0084409015,-0.089849085,-0.019131752,-0.018966224,-0.031296503,-0.008357176,-0.31030026
0.00121127,0.026740547,0.01677702,0.0024643494,-0.015311365,-0.069619805,-0.015090483,-0.016100356,-0.029458992,-0.0050999844,-0.33278185
0.0032790988,0.047782477,-0.005151428,0.024101932,-0.015156809,-0.08705455,-0.015048423,-0.017893448,-0.027937481,-0.0058543673,-0.31439418
0.016100828,0.044873834,-0.0074025057,-0.0009298551,-0.01344811,-0.054472078,-0.011618855,-0.015721839,0.013360101,0.0053835576,-0.23523572
0.024005568,0.030516742,0.016426876,0.025821226,-0.011962864,-0.081162944,-0.017019989,-0.017751873,0.016566504,0.00016974582,-0.16242766
-0.06791681,-0.32791412,-0.018396243,0.015173365,-0.015947558,-0.10864769,-0.013304656,-0.001938704,0.030367568,-0.008479656,0.041764688
-0.019204082,-0.042627655,-0.008065271,0.006107857,-0.009094103,-0.060211778,-0.010125962,-0.011866853,-0.023864385,-0.011901001,-0.2872076
-0.014922685,-0.023529401,-0.012021327,0.037941657,-0.011514517,-0.07160927,-0.010085532,-0.016941078,-0.02644108,-0.010033375,-0.3020536
-0.0017894361,0.014912361,0.013661693,0.033320237,-0.01798071,-0.09047422,-0.009658163,-0.019092174,-0.027412659,-0.011002564,-0.3308957
-0.0057118335,0.016275173,-0.029629247,0.043080747,-0.014403474,-0.08329148,-0.010836369,-0.018950004,0.01859772,-0.0024529842,-0.3193765
-0.00060644257,0.025413413,0.015193686,0.0015910927,-0.013117419,-0.06291531,-0.01033163,-0.018831978,0.011481441,-0.0054170387,-0.3230124
0.002024271,0.043388173,-0.006543514,0.023328302,-0.013384626,-0.090266414,-0.011013467,-0.01993961,0.011758891,-0.0046211313,-0.28422818
0.027621072,0.060665376,0.024562256,0.029508455,0.0017722957,-0.08041948,-0.008471574,-0.01848238,0.02467511,0.006905286,-0.20351705
-0.067973934,-0.30091745,0.008078998,-0.007986289,0.020438211,-0.076913685,-0.008708316,0.009583573,0.025867963,0.02182198,0.12245551
-0.0060795117,-0.05762959,0.018025598,0.0008883309,-0.010237802,-0.05474549,-0.008186914,-0.013781318,-0.01886702,0.011819278,-0.11750465
0.0061134044,-0.022716748,-0.0044089654,-0.0056581255,-2.997069e-05,-0.053905457,-0.009656517,-0.010001747,-0.020817816,0.011996758,-0.09942931
-0.0044168066,0.017962113,-0.0040979153,-0.0101440335,0.0020510724,-0.055072967,-0.008578885,-0.016470727,-0.02375278,0.011419404,-0.10410331
-0.0066449773,0.027029473,-0.008165612,-0.008102863,0.0001541989,-0.05403026,-0.0075884676,-0.017971244,-0.024165403,0.010281914,-0.082924046
0.00064094557,0.042037196,0.014887493,-0.005784152,-0.013656678,-0.053698406,-0.0099689355,-0.018028965,-0.025033833,0.0097262375,-0.09208363
-0.037240695,-0.0864315,0.007939927,-0.023390997,-0.01924346,-0.013166212,-0.043582484,-0.014922796,-0.031751215,-0.01537611,-0.16217013
-0.0060890983,-0.023871059,0.014411212,-0.0060618827,-0.012955472,-0.01410218,-0.01741128,-0.018703962,-0.032370068,-0.00074376725,-0.3480891
-0.010721948,0.011261163,-0.004474283,-0.01996453,-0.011530941,-0.020180171,-0.018117907,-0.019175025,-0.036742244,-0.0011217693,-0.33211482
-0.018231323,0.02053527,-0.0048856665,-0.023469012,-0.013197121,-0.018478593,-0.018035192,-0.024163887,-0.035944365,-0.0005436654,-0.32627505
-0.002601716,0.027653838,-0.011505576,-0.017331343,-0.013579074,-0.018961417,-0.015626855,-0.022705944,-0.034391876,-0.00074531586,-0.33615065
-0.0010625263,0.044882175,0.013526535,-0.017542148,-0.013508562,-0.01947799,-0.018997379,-0.023130234,-0.035671964,-0.004651269,-0.34228408
0.016016241,0.047521904,0.021758607,-0.0063187717,-0.013537078,-0.0031105687,-0.014934119,-0.023783874,0.018144982,0.013726905,-0.31373185
0.025303885,0.08624244,0.01754316,0.0021647257,-0.00896971,-0.0047528218,-0.017607393,-0.019304417,0.027552696,0.016066734,-0.15869269
0.048425436,0.05126806,-0.013250542,-0.017011005,-0.015941994,-0.005868194,-0.0255677,0.06884279,0.080074795,0.022406762,0.041544214
0.048661996,0.07273652,0.0032377185,-0.020256834,-0.014370872,0.0007465097,-0.025310082,0.067286275,0.0826876,0.020101361,0.21383011
0.04642177,0.0432224,-0.012771292,-0.022233155,-0.012970711,-0.009682351,-0.04296449,0.008594938,0.028704088,0.012644956,0.2387209
-0.088014476,-0.17692205,-0.019326955,-0.04200563,-0.011989753,-0.12763277,-0.055692006,-0.017095799,-0.027905036,0.0014684896,0.10101259
0.00022389086,-0.0032409767,0.022686003,-0.018676037,-0.0075275926,-0.063026585,-0.022128781,-0.018024992,-0.028469898,0.0007897123,-0.3300163
0.004545068,0.024665914,0.00940441,-0.014403968,-0.009227417,-0.07221042,-0.02185587,-0.02233406,-0.030900946,0.00027844074,-0.31748423
0.007434348,0.036286384,-0.011614846,-0.015638305,-0.011878869,-0.07352625,-0.020241559,-0.02280088,0.013544236,0.00061634136,-0.2642847
0.02496878,0.021380108,0.0076591433,0.0077130175,-0.008467558,-0.08350556,-0.025696771,0.023240045,0.023851018,0.0054703457,-0.24508806
0.02731593,0.02789531,-0.014230541,0.0016516374,-0.023355968,-0.08205794,-0.026593108,0.024389734,0.015306748,0.0034975167,-0.16563416
0.022762401,0.043489244,-0.014603472,-0.008188485,-0.01750313,-0.08099533,-0.024351366,-0.019465031,0.014438895,-0.002049176,-0.14423543
0.019153269,0.042906597,0.006212173,-0.0064986916,-0.016816283,-0.07787222,-0.027533367,-0.01885805,0.011957587,-0.0037753526,-0.14790972
0.028729096,0.045278907,0.0057093347,-0.0066601527,-0.016760623,-0.078448996,-0.027638758,-0.019531857,0.01351293,-0.0036188427,-0.1440935
0.035505526,0.043511484,0.004567978,-0.023097906,-0.013558733,-0.083577335,-0.034507133,0.008910973,0.039745774,-0.0009802943,-0.1194769
0.031029562,0.050954297,0.008189212,-0.024808249,-0.014597167,-0.08421823,-0.035787303,0.010838123,0.039627858,-0.0031028474,-0.092397854
0.05986175,0.05578378,0.041286156,0.00416793,-0.01489475,-0.08599361,-0.031390276,0.03053485,0.08861799,-0.0038238186,-0.09694482
0.034721173,0.05475281,0.020019319,-0.011529129,-0.014580406,-0.10836693,-0.036170904,0.032341275,0.06380702,0.00042063728,0.075224824
-0.052732617,-0.27081618,-0.021352896,-0.026017943,-0.014012384,-0.022292357,0.010639012,-0.0224755,-0.040906034,-0.0016109018,0.05132578
-0.011867237,-0.002149738,0.01461852,-0.009387416,0.050814465,-0.0039624353,0.0081883,-0.03066517,-0.039501786,0.015544156,-0.26941064
0.004519447,0.019937802,0.01239001,-0.005006943,0.011095304,-0.00655934,0.008496132,-0.03499728,-0.042765196,0.009385431,-0.18165447
0.015309083,0.04686432,-0.009248635,-0.0068011545,0.023374844,-0.0059290985,0.00978151,-0.0352341,-0.04130628,0.00926576,-0.11888979
-0.041380573,-0.4489663,-0.09093633,0.013196988,-0.005668516,0.005328082,-0.020385226,0.04366107,0.017767018,0.016854819,0.253536
-0.026982063,-0.13719285,-0.021631407,0.07447716,0.02595239,-0.02189686,-0.022654872,-0.032852426,-0.020703735,0.0074587516,-0.10955927
-0.005102989,-0.01720045,-0.007208189,0.10923651,-0.018583354,0.012442524,-0.025306473,-0.03091256,-0.029242752,1.8334384e-05,-0.18803832
-0.08141299,-0.3047041,-0.029359153,-0.027756462,-0.021889182,-0.06531128,-0.023828384,-0.026136076,-0.021796277,-0.021205068,-0.0427732
-0.017350284,-0.026991472,0.00029782616,-0.018324478,-0.028471878,-0.031184664,-0.018722102,-0.02566448,-0.024913372,-0.021639232,-0.47315875
-0.007870253,0.013844062,0.0063599367,-0.021127073,-0.03638002,-0.028230378,-0.01798381,-0.028124733,-0.026794212,-0.020121058,-0.49541873
0.0030852838,0.0377083,-0.01835909,-0.016282061,-0.027609363,-0.016294524,-0.022474188,-0.0018291476,0.0040262374,-0.036113076,-0.5010275
0.01734625,0.05206409,0.034067303,-0.012904792,-0.027870808,0.0052274787,-0.014477858,-0.006846891,0.09108884,-0.04150067,-0.47088814
0.031378385,0.065939955,0.0014069632,-0.008556531,0.00075731176,0.02277814,-0.007949112,-0.0031815295,0.09091893,-0.030395985,-0.20683989
-0.09758433,-0.33782405,-0.033312183,-0.031111896,-0.023742653,-0.024239816,-0.012965839,-0.027283756,-0.023088537,-0.023578022,0.010604378
-0.020489449,-0.025010131,0.0006997662,-0.022959428,-0.018944092,-0.021077879,-0.012059197,-0.026070105,-0.025991717,-0.02334035,-0.48281285
-0.007989214,0.014025791,0.004402336,-0.023579314,-0.02705346,-0.019073343,-0.0124592,-0.028755723,-0.028302485,-0.021555312,-0.5133085
-0.0046034306,0.038962767,-0.017089155,-0.018210629,-0.02562089,-0.018433731,-0.012098666,-0.027264534,-0.02815982,-0.022265945,-0.5097848
-0.004534709,0.04083069,0.038855445,-0.023234744,-0.028358666,-0.013257346,-0.012590193,-0.0324233,0.004128104,-0.033759154,-0.5245957
0.013974377,0.03576185,-0.0072091725,-0.022366643,-0.023826694,-0.021040902,-0.0102327885,-0.029691702,-0.0023918834,-0.02342626,-0.46585763
0.0128730815,0.03464699,-0.011635287,-0.010046504,-0.024133114,-0.023945598,-0.013259826,-0.024725897,0.0016666044,-0.02368346,-0.40234897
0.008404971,0.030840028,0.0073949606,-0.0111381225,-0.021742977,-0.017358491,-0.009602511,-0.025002116,0.0021264122,-0.024384897,-0.35937724
0.025521433,0.03433976,0.007359481,-0.010476558,-0.020193111,-0.01772622,-0.0078029707,-0.025763877,0.0025820367,-0.024688596,-0.34601063
0.041149955,0.037551407,0.0040768236,-0.017060464,-0.016406387,-0.001505441,-0.0055719595,0.0014355746,0.038109124,-0.036650095,-0.26863647
0.052648634,0.057343807,0.06252695,-0.005572911,0.016426584,0.05185226,0.0046768016,0.08445437,0.08981253,-0.07359048,-0.15557483
0.1433329,0.07448784,0.11007862,0.003818571,0.038841803,0.06352679,0.011862787,0.081941456,0.09625911,-0.04998179,0.26213953
-0.025637882,-0.22803925,-0.03270286,-0.028449986,-0.016969327,-0.039885197,-0.030953543,-0.028374704,0.019823315,-0.0054395697,-0.06684674
0.02490936,-0.023571517,0.01920277,-0.001900162,-0.0147501975,-0.05439666,-0.019816944,-0.025372066,-0.035917226,0.002178689,-0.3631233
0.06335545,0.019429311,-0.011067377,-0.020859897,-0.013745511,-0.017259303,-0.0324472,0.046309143,0.0802361,0.009543159,-0.4153124
0.07739274,0.017735543,-0.024879752,-0.018916836,-0.012379721,0.0022428094,-0.033433095,0.046890553,0.078170344,0.011309884,-0.2811198
-0.024984693,0.042719427,-0.004053018,-0.006885722,-0.008928481,0.013802783,0.006529831,-0.019365158,-0.03248581,-0.0044460325,0.20828278
-0.06549799,0.06378512,-0.013072289,-0.023304004,-0.008273102,0.045747455,-0.0023439983,0.034264326,0.05571373,0.005346629,0.20426638
-0.08969606,0.047353614,-0.0143368915,-0.024336265,-0.008338971,0.04547935,-0.0053302804,0.030387806,0.05100612,0.0052631963,0.1912354
-0.0823748,0.051049907,-0.016153768,-0.012964307,-0.004401058,0.045060985,-0.0024355669,0.027394801,0.04838958,0.0041258438,0.1979874
-0.08361726,0.057044066,-0.0155044785,-0.012869123,-0.004851491,0.042591855,-0.001132759,0.02918109,0.05037066,0.0052536433,0.19363831
-0.061774205,0.05848659,-0.011954664,-0.02574163,-0.0012387236,0.05355533,-0.00025284413,0.051133525,0.06433113,0.040280353,0.09040959
-0.08477188,0.049498152,-0.012915835,-0.028197795,-0.0018613535,0.050622795,-0.005015202,0.04221337,0.06025322,0.04464686,0.19196004
-0.06693928,0.057758555,-0.011161753,-0.016756225,-0.010164705,0.046008907,-0.0010794777,0.09951928,0.08325761,0.043498833,0.1660091
-0.07502283,0.06375876,-0.012634872,-0.016342662,-0.01074272,0.04871069,-5.9344922e-05,0.09792442,0.08028272,0.044704318,0.25066015
-0.070866324,0.08704769,0.026372273,-0.01709807,0.0117025385,0.045392368,0.0026784912,0.117273204,0.081418045,0.044816993,0.26882574
-0.06931856,0.050969336,-0.020554926,-0.019760879,0.015096979,0.05704247,-0.0066112336,0.07203139,0.06383695,0.042755414,0.3993679
-0.07786751,0.06984763,-0.044471465,-0.017797945,0.0109195635,0.059744656,0.0031369328,0.13234848,0.07832438,0.04555693,0.38746357
-0.02198824,-0.34988797,0.007664534,-0.03688686,-0.007012035,-0.08560808,0.007785212,-0.0070123533,-0.01776714,0.0032936037,0.12589021
0.0019862961,-0.124063596,0.011385678,-0.022084694,-0.011501454,-0.06527017,0.01153545,-0.008701889,-0.015269858,-0.0034458202,-0.13300323
-0.0017104582,-0.055178124,-0.010935855,-0.0013900566,-0.008558502,-0.063221395,0.012515934,-0.0074817925,-0.015815897,-0.004368252,-0.1844635
-0.012090121,-0.030182546,0.00014831292,-0.0016085935,-0.010396946,-0.062042646,0.012256071,-0.00742236,-0.0165925,-0.0038123212,-0.20225866
-0.014138716,0.010136266,0.0059668967,-0.019307736,-0.011998884,-0.07324751,0.011116868,-0.016073214,-0.0205939,-0.006426923,-0.16465771
-0.0059548654,0.012848035,-0.007484175,-0.0022516593,-0.012615331,-0.0648816,0.010697162,-0.012752646,-0.02015894,-0.004753668,-0.23250327
-0.004928715,0.015120822,-0.0074961535,-0.0014300912,-0.01972536,-0.060600758,0.010102664,-0.012156375,-0.020652862,-0.004650457,-0.23183165
0.0034072937,0.025564015,0.011666459,-0.017985934,0.00040666654,-0.07113062,0.010854377,-0.014542501,-0.020614205,-0.005925001,-0.23811512
0.013124587,0.07244057,0.021045264,0.0071105156,-0.010216574,-0.06399918,0.023837635,-0.011565702,0.01698156,-0.012669216,-0.18220316
-0.027041715,-0.34946105,0.0049352627,-0.033849224,-0.011751342,-0.08343084,0.009002457,-0.008764841,-0.01795236,-0.015183657,0.094138674
-0.0010754779,-0.1231331,0.011542038,-0.02123615,-0.011196106,-0.06746211,0.011528936,-0.008951243,-0.015666042,-0.012676644,-0.21441747
-0.003278426,-0.054474156,-0.010501567,-0.001993858,-0.008249699,-0.06551024,0.012509421,-0.0077274772,-0.016281398,-0.012573019,-0.2819831
-0.01308336,-0.030205794,-3.5118734e-05,-0.0022930326,-0.010128389,-0.06434963,0.012349818,-0.0076660826,-0.017041378,-0.011201839,-0.28954446
-0.014476584,0.011400187,0.0058139344,-0.01926971,-0.010697238,-0.07276893,0.009758675,-0.016135767,-0.021225603,-0.013614862,-0.29476294
-0.0062223556,0.01019359,-0.0076262136,-0.002196201,-0.012226126,-0.06808341,0.010249436,-0.012982611,-0.020303098,-0.01200335,-0.27357817
-0.0052498206,0.012202712,-0.0075943335,-0.0013832567,-0.019456534,-0.06401041,0.0099299215,-0.0123866275,-0.020849919,-0.011913736,-0.2762602
0.0023328273,0.02245265,0.011967785,-0.018452227,-0.0074441405,-0.07448156,0.010460379,-0.014823651,-0.020934872,-0.013885049,-0.27516034
0.013741525,0.07484141,0.022678973,0.008418647,0.0051014074,-0.06277424,0.02209222,-0.010976372,-0.020778932,-0.010340487,-0.24853566
-0.024021855,-0.3070199,0.0083295265,-0.040761538,-0.016014514,-0.143503,0.0032410729,-0.0049385736,-0.017691191,0.01057275,0.21457507
0.0034052809,-0.123605244,0.011013979,-0.022297274,-0.011548055,-0.0545083,0.012539353,-0.008503206,-0.016336566,0.00896451,-0.12709756
0.00045755712,-0.05562503,-0.012104082,-0.0012213225,-0.008612276,-0.05351903,0.014199643,-0.0074528824,-0.016806854,0.008659635,-0.16981699
-0.011530827,-0.03166916,-0.00041624933,-0.0020578858,-0.011845691,-0.053168792,0.015476267,-0.0074353437,-0.017493263,0.008188589,-0.14494942
-0.012938063,0.010883877,0.007406193,-0.01969464,-0.012620323,-0.05987846,0.012385453,-0.015946258,-0.021796662,0.0064919833,-0.15751371
-0.0044259513,0.015071844,-0.0072807535,-0.002404751,-0.012845712,-0.05572427,0.0145435035,-0.012986336,-0.021063583,0.008794589,-0.13668332
-0.004209667,0.019336073,-0.008092013,-0.00035374635,-0.020978337,-0.051638268,0.01493196,-0.01550147,0.012586955,0.0005601406,-0.117681295
0.004522472,0.030728977,0.013007717,-0.01726878,-0.0007041521,-0.059595026,0.015645402,-0.017455062,0.010821366,-0.00024368012,-0.097312294
0.02502712,0.07844616,0.030989837,0.0055364585,-0.003926009,-0.057159223,0.034760907,0.022548085,0.045586567,0.008838682,-0.0022293997
-0.021965735,-0.2826663,-0.00039284845,-0.0344769,-0.01563844,-0.08544943,0.0145846205,-0.011190227,-0.02106407,0.00038881772,0.011730843
0.0010891592,-0.11969401,0.010844631,-0.021726217,-0.012813631,-0.069742255,0.0117133,-0.010252882,-0.01990308,0.00010587936,-0.22959833
-0.0017867225,-0.05157588,-0.010899885,-0.0025213447,-0.009913504,-0.06811384,0.012693784,-0.009032789,-0.020529449,-0.0009932547,-0.28779474
-0.013585959,-0.027686292,-0.0005604079,-0.0028104945,-0.011880189,-0.066531844,0.012448371,-0.009028617,-0.021296471,-0.0016821383,-0.30382094
-0.013447099,0.011402354,0.0059886337,-0.018970232,-0.012349357,-0.07543471,0.009281979,-0.020573527,-0.025904836,-0.0037611353,-0.31883404
-0.0052729407,0.01273387,-0.007847922,-0.003423169,-0.013755958,-0.069089614,0.010662578,-0.017467871,-0.025234943,-0.002225789,-0.3279595
-0.0042298124,0.014591049,-0.007928257,-0.0021920034,-0.021214232,-0.06508708,0.0102798,-0.016871886,-0.025730906,-0.003546199,-0.3163002
0.004020836,0.025315497,0.012092469,-0.0176763,-0.00090589863,-0.075026326,0.01102463,-0.01924877,-0.025812292,-0.0033859827,-0.3354335
0.013520635,0.06613636,0.013930947,0.005619623,-0.009743713,-0.07010886,0.02081126,-0.015797766,-0.02574079,-0.014863993,-0.2899113
-0.04241378,-0.32714298,0.008050377,-0.025091087,-0.028541945,-0.078996055,0.008375061,-0.0031850936,-0.015059586,0.01623442,0.31924656
0.010936187,-0.13300261,0.012845695,-0.009034184,-0.0091126,0.016353302,0.021698652,-0.009037679,-0.014241761,0.01715558,-0.016728524
-0.00046055432,-0.06437623,-0.014451055,-0.003893892,-0.0068091545,0.00029711451,0.02532309,-0.007833128,-0.0155478995,0.016799165,0.0041535124
-0.012957389,-0.018332455,0.0019865653,-0.004545154,-0.009076842,0.0057746493,0.026069943,-0.007985541,-0.015889285,0.016809538,0.020827629
-0.024439704,0.02021283,0.008950076,-0.010756938,-0.008894585,0.006163769,0.022071004,-0.016351495,-0.018449495,0.014561981,0.052835423
-0.0038365712,0.03151765,-0.007563183,-0.0014461565,-0.011892646,0.00736397,0.025014285,-0.01328745,-0.017596424,0.016769398,0.09702164
0.0013576329,0.036413454,-0.0067820163,0.0016855708,-0.01401568,0.018481426,0.027292013,-0.012168097,-0.019530995,0.01710285,0.13237752
0.012223583,0.0574151,0.023801684,-0.0066757454,-0.0022001264,0.012412268,0.017469017,-0.012968481,-0.019932091,0.015424653,0.23030673
0.03347911,0.11817355,0.03374207,0.013171908,0.011225864,0.03553095,0.033389498,-0.007997621,-0.020214649,0.02592133,0.25485277
-0.086777434,-0.46607313,0.014076661,-0.01298635,-0.019242847,-0.055344388,0.01085976,-0.007003468,-0.016032387,0.014156353,0.6280616
0.011533664,-0.1956836,0.0155210635,-0.009759935,-0.009384469,0.049090583,0.026095487,-0.010901373,-0.015135266,0.019073164,0.076481
0.002540294,-0.072594106,-0.016331345,0.00078446185,-0.006006429,0.022875149,0.027795117,-0.009688333,-0.015910532,0.017183986,0.07369413
-0.023773618,-0.020518437,0.0026270775,-0.0015867909,-0.009662217,0.009182596,0.028471261,-0.009644319,-0.015676163,0.017203212,0.09880912
-0.031170493,0.021597505,0.011448125,-0.009952269,-0.009278785,0.0061975243,0.023318123,-0.021145808,-0.020367917,0.015984062,0.091075934
-0.01044366,0.031171907,-0.0076631703,-0.001182588,-0.0120491935,0.0029063118,0.025898688,-0.01810846,-0.018990032,0.01765067,0.096169874
-0.0043256436,0.03353409,-0.007092147,-0.0014942174,-0.014237546,0.007973539,0.025503766,-0.017119838,-0.019966122,0.017817799,0.10497761
0.008317446,0.04625201,0.023769328,-0.008411453,-0.006424367,0.011457048,0.024516743,-0.01949603,-0.020045575,0.016762389,0.109715715
0.029207528,0.11432658,0.034262516,0.013008513,0.009638185,0.029748026,0.032892678,-0.013683684,-0.020983255,0.023828242,0.24979262
-0.017483758,-0.21893883,0.029353268,0.059081595,-0.0016289529,-0.08778848,0.014224165,-0.0068398197,-0.020127108,0.010000052,0.05982759
-0.0037215347,-0.13488612,0.02184686,0.049021047,-0.00406898,-0.0811495,0.00974083,-0.0068404065,-0.019707214,0.0076416368,-0.022070156
-0.0023032278,-0.11855939,-0.0025930994,0.04812425,-0.004053934,-0.080710225,0.0125843305,-0.009838788,-0.020364631,0.007969815,-0.011406181
-0.011024429,-0.028019356,-0.008051997,0.04830329,-0.010378682,-0.086934,0.0102325855,-0.013405521,-0.022276795,0.0061235996,-0.064373285
-0.010671474,0.009897046,-0.008731268,0.06250553,-0.009101746,-0.08599178,0.011477047,-0.018175105,-0.023110732,0.005577235,-0.08082345
-0.019222364,-0.26965338,0.024433015,0.061463207,0.002593889,-0.09809958,0.007153586,-0.0050654416,-0.0222229,0.0018721342,0.13798334
-0.003348533,-0.14516897,0.02940794,0.042580057,-0.0063126143,-0.0834448,0.009471105,-0.0066684675,-0.02047982,0.0023755867,-0.0013865513
-0.0019089233,-0.1179528,-0.0022547124,0.0408697,-0.0037222765,-0.08371257,0.011448179,-0.009638247,-0.019982852,0.0034797138,-0.013794587
-0.010368313,-0.028006742,-0.007613926,0.04077435,-0.014492488,-0.09324901,0.009127329,-0.0132047115,-0.021930436,0.0013772337,-0.068273775
-0.010249758,0.007780428,-0.008227737,0.055936333,-0.011583467,-0.09178389,0.010153592,-0.017974768,-0.022647947,0.0006159797,-0.13253704
-0.019497415,-0.27582136,0.025448162,0.059712645,-0.00091571506,-0.10302355,0.007963117,-0.006042751,-0.02220207,0.009323691,0.11392752
-0.0034659891,-0.12962787,0.019230725,0.049093984,-0.005613278,-0.09300226,0.007947244,-0.006846651,-0.01969548,0.006203108,-0.039926924
-0.0018833034,-0.10997382,-0.005311074,0.048240323,-0.0058093383,-0.09119266,0.010962319,-0.009845032,-0.020231243,0.0073094573,-0.033978675
-0.01083074,-0.029291434,-0.008444642,0.04848673,-0.009959068,-0.09581196,0.008294908,-0.013411767,-0.022248842,0.0053766775,-0.09034715
-0.01160275,0.008108652,-0.008844396,0.06273382,-0.008699696,-0.09582661,0.009363126,-0.01819843,-0.023082782,0.00494114,-0.10665587
-0.079322785,-0.4271286,0.019139986,0.05373648,-0.078353025,-0.14481318,0.0009594134,-0.003716162,-0.018211437,0.01004659,0.5655576
-0.00852477,-0.17980605,0.029490741,0.054347854,-0.0042112395,-0.07056004,0.012822156,-0.0072165285,-0.020338636,0.0075156568,0.02829299
-0.0036177498,-0.12961714,0.0034791587,0.049039986,-0.0031478,-0.0719141,0.013900566,-0.009845576,-0.020972537,0.0069354363,0.012254275
-0.012570066,-0.026052017,-0.007591284,0.048661493,-0.009587437,-0.07955887,0.010777195,-0.01341231,-0.022801807,0.004823074,-0.027760623
-0.017005155,0.012953612,-0.008216751,0.06289064,-0.0024117096,-0.07891296,0.012947854,-0.01820009,-0.023665797,0.00448472,-0.049074173
-0.07942566,-0.4354751,0.018352497,0.051716756,-0.0802378,-0.1475738,0.000661807,-0.004078423,-0.0185551,-0.0014661602,0.5422372
-0.0050867083,-0.13752194,0.02338555,0.047529466,-0.009786799,-0.07075123,0.009186153,-0.0067422357,-0.018943347,0.004351859,-0.018598044
-0.0035699767,-0.113236345,-0.0053367764,0.047112375,-0.0053569367,-0.073910974,0.012298982,-0.009509911,-0.0197337,0.006725197,-0.021383757
-0.012004197,-0.028196769,-0.008430817,0.047405448,-0.011556595,-0.08056639,0.009858952,-0.01317104,-0.021575706,0.006417546,-0.06422931
-0.011136112,0.009196893,-0.00863139,0.062555276,-0.0047913175,-0.07957646,0.011337117,-0.018007735,-0.02242089,0.006204267,-0.08013503
-0.07070399,-0.51038665,0.017862087,0.053778473,-0.025983153,-0.16657881,0.0044926098,-0.013438545,-0.018878916,0.0024412111,0.59710336
-0.0051237317,-0.14567772,0.031079503,0.048598196,-0.0068798596,-0.070763096,0.011923863,-0.006751047,-0.019961284,0.0028897666,0.00411318
-0.003980675,-0.13013214,0.0044479296,0.048524003,0.0054844324,-0.073349796,0.012402758,-0.009859183,-0.021734681,0.0026454625,0.013073343
-0.012959766,-0.026404424,-0.006422175,0.048473373,-0.008086153,-0.08067625,0.012733576,-0.013160837,-0.02258001,0.0012351339,-0.027176226
-0.018050121,0.012256056,-0.009317342,0.06279973,-0.0026996578,-0.08162294,0.013927232,-0.018016545,-0.02340903,-0.0004337961,-0.048154674
-0.038247887,-0.31142762,0.028906245,-0.021637248,-0.009898737,-0.048658088,0.00707592,-0.009589666,-0.030174073,0.012895068,0.14030905
-0.014509672,-0.045620795,0.019473253,-0.016063409,-0.011844871,-0.046779845,-0.00064596836,-0.016005445,-0.027410794,0.005936162,-0.12403666
-0.0062387795,-0.026563402,0.013754436,-0.017203946,-0.013678853,-0.04730356,-0.0019397245,-0.012703939,-0.02897374,0.0050361175,-0.14937986
-0.008344059,0.023019565,0.009622882,-0.013462165,-0.014792558,-0.050691035,-0.0020054358,-0.02119823,-0.032904755,0.0042770263,-0.17084768
9.491692e-05,0.04904532,0.0093402155,-0.012821826,-0.015397055,-0.052456103,-0.0032976777,-0.01995405,-0.033318512,0.002699917,-0.17476036
-0.00056656875,0.03643091,0.012108226,-0.011963884,-0.014605386,-0.050720792,-0.004012992,-0.023034962,-0.036882892,0.0021422065,-0.17433468
0.0006228397,0.057563152,0.009429944,-0.02700871,-0.0127991345,-0.04880451,-0.0029515468,-0.021938605,-0.03452675,0.002283173,-0.1713649
0.0007027823,0.053105615,0.0109250285,-0.013399302,-0.013062588,-0.05166287,-0.0010038961,-0.022080362,-0.03596396,-0.00018754156,-0.17852873
0.004479199,0.05158365,0.009774307,-0.014603509,-0.014794224,-0.05273302,-0.00037801557,-0.021916822,-0.03264594,-0.0012813488,-0.1762051
0.003997201,0.038278606,0.012924925,-0.014252826,-0.01731949,-0.05284501,-0.00031030225,-0.021923581,-0.035610385,-0.0013853123,-0.1670717
0.0063474067,0.03956334,0.009923263,-0.016674358,-0.014792756,-0.05188419,0.0008279536,-0.017715959,-0.030792676,-0.00060563476,-0.16508316
0.014918546,0.029403467,0.014811344,-0.0127143,-0.014987478,-0.051779635,-0.0008823797,-0.02170773,-0.032994933,-0.0007570769,-0.14553206
0.053632956,-0.4257079,-0.015546979,-0.023496622,-0.09775546,0.07627012,0.0011870821,0.071052045,0.03572257,0.0017536958,0.65382737
0.08401167,-0.030692458,0.032414325,0.0018061264,0.009076078,0.09225539,0.011311579,0.2534609,0.122416966,0.038134404,0.23767106
0.075938754,0.017266551,-0.0018545359,-0.022684278,-0.03924366,0.10056524,0.00066250964,0.1992507,0.08452059,0.022431614,0.5902631
0.2125359,0.09879311,-0.009015353,-0.0022053462,-0.03567631,0.11950242,0.019291164,0.3022274,0.08583062,0.048070576,0.91197526
0.43629086,0.18043384,0.035020404,0.01987056,0.07697032,0.13264073,0.025620496,0.3584539,0.16898815,0.05398107,1.5936197
0.36969596,0.15531686,-0.006686288,-0.0011036114,-0.03931894,0.122388236,0.011627421,0.27433443,0.080560885,0.052078344,1.3511175
0.11881196,-0.22538579,0.004821755,-0.00685126,0.0060554324,0.031949315,0.011980568,0.060030278,0.08055414,-0.045110054,0.1749189
0.10990698,-0.07256624,-0.015220906,-0.011891972,-0.0071860068,0.03926345,0.011881038,0.05191418,0.06952332,-0.060578916,0.16890083
0.09427386,-0.019851474,0.015806803,-0.014318752,-0.011696922,0.021307101,0.011954729,0.039493527,0.055609062,-0.060228176,0.15996572
0.13385583,0.039774507,0.03402439,-0.0057528927,-0.006634197,0.021413825,0.0111262975,0.060431793,0.05898858,-0.059542235,0.22146672
0.026374647,-0.22190785,-0.006064499,-5.6114633e-05,-0.0068415953,-0.048721917,0.0072746803,-0.015177183,0.014560279,-0.0075865225,0.07053161
0.023797045,-0.021150628,0.009201497,0.00087698764,-0.020519534,-0.032719925,0.0064542093,-0.0202183,0.015946168,-0.0061117522,-0.08557406
0.025256407,0.00030683976,-0.0041255387,0.0020551656,-0.014349029,-0.04630116,0.0036257731,-0.010625039,0.035358917,-0.012314459,-0.056818683
0.046861578,0.016132502,-0.009491641,-0.0016380055,-0.015464946,-0.039155535,0.0008051189,0.024413936,0.023873083,-0.008354405,-0.009484025
0.060482606,0.025587661,0.022085447,-0.004982471,-0.007415297,-0.03643176,0.008054897,0.026797166,0.027476834,-0.0060084015,0.04148337
0.2029088,0.09055587,0.0835159,0.003980226,0.00861566,-0.026708828,0.021056242,0.029185854,0.07256859,-0.01623016,0.29176226
0.024018418,-0.24715328,-0.007913447,0.012207538,-0.011200657,-0.05393558,-0.0057807737,-0.012412524,0.013450192,-0.0050129998,0.09564266
0.020802574,-0.021491604,-0.01661597,0.04739431,-0.010775954,-0.06448517,-0.002169118,-0.013914325,0.013903273,-0.007247191,-0.07763353
0.019329863,0.009553434,0.009625258,0.045723025,-0.008249999,-0.07191355,-0.0057926257,-0.014118848,0.018235665,-0.0077179233,-0.01053276
0.024974275,0.018435933,-0.014861465,0.043296304,-0.014681806,-0.074164286,-0.007929298,-0.017836284,0.032587197,-0.008128086,0.052246545
0.021975394,0.019887421,-0.005717406,0.041497696,-0.032377888,-0.086445555,-0.011917921,-0.014463087,0.027832149,-0.013555218,0.04630468
0.047314133,0.039415702,-0.004854655,0.043309376,-0.0077115274,-0.07534642,-0.006547839,-0.0147972265,0.038487945,-0.012792413,-0.010913379
0.06706306,0.06060113,-0.020473378,0.023299308,-0.015937002,-0.07159024,-0.016180916,0.015149134,0.021474132,-0.008734179,0.07807787
0.13932662,0.04510486,-0.008763662,0.0291216,0.002815725,-0.07433822,-0.019155774,0.016669707,0.03101032,-0.017188258,0.10996676
-0.05353362,-0.36044627,0.014814988,-0.020243146,-0.016545452,-0.06631645,-0.01145854,-0.03529072,-0.037823778,0.0009404324,0.12602665
-0.0031094265,-0.020181814,0.01238583,-0.018509094,-0.023298588,-0.03547064,-0.001627583,-0.033387102,-0.031576097,0.004747728,-0.33262354
0.0144347055,0.0053453683,0.0029658375,-0.019938257,-0.0063495724,-0.030542232,-0.0011779352,-0.035599746,-0.03398639,0.0040776692,-0.351706
0.016773855,0.022735463,-0.022728233,-0.015019052,-0.033280354,-0.035284016,0.006092886,-0.034973446,0.00010373024,0.005336655,-0.3352587
-0.07584056,-0.548243,0.01771715,-0.02410966,-0.13595568,0.0328302,-0.0068472694,-0.017875822,-0.030624153,-0.019726474,0.6174432
0.008435017,-0.01983021,0.010653287,-0.018274909,-0.0072513865,0.040507153,-0.0057385545,-0.020777693,-0.025467249,-0.017171362,-0.12754261
0.02649938,0.008597607,0.003380209,-0.019494029,-0.030989075,0.05428748,0.00078364316,-0.022983093,-0.027085947,-0.018142331,-0.14835879
0.0304165,0.043789346,0.0037250954,-0.016522132,-0.033891283,0.02484878,-0.007010462,-0.02745347,-0.039282516,-0.022515895,-0.15252824
0.053270686,0.015055325,0.014975201,-0.018212136,-0.028896295,0.045175787,-0.008819805,-0.024296941,-0.03497097,-0.024265205,-0.17126071
0.06890018,0.019276913,-0.021827985,-0.011799976,-0.03174017,0.046256058,-0.0043592723,-0.019101199,-0.029594759,-0.022232307,-0.15909626
0.006664209,0.038077373,-0.0050334805,0.00844086,0.011993125,0.21394393,0.018157408,-0.007458587,-0.015277867,0.040041417,0.45110467
0.025358507,0.075554304,-0.0052352115,0.021870596,0.016328588,0.23485553,0.02632843,-0.0069144145,-0.014152211,0.03839725,0.5856666
0.032811683,0.09347659,0.03575594,0.0049402476,0.029212406,0.23478222,0.040615465,-0.007891902,-0.010269542,0.041041248,0.76928574
0.059494782,0.17517231,0.0058077504,0.12837529,0.07202604,0.28442296,0.044110112,-0.006708978,-0.0067817788,0.038525257,1.1123196
0.05405896,0.18383294,0.0037231308,0.10432642,0.051823903,0.20259988,0.017468521,0.041055858,0.13271369,0.056747135,1.3576543
-0.07903063,-0.6996406,-0.02578214,-0.0134796295,-0.012882518,0.036062773,-0.007972956,0.049204167,0.031134505,-0.087512374,0.559838
-0.0021476876,-0.036709487,-0.017474787,0.039134793,-0.015409155,-0.022055974,-0.00045176203,-0.024259318,-0.018238712,-0.005337767,-0.14261852
0.02286168,-0.016029086,-0.022101948,0.032087024,-0.017609376,-0.020074368,0.0008313365,-0.02456,-0.021691594,-0.005927965,-0.12307463
0.011709621,0.020971185,-0.008108591,0.037581578,-0.01719127,-0.021262903,0.0029184502,-0.030017242,-0.022407115,-0.0035418796,-0.13607544
0.017178338,0.01960713,-0.0074214456,0.034801003,-0.01405032,-0.030299146,-0.0009292528,-0.02609766,-0.022658136,-0.004741633,-0.11752577
0.052071556,0.042096347,-0.0073222066,0.014074116,-0.01734012,-0.0312947,-0.011159581,-0.0036390861,0.004610002,-0.020607317,-0.109937556
0.05836106,0.0023706493,-0.025571818,-0.002948247,-0.012401431,0.027087323,-0.01971502,0.03148475,0.055825297,-0.035886288,-0.058668144
-0.013969128,-0.02198869,-0.0041017905,-0.017062956,-0.013068318,0.017254788,0.012187503,-0.024770526,0.0047636437,-0.0016028937,-0.040591884
0.01927689,0.043044977,-0.0047237454,-0.0032904793,-0.01772237,0.013463582,0.015390502,-0.027801812,0.0074744937,-0.0020289775,0.0030240794
-0.039886896,-0.291201,0.029658658,-0.009602869,-0.007834937,0.030261023,0.0071486216,-0.025776166,-0.00071719434,-0.025934651,0.045794014
-0.019139977,-0.030354904,-0.015211672,-0.014800922,-0.026013162,0.014270543,0.005287652,-0.030322233,-0.0046326756,-0.03247613,-0.17137365
-0.0024861458,0.019627128,-0.007505646,-0.012781445,-0.03100428,0.0045418367,0.0102257505,-0.02688839,-0.025722347,-0.019853279,-0.24483983
-0.0028979355,0.021400353,-0.011478192,-0.022634948,-0.027381437,0.007285629,0.012075579,-0.028133582,-0.028439766,-0.018682623,-0.24047813
-0.001286098,0.023818793,-0.012742406,-0.0120363515,-0.031130707,0.0048596174,0.01249325,-0.026898617,-0.025353797,-0.020203957,-0.23921245
-0.001294075,0.032830853,-0.020461101,-0.015532349,-0.024154028,0.0014260807,0.009833657,-0.02726291,-0.0003767846,-0.021967085,-0.24652618
0.0009766734,0.04601241,-0.011989719,-0.017167505,-0.031692937,0.0010703467,0.007830267,-0.031054,0.0014471138,-0.022867238,-0.24094662
0.019278867,0.022822818,-0.0059427274,-0.019496234,-0.028915007,0.022583382,0.0012582006,-0.024191806,0.028832365,-0.030153502,-0.1839599
0.040374365,0.014599621,-0.00922193,-0.0180731,-0.019684808,0.05129751,0.009892052,0.055099577,0.057423968,-0.052240286,-0.10888945
-0.033945266,0.041772332,-0.009884843,-0.03581567,0.022090139,0.097888745,-0.021166682,-0.005169783,-0.023395367,-0.0049554384,-0.04453904
-0.0066084755,0.040590122,0.027186722,-0.014983561,0.016790787,0.12951712,-0.023651576,-0.008935823,0.040887304,0.010399035,0.20332257
0.008197698,0.053263355,0.019395832,-0.012873924,0.023165815,0.15555024,-0.023991229,-0.0030545508,0.040747393,0.0076038446,0.26122934
-0.038091805,0.064738736,0.065201536,-0.019079791,0.008277357,0.082104355,-0.023096763,-0.014845265,0.054743733,0.015692864,0.44837895
-0.06252514,0.061096758,0.04533542,-0.02159518,0.043186605,0.13615008,0.017227229,0.012772131,0.044458635,0.044835784,0.37364355
-0.074859954,0.06366088,0.015922116,-0.022623688,0.038655747,0.14053851,0.008344079,-0.0040912232,0.042310957,0.04963869,0.52684623
-0.0126813045,0.0663211,0.053576235,-0.025378332,0.04196722,0.123345956,0.014009085,0.017380264,0.048163004,0.05799127,0.547735
-0.003753649,0.097308725,0.0121182455,-0.017806232,0.036255557,0.13971321,0.0027263432,0.1351446,0.040634103,0.050290782,0.70631677
-0.029489374,0.100492485,0.0018900464,-0.01877342,0.036665425,0.090095244,0.0036268674,0.12373037,0.052864652,0.048805747,0.9213131
0.008595431,0.061888184,0.017219128,-0.016547004,0.023273148,0.07550607,4.5720983e-05,-0.015611493,-0.02791882,0.00039808307,0.25395995
0.021017704,0.09628447,0.035857428,-0.011298866,0.028221183,0.10603685,0.006395466,-0.014382341,-0.02437916,0.004207852,0.24719033
0.020571455,0.104144216,0.01097776,-0.010491032,0.022087045,0.08116909,0.004334462,-0.015525545,-0.030916605,0.0033990769,0.37335432
0.020119995,0.118637145,-0.0123819485,-0.015581921,-0.015283739,0.11853267,0.0024830676,-0.012186706,-0.027274283,-0.001832546,0.44472048
0.019046597,0.09001295,0.033929348,-0.014922109,-0.00650233,0.103232875,0.0007541828,-0.00853277,-0.029824927,-0.0034508584,0.44228074
0.027764948,0.07297868,0.029754957,-0.014848116,-0.010849201,0.12268873,0.0011643657,-0.0073228353,-0.02592715,-0.0032979911,0.43884745
0.038110167,0.06487135,0.031682577,-0.012847025,-0.008623646,0.12501171,0.0015530972,-0.007384174,-0.025982639,-0.0026886452,0.43905154
0.03728224,0.08941233,0.025102772,-0.013249145,-0.00942475,0.12223426,0.0027820468,-0.008094899,-0.028104875,-0.0032998407,0.4415948
0.0036097607,0.09419,0.01671739,-0.018475408,0.0023430658,0.06957893,-0.020144066,0.10464592,0.0853751,0.038167678,0.885511
-0.004801176,0.1270509,-0.0053762947,-0.021935508,0.007532578,0.07941791,-0.018775858,0.098037176,0.09488566,0.04338046,0.99933904
-0.0071843774,0.1230969,0.013892934,-0.01885445,0.0004987479,0.07069239,-0.025414217,0.07615539,0.09511466,0.0361324,0.9975185
0.05105916,0.15631637,0.005158686,-0.017222542,0.012558103,0.09636141,-0.0110608805,0.09182565,0.09842501,0.04278934,1.0570021
-0.09478531,-0.30710825,-0.00010106325,0.036911532,-0.009746412,-0.025768382,-0.028230488,-0.021838106,0.043245025,0.011516766,0.08356381
-0.01778568,-0.033059403,-0.027604211,0.033752616,0.029719941,-0.028581144,-0.010605647,-0.022527253,-0.028088221,0.0018877946,-0.21089095
-0.006809373,0.02246214,-0.03249174,0.024469413,0.017135816,-0.037163217,-0.00992813,-0.026797045,-0.03147224,-0.00014126342,-0.23083453
-0.0024411513,0.032370675,-0.01163517,0.044916816,-0.013407462,-0.03254138,-0.015854133,-0.026621832,-0.033865254,-0.0006803013,-0.19207712
-0.0036283713,0.035783567,-0.03414231,0.03159861,-0.001920943,-0.035706166,-0.009648168,-0.025897209,-0.032564048,0.0011034206,-0.18017383
-0.012194651,-0.04975993,-0.002279846,0.04335737,-0.015840843,-0.08266936,-0.0057916804,-0.017018149,-0.025207411,0.004714682,-0.08469087
-0.0063116257,-0.029504605,-0.0108324615,0.04573754,-0.020204362,-0.06673219,-0.0013919666,-0.016868755,-0.024555368,0.0047078123,-0.12940829
0.00032177666,0.015541583,-0.019322062,0.03736615,-0.016349703,-0.074561395,-0.0008140306,-0.019194905,-0.028459597,0.0027130553,-0.14091551
0.0050526285,0.023613399,-0.011135187,0.041131295,-0.015051398,-0.08822485,-0.0016333226,-0.018806446,-0.02798577,0.0016701067,-0.1527078
-0.030186497,0.063097514,0.037590258,0.030470194,0.060699135,0.15991582,-0.012249868,0.047573626,0.055828888,0.07497453,0.87180704
-0.054003898,0.07484751,0.04254986,0.03440427,0.05279348,0.13136521,-0.015224004,0.044144534,0.05965043,0.07302375,0.97349054
0.15558127,-0.212189,0.121510394,0.13256122,0.11938963,0.15905027,0.031749517,0.117456876,0.13146752,0.15436876,0.99538803
0.11868345,0.1030631,0.021119272,0.0574372,0.052758116,0.14098774,0.023994321,0.12896833,0.08239005,0.08636428,1.3287905
0.34372044,0.12494903,0.022536777,0.028711973,0.029254,0.13792574,0.012233169,0.11864253,0.07235864,0.09315488,1.3607602
