Pavement Age (yrs),Time from Last MRR (yrs),Precipitation (mm),Mean Temperature (°C),ESAL,AC Layer Thickness (in),Base Thickness (in),Fatigue Cracking (%),Wheel Path Cracking (%),Mean Asphalt Content (%),Previous IRI (m/km)
9.007529089664612,4.676249144421629,249.1,24.299999237060547,49023.0,4.599999904632568,10.300000190734863,0.0,0.0,5.575000047683716,2.515000104904175
11.137577002053389,6.806297056810404,361.51,24.700000762939453,48585.0,4.599999904632568,10.300000190734863,0.0,0.0,5.575000047683716,2.440999984741211
13.05407255304586,8.722792607802875,506.58,24.799999237060547,26000.0,4.599999904632568,10.300000190734863,0.0,0.0,5.575000047683716,2.4040000438690186
15.178644763860367,10.847364818617386,207.12,24.0,57728.0,4.599999904632568,10.300000190734863,0.0,0.0,5.575000047683716,2.525000095367432
17.596167008898014,13.264887063655031,286.27,24.5,67105.0,4.599999904632568,10.300000190734863,0.0,0.0,5.575000047683716,2.496999979019165
19.1129363449692,14.781656399726216,209.34,24.799999237060547,59670.0,4.599999904632568,10.300000190734863,0.0,2.0,5.575000047683716,2.5
21.505817932922657,17.17453798767967,482.85,24.799999237060547,138766.0,4.599999904632568,10.300000190734863,3.0,4.0,5.575000047683716,2.46399998664856
12.591375770020534,4.673511293634497,249.1,24.299999237060547,30660.0,4.5,7.800000190734863,0.0,0.0,5.649999976158142,2.4200000762939453
14.718685831622176,6.80082135523614,361.51,24.700000762939453,36000.0,4.5,7.800000190734863,0.0,0.0,5.649999976158142,2.3320000171661377
16.640657084188913,8.722792607802875,506.58,24.799999237060547,44000.0,4.5,7.800000190734863,0.0,0.0,5.649999976158142,2.6619999408721924
18.76249144421629,10.844626967830251,207.12,24.0,29000.0,4.5,7.800000190734863,0.0,0.0,5.649999976158142,2.378999948501587
21.180013689253936,13.262149212867898,286.27,24.5,40000.0,4.5,7.800000190734863,0.0,0.0,5.649999976158142,2.4119999408721924
22.69678302532512,14.778918548939084,209.34,24.799999237060547,34000.0,4.5,7.800000190734863,1.0,1.0,5.649999976158142,2.361999988555908
25.089664613278572,17.17180013689254,482.85,24.799999237060547,33000.0,4.5,7.800000190734863,54.0,33.0,5.649999976158142,2.318000078201294
16.681724845995895,0.4024640657084189,228.37,10.899999618530272,124947.0,9.100000023841858,4.699999809265137,21.0,16.0,4.1499998569488525,1.3986000061035155
17.724845995893222,1.4455852156057496,148.08,10.699999809265137,126472.0,9.100000023841858,4.699999809265137,21.0,16.0,4.1499998569488525,0.4558000028133392
18.48596851471595,2.206707734428474,148.08,10.699999809265137,126472.0,9.100000023841858,4.699999809265137,21.0,16.0,4.1499998569488525,0.4674000084400177
19.82751540041068,3.5482546201232035,261.51,10.5,149427.0,9.100000023841858,4.699999809265137,0.0,0.0,4.1499998569488525,0.4820000052452087
22.31895961670089,6.039698836413415,234.65,10.199999809265137,167685.0,9.100000023841858,4.699999809265137,0.0,1.0,4.1499998569488525,0.4916000068187713
21.475701574264203,4.350444900752909,169.71,19.299999237060547,82940.0,10.300000190734863,1.7999999523162842,0.0,0.0,3.5,1.02020001411438
4.553045859000685,5.637234770704997,305.37,17.200000762939453,6471.0,7.399999797344208,8.0,0.0,0.0,4.800000190734863,0.5938000082969666
5.505817932922656,6.590006844626968,189.41,17.100000381469727,6000.0,7.399999797344208,8.0,0.0,1.0,4.800000190734863,0.7097999930381775
7.189596167008898,8.27378507871321,147.27,17.5,9110.0,7.399999797344208,8.0,0.0,4.0,4.800000190734863,0.8471999883651733
8.605065023956195,9.689253935660506,308.47,16.299999237060547,9897.0,7.399999797344208,8.0,0.0,6.0,4.800000190734863,1.0813999891281127
9.357973990417522,10.442162902121837,261.54,17.0,117486.0,7.399999797344208,8.0,0.0,6.0,4.800000190734863,1.1539999961853027
10.477754962354553,11.561943874058864,331.64,16.799999237060547,147000.0,7.399999797344208,8.0,0.0,8.0,4.800000190734863,1.449399995803833
4.553045859000685,5.637234770704997,305.37,17.200000762939453,6595.0,5.800000011920929,8.0,0.0,0.0,4.699999809265137,0.5679999947547912
5.505817932922656,6.590006844626968,189.41,17.100000381469727,6000.0,5.800000011920929,8.0,0.0,0.0,4.699999809265137,0.6353999972343445
7.189596167008898,8.27378507871321,147.27,17.5,9286.0,5.800000011920929,8.0,0.0,3.0,4.699999809265137,0.7008000016212463
8.605065023956195,9.689253935660506,308.47,16.299999237060547,10087.0,5.800000011920929,8.0,0.0,6.0,4.699999809265137,0.920799994468689
9.357973990417522,10.442162902121837,261.54,17.0,119746.0,5.800000011920929,8.0,0.0,6.0,4.699999809265137,1.0569999933242795
10.477754962354553,11.561943874058864,331.64,16.799999237060547,151000.0,5.800000011920929,8.0,0.0,9.0,4.699999809265137,1.1212000131607056
4.553045859000685,5.637234770704997,305.37,17.200000762939453,6222.0,7.799999892711639,12.299999713897703,0.0,0.0,1.7999999523162842,0.8291999936103821
5.505817932922656,6.590006844626968,189.41,17.100000381469727,6000.0,7.799999892711639,12.299999713897703,0.0,0.0,1.7999999523162842,0.8223999977111817
7.189596167008898,8.27378507871321,147.27,17.5,8760.0,7.799999892711639,12.299999713897703,0.0,0.0,1.7999999523162842,0.8514000058174134
8.605065023956195,9.689253935660506,308.47,16.299999237060547,9516.0,7.799999892711639,12.299999713897703,0.0,1.0,1.7999999523162842,0.9842000126838684
9.357973990417522,10.442162902121837,261.54,17.0,112968.0,7.799999892711639,12.299999713897703,0.0,1.0,1.7999999523162842,1.0796000003814696
10.477754962354553,11.561943874058864,331.64,16.799999237060547,141000.0,7.799999892711639,12.299999713897703,0.0,2.0,1.7999999523162842,1.0909999847412108
4.553045859000685,5.637234770704997,305.37,17.200000762939453,6098.0,8.100000083446503,15.600000381469728,0.0,0.0,3.3714286259242465,0.5879999995231628
5.505817932922656,6.590006844626968,189.41,17.100000381469727,6000.0,8.100000083446503,15.600000381469728,0.0,0.0,3.3714286259242465,0.6307999968528748
7.189596167008898,8.27378507871321,147.27,17.5,8585.0,8.100000083446503,15.600000381469728,0.0,0.0,3.3714286259242465,0.703000009059906
8.605065023956195,9.689253935660506,308.47,16.299999237060547,9326.0,8.100000083446503,15.600000381469728,0.0,1.0,3.3714286259242465,0.8539999961853028
9.357973990417522,10.442162902121837,261.54,17.0,110708.0,8.100000083446503,15.600000381469728,0.0,1.0,3.3714286259242465,0.98400000333786
10.477754962354553,11.561943874058864,331.64,16.799999237060547,139000.0,8.100000083446503,15.600000381469728,0.0,2.0,3.3714286259242465,1.0479999780654907
4.553045859000685,5.637234770704997,305.37,17.200000762939453,6222.0,7.999999821186066,8.099999904632568,0.0,0.0,1.7999999523162842,0.6149999976158143
5.505817932922656,6.590006844626968,189.41,17.100000381469727,6000.0,7.999999821186066,8.099999904632568,0.0,0.0,1.7999999523162842,0.6093999981880188
7.189596167008898,8.27378507871321,147.27,17.5,8760.0,7.999999821186066,8.099999904632568,0.0,0.0,1.7999999523162842,0.6200000047683716
8.605065023956195,9.689253935660506,308.47,16.299999237060547,9516.0,7.999999821186066,8.099999904632568,0.0,0.0,1.7999999523162842,0.7167999982833863
9.357973990417522,10.442162902121837,261.54,17.0,112968.0,7.999999821186066,8.099999904632568,0.0,0.0,1.7999999523162842,0.8394000053405761
10.477754962354553,11.561943874058864,331.64,16.799999237060547,118990.0,7.999999821186066,8.099999904632568,0.0,0.0,1.7999999523162842,0.8444000005722045
12.536618754277892,13.620807665982204,324.6,16.0,108153.0,7.999999821186066,8.099999904632568,0.0,0.0,1.7999999523162842,0.8666000008583069
4.553045859000685,5.637234770704997,305.37,17.200000762939453,6222.0,5.000000178813934,11.299999952316284,0.0,0.0,4.200000047683716,0.4795999944210052
5.505817932922656,6.590006844626968,189.41,17.100000381469727,6000.0,5.000000178813934,11.299999952316284,0.0,0.0,4.200000047683716,0.5824000000953674
7.189596167008898,8.27378507871321,147.27,17.5,8760.0,5.000000178813934,11.299999952316284,0.0,0.0,4.200000047683716,0.6076000094413757
8.605065023956195,9.689253935660506,308.47,16.299999237060547,9516.0,5.000000178813934,11.299999952316284,0.0,0.0,4.200000047683716,0.7156000018119812
9.357973990417522,10.442162902121837,261.54,17.0,101671.0,5.000000178813934,11.299999952316284,0.0,0.0,4.200000047683716,0.7391999959945679
4.553045859000685,5.637234770704997,305.37,17.200000762939453,6098.0,5.400000095367432,14.899999856948853,0.0,0.0,4.099999904632568,0.6940000057220459
5.505817932922656,6.590006844626968,189.41,17.100000381469727,6000.0,5.400000095367432,14.899999856948853,0.0,0.0,4.099999904632568,0.8771999955177308
7.189596167008898,8.27378507871321,147.27,17.5,8585.0,5.400000095367432,14.899999856948853,0.0,0.0,4.099999904632568,0.8886000037193298
8.605065023956195,9.689253935660506,308.47,16.299999237060547,9326.0,5.400000095367432,14.899999856948853,0.0,0.0,4.099999904632568,1.161800003051758
9.357973990417522,10.442162902121837,261.54,17.0,110708.0,5.400000095367432,14.899999856948853,0.0,0.0,4.099999904632568,1.3138000249862671
10.477754962354553,11.561943874058864,331.64,16.799999237060547,116610.0,5.400000095367432,14.899999856948853,0.0,0.0,4.099999904632568,1.372000026702881
34.97604380561259,3.7180013689253935,246.92,17.100000381469727,293265.0,13.900000035762789,15.0,0.0,0.0,4.915384677740244,0.4472000002861023
35.91786447638604,4.659822039698836,194.95,16.799999237060547,971831.0,13.900000035762789,15.0,0.0,0.0,4.915384677740244,0.4357999920845031
37.60438056125941,6.346338124572211,194.27,17.5,191800.0,13.900000035762789,15.0,0.0,0.0,4.915384677740244,0.4516000032424926
39.01984941820671,7.761806981519507,341.33,16.200000762939453,391528.0,13.900000035762789,15.0,0.0,0.0,4.915384677740244,0.5055999994277954
39.7700205338809,8.511978097193703,233.96,17.100000381469727,1242858.0,13.900000035762789,15.0,0.0,0.0,4.915384677740244,0.5649999976158142
40.8952772073922,9.637234770704996,331.53,16.600000381469727,1304791.0,13.900000035762789,15.0,0.0,1.0,4.915384677740244,0.6062000036239624
39.01984941820671,1.054072553045859,341.33,16.200000762939453,394940.0,13.500000029802322,12.699999809265137,0.0,0.0,4.725000023841858,0.5226000070571899
39.7700205338809,1.8042436687200547,233.96,17.100000381469727,1253826.0,13.500000029802322,12.699999809265137,0.0,0.0,4.725000023841858,0.6009999990463257
40.8952772073922,2.9295003422313486,331.53,16.600000381469727,1316336.0,13.500000029802322,12.699999809265137,0.0,2.0,4.725000023841858,0.6930000066757203
34.97604380561259,3.7180013689253935,246.92,17.100000381469727,318000.0,11.000000178813934,8.0,0.0,0.0,6.900000095367432,0.4649999976158142
35.91786447638604,4.659822039698836,194.95,16.799999237060547,1011057.0,11.000000178813934,8.0,0.0,0.0,6.900000095367432,0.5541999936103821
37.60438056125941,6.346338124572211,194.27,17.5,199856.0,11.000000178813934,8.0,0.0,0.0,6.900000095367432,0.4636000037193298
39.01984941820671,7.761806981519507,341.33,16.200000762939453,407922.0,11.000000178813934,8.0,0.0,0.0,6.900000095367432,0.5833999872207641
39.7700205338809,8.511978097193703,233.96,17.100000381469727,1295385.0,11.000000178813934,8.0,0.0,0.0,6.900000095367432,0.599400007724762
40.8952772073922,9.637234770704996,331.53,16.600000381469727,1359632.0,11.000000178813934,8.0,0.0,1.0,6.900000095367432,0.6801999926567077
34.97604380561259,3.7180013689253935,246.92,17.100000381469727,292998.0,13.300000190734863,16.0,0.0,0.0,7.0,0.5057999968528748
35.91786447638604,4.659822039698836,194.95,16.799999237060547,972236.0,13.300000190734863,16.0,0.0,0.0,7.0,0.4785999953746795
37.60438056125941,6.346338124572211,194.27,17.5,191851.0,13.300000190734863,16.0,0.0,0.0,7.0,0.4697999954223633
39.01984941820671,7.761806981519507,341.33,16.200000762939453,391799.0,13.300000190734863,16.0,0.0,1.0,7.0,0.5621999979019165
39.7700205338809,8.511978097193703,233.96,17.100000381469727,1243712.0,13.300000190734863,16.0,0.0,1.0,7.0,0.7812000036239624
40.8952772073922,9.637234770704996,331.53,16.600000381469727,1305835.0,13.300000190734863,16.0,0.0,2.0,7.0,0.9199999928474426
34.97604380561259,3.7180013689253935,246.92,17.100000381469727,293371.0,14.79999977350235,12.0,0.0,0.0,5.400000095367432,0.48539999127388
35.91786447638604,4.659822039698836,194.95,16.799999237060547,971875.0,14.79999977350235,12.0,0.0,0.0,5.400000095367432,0.464599996805191
37.60438056125941,6.346338124572211,194.27,17.5,191804.0,14.79999977350235,12.0,0.0,0.0,5.400000095367432,0.4753999948501587
39.01984941820671,7.761806981519507,341.33,16.200000762939453,391536.0,14.79999977350235,12.0,0.0,0.0,5.400000095367432,0.5332000017166137
39.7700205338809,8.511978097193703,233.96,17.100000381469727,1242869.0,14.79999977350235,12.0,0.0,0.0,5.400000095367432,0.6136000037193299
40.8952772073922,9.637234770704996,331.53,16.600000381469727,1304813.0,14.79999977350235,12.0,0.0,1.0,5.400000095367432,0.6473999977111816
4.70362765229295,5.845311430527036,194.95,16.799999237060547,0.0,4.199999809265137,9.699999809265137,0.0,0.0,7.0,1.1610000133514404
5.500342231348392,6.6420260095824775,176.18,17.100000381469727,0.0,4.199999809265137,9.699999809265137,0.0,0.0,7.0,1.2649999856948853
6.546201232032854,7.687885010266941,194.27,17.5,0.0,4.199999809265137,9.699999809265137,0.0,0.0,7.0,1.152999997138977
7.3730321697467485,8.514715947980836,341.33,16.200000762939453,0.0,4.199999809265137,9.699999809265137,0.0,2.0,7.0,1.1699999570846558
7.600273785078714,8.7419575633128,341.33,16.200000762939453,0.0,4.199999809265137,9.699999809265137,0.0,2.0,7.0,1.3209999799728394
8.350444900752908,9.492128678986996,233.96,17.100000381469727,0.0,4.199999809265137,9.699999809265137,0.0,2.0,7.0,1.1861999750137329
8.432580424366872,9.574264202600958,233.96,17.100000381469727,0.0,4.199999809265137,9.699999809265137,1.0,3.0,7.0,1.2886000156402588
9.475701574264203,10.617385352498289,331.53,16.600000381469727,0.0,4.199999809265137,9.699999809265137,1.0,6.0,7.0,1.309999942779541
13.481177275838467,14.622861054072551,266.18,16.200000762939453,0.0,4.199999809265137,9.699999809265137,2.0,10.0,7.0,1.3486000061035155
14.33264887063655,15.474332648870636,159.36,17.0,0.0,4.199999809265137,9.699999809265137,2.0,10.0,7.0,1.450599980354309
15.233401779603012,16.3750855578371,144.44,17.600000381469727,0.0,4.199999809265137,9.699999809265137,2.0,10.0,7.0,1.5008000135421753
17.864476386036962,19.006160164271048,489.36,17.399999618530273,0.0,4.199999809265137,9.699999809265137,7.0,16.0,7.0,1.500600028038025
18.981519507186857,20.123203285420946,490.85,17.0,0.0,4.199999809265137,9.699999809265137,7.0,16.0,7.0,1.4778000116348269
19.46611909650924,20.607802874743328,444.21,17.700000762939453,0.0,4.199999809265137,9.699999809265137,6.0,17.0,7.0,1.503600001335144
22.39561943874059,23.537303216974674,336.54,17.100000381469727,0.0,4.199999809265137,9.699999809265137,5.0,17.0,7.0,1.5027999877929688
23.690622861054077,24.83230663928816,269.47,17.899999618530273,0.0,4.199999809265137,9.699999809265137,5.0,17.0,7.0,1.5161999940872193
26.11362080766598,27.255304585900067,347.08,16.899999618530273,0.0,4.199999809265137,9.699999809265137,10.0,22.0,7.0,1.504800009727478
34.98151950718686,3.704312114989733,246.92,17.100000381469727,574000.0,11.200000047683716,9.0,0.0,0.0,7.062500029802322,0.4819999933242798
37.60711841204655,6.329911019849418,194.27,17.5,627000.0,11.200000047683716,9.0,0.0,0.0,7.062500029802322,0.4698000013828277
39.77275838466804,8.49555099247091,233.96,17.100000381469727,723000.0,11.200000047683716,9.0,0.0,1.0,7.062500029802322,0.5554000020027161
40.8952772073922,9.618069815195073,331.53,16.600000381469727,745000.0,11.200000047683716,9.0,0.0,1.0,7.062500029802322,0.7094000101089477
34.98151950718686,3.704312114989733,246.92,17.100000381469727,574000.0,10.799999952316284,12.0,0.0,0.0,6.2437499314546585,0.4473999977111816
34.98151950718686,3.704312114989733,246.92,17.100000381469727,574000.0,10.90000021457672,10.5,0.0,0.0,6.296874985098839,0.4563999950885772
37.60711841204655,6.329911019849418,194.27,17.5,627000.0,10.90000021457672,10.5,0.0,0.0,6.296874985098839,0.5002000033855438
39.77275838466804,8.49555099247091,233.96,17.100000381469727,723000.0,10.90000021457672,10.5,0.0,3.0,6.296874985098839,0.6148000001907349
40.8952772073922,9.618069815195073,331.53,16.600000381469727,745000.0,10.90000021457672,10.5,0.0,3.0,6.296874985098839,0.7363999962806702
34.98151950718686,3.707049965776865,246.92,17.100000381469727,574000.0,10.099999904632568,13.0,0.0,0.0,6.2281250059604645,0.5276000022888183
37.60711841204655,6.33264887063655,194.27,17.5,627000.0,10.099999904632568,13.0,0.0,0.0,6.2281250059604645,0.5075999855995178
39.77275838466804,8.498288843258042,233.96,17.100000381469727,723000.0,10.099999904632568,13.0,1.0,8.0,6.2281250059604645,0.6527999997138977
40.8952772073922,9.620807665982204,331.53,16.600000381469727,745000.0,10.099999904632568,13.0,1.0,8.0,6.2281250059604645,0.8342000126838685
33.464750171115675,4.878850102669404,453.82,13.800000190734863,78486.0,7.700000047683716,6.5,0.0,0.0,5.300000031789144,0.6823999881744385
35.49897330595483,6.913073237508556,310.89,14.399999618530272,94977.0,7.700000047683716,6.5,0.0,0.0,5.300000031789144,0.8138000011444092
9.464750171115677,4.878850102669404,453.82,13.800000190734863,122166.0,7.299999833106995,6.5,0.0,2.0,5.900000095367432,0.8758000016212464
11.498973305954824,6.913073237508556,310.89,14.399999618530272,154253.0,7.299999833106995,6.5,0.0,2.0,5.900000095367432,0.9851999998092652
12.936344969199178,8.350444900752908,238.7,15.100000381469728,137682.0,7.299999833106995,6.5,2.0,1.0,5.900000095367432,1.0425999879837036
14.951403148528405,10.365503080082137,454.56,14.199999809265137,135000.0,7.299999833106995,6.5,0.0,2.0,5.900000095367432,1.1581999778747558
8.139630390143736,4.887063655030801,474.95,9.899999618530272,47275.0,8.699999809265137,8.300000190734863,0.0,0.0,5.299999952316284,0.5294000029563903
10.182067077344286,6.929500342231348,345.41,10.199999809265137,418000.0,8.699999809265137,8.300000190734863,0.0,0.0,5.299999952316284,0.6112000107765198
11.61122518822724,8.358658453114305,271.17,11.0,164527.0,8.699999809265137,8.300000190734863,0.0,0.0,5.299999952316284,0.6651999950408936
13.637234770704996,10.38466803559206,464.16,10.300000190734863,387601.0,8.699999809265137,8.300000190734863,0.0,0.0,5.299999952316284,0.6294000029563904
5.136208076659822,4.884325804243669,369.48,10.5,123355.0,6.300000011920929,10.600000381469728,0.0,0.0,5.549999952316284,0.682800018787384
7.170431211498974,6.91854893908282,362.07,10.300000190734863,183332.0,6.300000011920929,10.600000381469728,0.0,0.0,5.549999952316284,0.7349999904632568
8.607802874743326,8.355920602327172,287.0,11.100000381469728,139437.0,6.300000011920929,10.600000381469728,0.0,0.0,5.549999952316284,0.7649999856948853
10.636550308008214,10.38466803559206,373.87,10.699999809265137,183332.0,6.300000011920929,10.600000381469728,0.0,0.0,5.549999952316284,0.7817999958992005
12.435318275154003,12.183436002737851,245.5,11.199999809265137,23520.0,6.300000011920929,10.600000381469728,0.0,0.0,5.549999952316284,0.8478000044822693
8.462696783025326,5.878165639972622,520.26,16.299999237060547,6028.0,6.200000107288361,6.400000095367432,0.0,0.0,5.049999952316284,0.753600001335144
10.099931553730322,7.515400410677618,211.66,17.899999618530273,181861.0,6.200000107288361,6.400000095367432,0.0,0.0,5.049999952316284,0.7826000094413758
10.368240930869268,7.783709787816564,211.66,17.899999618530273,181861.0,6.200000107288361,6.400000095367432,0.0,0.0,5.049999952316284,0.8281999945640564
10.609171800136892,8.02464065708419,216.98,17.5,13954.0,6.200000107288361,6.400000095367432,0.0,0.0,5.049999952316284,0.8555999994277954
10.877481177275838,8.292950034223136,216.98,17.5,13954.0,6.200000107288361,6.400000095367432,0.0,0.0,5.049999952316284,0.8567999958992004
11.04996577686516,8.465434633812457,216.98,17.5,13954.0,6.200000107288361,6.400000095367432,0.0,0.0,5.049999952316284,0.8353999972343444
12.62422997946612,10.039698836413416,353.03,16.600000381469727,194089.0,6.200000107288361,6.400000095367432,0.0,0.0,5.049999952316284,0.8172000050544739
12.840520191649556,10.255989048596852,353.03,16.600000381469727,194089.0,6.200000107288361,6.400000095367432,0.0,0.0,5.049999952316284,0.8198000073432923
13.232032854209445,10.647501711156742,353.03,16.600000381469727,194089.0,6.200000107288361,6.400000095367432,0.0,0.0,5.049999952316284,0.8868000030517578
13.352498288843258,10.767967145790555,353.03,16.600000381469727,194089.0,6.200000107288361,6.400000095367432,0.0,0.0,5.049999952316284,0.925
16.00273785078713,13.418206707734427,185.06,18.100000381469727,78000.0,6.200000107288361,6.400000095367432,0.0,0.0,5.049999952316284,0.8740000128746033
16.383299110198493,13.79876796714579,185.06,18.100000381469727,78000.0,6.200000107288361,6.400000095367432,0.0,0.0,5.049999952316284,0.8192000031471253
16.681724845995895,14.097193702943189,196.31,18.0,12585.0,6.200000107288361,6.400000095367432,0.0,0.0,5.049999952316284,0.8550000071525574
16.922655715263517,14.338124572210814,196.31,18.0,12585.0,6.200000107288361,6.400000095367432,0.0,0.0,5.049999952316284,0.8615999937057495
17.130732375085557,14.546201232032857,196.31,18.0,12585.0,6.200000107288361,6.400000095367432,0.0,0.0,5.049999952316284,0.8799999952316284
17.333333333333332,14.74880219028063,196.31,18.0,12585.0,6.200000107288361,6.400000095367432,0.0,0.0,5.049999952316284,0.8770000100135803
17.689253935660506,15.104722792607802,436.44,17.5,18155.0,6.200000107288361,6.400000095367432,0.0,0.0,5.049999952316284,0.8613999962806702
18.33538672142368,15.75085557837098,436.44,17.5,18155.0,6.200000107288361,6.400000095367432,0.0,0.0,5.049999952316284,0.9065999984741212
18.60369609856263,16.019164955509925,257.14,18.0,21243.0,6.200000107288361,6.400000095367432,0.0,0.0,5.049999952316284,0.9248000025749208
18.73237508555784,16.147843942505133,257.14,18.0,21243.0,6.200000107288361,6.400000095367432,0.0,0.0,5.049999952316284,1.0117999911308289
20.016427104722798,17.43189596167009,650.33,17.0,46920.0,6.200000107288361,6.400000095367432,0.0,0.0,5.049999952316284,0.9998000025749206
9.388090349075975,4.884325804243669,318.99,9.300000190734863,86049.0,5.100000023841858,4.800000190734863,0.0,0.0,4.5,1.4083999872207642
17.859000684462696,1.9028062970568105,244.54,10.100000381469728,102525.0,9.0,3.799999952316284,0.0,1.0,4.099999904632568,0.5466000080108643
19.887748117727583,3.9315537303216974,436.33,9.600000381469728,88502.0,9.0,3.799999952316284,0.0,3.0,4.099999904632568,0.5941999912261963
21.68651608487337,5.730321697467488,353.31,10.199999809265137,15750.0,9.0,3.799999952316284,0.0,3.0,4.099999904632568,0.7207999944686889
11.86858316221766,4.867898699520876,444.76,13.600000381469728,610000.0,4.700000107288361,6.400000095367432,0.0,0.0,4.475000023841858,1.1350000143051149
13.932922655715265,6.93223819301848,272.72,14.0,613000.0,4.700000107288361,6.400000095367432,0.0,0.0,4.475000023841858,1.1667999744415285
15.36208076659822,8.361396303901437,295.14,14.699999809265137,380746.0,4.700000107288361,6.400000095367432,0.0,0.0,4.475000023841858,1.249400019645691
17.388090349075977,10.387405886379192,522.55,13.600000381469728,689000.0,4.700000107288361,6.400000095367432,0.0,0.0,4.475000023841858,1.2936000108718873
20.418891170431213,13.418206707734427,417.74,15.199999809265137,779000.0,4.700000107288361,6.400000095367432,0.0,0.0,4.475000023841858,1.4139999866485595
21.54688569472964,14.546201232032857,346.1,15.199999809265137,621084.0,4.700000107288361,6.400000095367432,0.0,0.0,4.475000023841858,1.5592000007629394
23.887748117727583,1.6153319644079398,291.48,15.399999618530272,851000.0,10.099999904632568,6.400000095367432,0.0,0.0,4.850000143051148,1.642199993133545
27.71526351813826,5.4428473648186175,388.38,14.399999618530272,945573.0,10.099999904632568,6.400000095367432,0.0,0.0,4.850000143051148,0.7638000130653382
30.321697467488026,8.049281314168377,349.91,14.699999809265137,823644.0,10.099999904632568,6.400000095367432,0.0,0.0,4.850000143051148,0.8723999977111816
34.691307323750856,12.41889117043121,510.31,14.699999809265137,786688.0,10.099999904632568,6.400000095367432,1.0,3.0,4.850000143051148,0.877400004863739
36.31485284052019,14.042436687200547,385.63,15.699999809265137,1095958.0,10.099999904632568,6.400000095367432,2.0,6.0,4.850000143051148,0.9953999876976012
39.21697467488022,16.944558521560573,527.43,15.100000381469728,496524.0,10.099999904632568,6.400000095367432,15.0,20.0,4.850000143051148,1.0675999999046326
33.464750171115675,4.878850102669404,290.05,12.899999618530272,320014.0,6.60000005364418,11.600000381469728,0.0,17.0,5.174999952316284,1.269600009918213
35.501711156741955,6.915811088295688,203.16,13.399999618530272,223928.0,6.60000005364418,11.600000381469728,0.0,17.0,5.174999952316284,1.3099999904632569
36.93908281998631,8.353182751540041,167.5,14.100000381469728,159000.0,6.60000005364418,11.600000381469728,14.0,17.0,5.174999952316284,1.4624000072479248
38.954140999315534,10.368240930869268,458.62,13.5,403259.0,6.60000005364418,11.600000381469728,14.0,17.0,5.174999952316284,1.6384000062942503
43.45790554414784,0.0985626283367556,247.75,14.399999618530272,123391.25,8.000000029802322,11.600000381469728,0.0,0.0,5.200000047683716,1.658400011062622
44.610540725530456,1.2511978097193703,231.68,15.0,126797.0,8.000000029802322,11.600000381469728,0.0,0.0,5.200000047683716,1.080600023269653
46.784394250513344,3.425051334702258,324.15,14.5,214000.0,8.000000029802322,11.600000381469728,0.0,0.0,5.200000047683716,1.3368000030517575
49.30047912388775,5.94113620807666,268.45,14.0,227000.0,8.000000029802322,11.600000381469728,0.0,0.0,5.200000047683716,0.7075999975204468
51.90417522245038,8.544832306639288,332.42,13.800000190734863,167371.0,8.000000029802322,11.600000381469728,0.0,0.0,5.200000047683716,0.7421999931335449
21.46748802190281,4.8815879534565365,402.69,10.399999618530272,152282.0,8.200000047683716,5.900000095367432,3.0,9.0,5.3749998807907104,0.5861999869346619
24.93908281998631,8.353182751540041,232.27,11.399999618530272,158633.0,8.200000047683716,5.900000095367432,1.0,15.0,5.3749998807907104,0.7146000027656555
26.95687885010267,10.3709787816564,523.18,10.699999809265137,2347640.0,8.200000047683716,5.900000095367432,5.0,15.0,5.3749998807907104,1.3782000064849853
28.692676249144423,12.106776180698152,330.93,11.399999618530272,864696.0,8.200000047683716,5.900000095367432,7.0,15.0,5.3749998807907104,2.519199991226196
43.08829568788501,0.1177275838466803,450.86,13.5,723145.0,12.900000154972076,12.0,0.0,0.0,3.9799999713897702,0.6927999973297119
43.488021902806295,0.5174537987679672,845.64,13.5,849556.0,12.900000154972076,12.0,0.0,0.0,3.9799999713897702,0.5661999940872192
43.98083504449008,1.0102669404517457,845.64,13.5,849556.0,12.900000154972076,12.0,0.0,0.0,3.9799999713897702,0.5492000102996826
44.48186173853525,1.51129363449692,277.04,14.199999809265137,866783.0,12.900000154972076,12.0,0.0,0.0,3.9799999713897702,0.5621999979019165
47.38124572210815,4.410677618069816,381.97,13.699999809265137,951632.0,12.900000154972076,12.0,0.0,0.0,3.9799999713897702,0.6304000020027161
48.37782340862423,5.4072553045859,314.07,14.699999809265137,973458.0,12.900000154972076,12.0,0.0,0.0,3.9799999713897702,0.7340000033378601
49.46748802190281,6.496919917864476,415.96,14.399999618530272,972305.0,12.900000154972076,12.0,1.0,5.0,3.9799999713897702,0.6715999960899353
43.08829568788501,0.109514031485284,450.86,13.5,747659.0,11.99999988079071,12.0,0.0,0.0,4.780645108992053,0.7654000043869018
43.488021902806295,0.5092402464065708,845.64,13.5,878354.0,11.99999988079071,12.0,0.0,0.0,4.780645108992053,0.5724000096321106
43.98083504449008,1.002053388090349,845.64,13.5,878354.0,11.99999988079071,12.0,0.0,0.0,4.780645108992053,0.5819999933242798
44.48186173853525,1.5030800821355237,277.04,14.199999809265137,896166.0,11.99999988079071,12.0,0.0,0.0,4.780645108992053,0.5643999934196472
47.38124572210815,4.402464065708419,381.97,13.699999809265137,983890.0,11.99999988079071,12.0,9.0,17.0,4.780645108992053,0.5880000114440918
48.37782340862423,5.399041752224504,314.07,14.699999809265137,1006456.0,11.99999988079071,12.0,9.0,17.0,4.780645108992053,0.6444000005722046
49.46748802190281,6.48870636550308,415.96,14.399999618530272,1005265.0,11.99999988079071,12.0,9.0,17.0,4.780645108992053,0.6466000080108643
52.09856262833676,9.119780971937027,270.44,14.5,529250.0,11.99999988079071,12.0,9.0,17.0,4.780645108992053,0.6733999848365784
53.06228610540725,10.08350444900753,462.92,14.899999618530272,530700.0,11.99999988079071,12.0,9.0,17.0,4.780645108992053,0.7011999964714051
43.08829568788501,0.1177275838466803,450.86,13.5,747659.0,12.500000357627869,12.0,0.0,0.0,4.150000035762787,0.6394000053405762
43.488021902806295,0.5174537987679672,845.64,13.5,878354.0,12.500000357627869,12.0,0.0,0.0,4.150000035762787,0.5437999963760376
43.98083504449008,1.0102669404517457,845.64,13.5,878354.0,12.500000357627869,12.0,0.0,0.0,4.150000035762787,0.5328000068664551
44.48186173853525,1.51129363449692,277.04,14.199999809265137,896166.0,12.500000357627869,12.0,0.0,0.0,4.150000035762787,0.5591999888420105
47.38124572210815,4.410677618069816,381.97,13.699999809265137,983890.0,12.500000357627869,12.0,0.0,0.0,4.150000035762787,0.5677999973297119
48.37782340862423,5.4072553045859,314.07,14.699999809265137,1006456.0,12.500000357627869,12.0,0.0,0.0,4.150000035762787,0.6521999955177307
49.46748802190281,6.496919917864476,415.96,14.399999618530272,1005265.0,12.500000357627869,12.0,0.0,0.0,4.150000035762787,0.749400007724762
52.09856262833676,9.127994524298426,270.44,14.5,531440.0,12.500000357627869,12.0,0.0,0.0,4.150000035762787,0.800000011920929
53.06228610540725,10.091718001368925,462.92,14.899999618530272,532896.0,12.500000357627869,12.0,0.0,0.0,4.150000035762787,0.728000009059906
43.08829568788501,0.1177275838466803,450.86,13.5,747659.0,11.499999940395355,13.0,0.0,0.0,4.600000027687319,0.696999990940094
43.488021902806295,0.5174537987679672,845.64,13.5,878354.0,11.499999940395355,13.0,0.0,0.0,4.600000027687319,0.6483999967575074
43.98083504449008,1.0102669404517457,845.64,13.5,878354.0,11.499999940395355,13.0,0.0,0.0,4.600000027687319,0.6490000009536743
44.48186173853525,1.51129363449692,277.04,14.199999809265137,896166.0,11.499999940395355,13.0,0.0,0.0,4.600000027687319,0.6270000100135803
47.38124572210815,4.410677618069816,381.97,13.699999809265137,983890.0,11.499999940395355,13.0,0.0,0.0,4.600000027687319,0.6492000222206116
48.37782340862423,5.4072553045859,314.07,14.699999809265137,1006456.0,11.499999940395355,13.0,0.0,0.0,4.600000027687319,0.8037999987602233
49.46748802190281,6.496919917864476,415.96,14.399999618530272,1005265.0,11.499999940395355,13.0,1.0,4.0,4.600000027687319,0.8577999949455262
52.09856262833676,9.127994524298426,270.44,14.5,528520.0,11.499999940395355,13.0,1.0,4.0,4.600000027687319,0.8759999990463256
53.06228610540725,10.091718001368925,462.92,14.899999618530272,529968.0,11.499999940395355,13.0,1.0,4.0,4.600000027687319,0.8807999968528748
43.08829568788501,0.0492813141683778,450.86,13.5,747659.0,12.000000059604645,13.0,0.0,0.0,3.9499999284744254,0.6906000018119812
43.488021902806295,0.4490075290896646,845.64,13.5,878354.0,12.000000059604645,13.0,0.0,0.0,3.9499999284744254,0.5789999961853027
43.98083504449008,0.9418206707734428,845.64,13.5,878354.0,12.000000059604645,13.0,0.0,0.0,3.9499999284744254,0.574999988079071
44.48186173853525,1.4428473648186173,277.04,14.199999809265137,896166.0,12.000000059604645,13.0,0.0,0.0,3.9499999284744254,0.5824000000953674
47.38124572210815,4.342231348391513,381.97,13.699999809265137,983890.0,12.000000059604645,13.0,0.0,0.0,3.9499999284744254,0.5945999979972839
48.37782340862423,5.338809034907597,314.07,14.699999809265137,1006456.0,12.000000059604645,13.0,0.0,0.0,3.9499999284744254,0.6284000039100647
49.46748802190281,6.4284736481861735,415.96,14.399999618530272,1005265.0,12.000000059604645,13.0,0.0,0.0,3.9499999284744254,0.6446000099182129
52.09856262833676,9.059548254620124,270.44,14.5,532900.0,12.000000059604645,13.0,0.0,0.0,3.9499999284744254,0.723199999332428
53.06228610540725,10.023271731690622,462.92,14.899999618530272,534360.0,12.000000059604645,13.0,0.0,0.0,3.9499999284744254,1.0360000014305115
11.189596167008895,0.1341546885694729,407.79,11.399999618530272,153125.0,11.299999713897703,0.0,0.0,0.0,5.920000076293945,1.3772000074386597
11.592060232717316,0.5366187542778919,457.74,10.699999809265137,158112.0,11.299999713897703,0.0,0.0,0.0,5.920000076293945,0.4427999973297119
12.038329911019847,0.9828884325804244,457.74,10.699999809265137,158112.0,11.299999713897703,0.0,0.0,0.0,5.920000076293945,0.4448000013828277
12.577686516084873,1.5222450376454484,568.87,9.699999809265137,163637.0,11.299999713897703,0.0,0.0,0.0,5.920000076293945,0.4522000014781951
13.793292265571528,2.737850787132101,317.29,10.600000381469728,162586.0,11.299999713897703,0.0,0.0,0.0,5.920000076293945,0.4560000002384186
14.609171800136892,3.553730321697468,462.13,9.699999809265137,160483.0,11.299999713897703,0.0,0.0,0.0,5.920000076293945,0.477999997138977
15.928815879534566,4.87337440109514,398.79,10.800000190734863,169004.0,11.299999713897703,0.0,0.0,0.0,5.920000076293945,0.4675999999046326
16.862422997946613,5.806981519507187,415.43,11.300000190734863,196224.0,11.299999713897703,0.0,0.0,0.0,5.920000076293945,0.5122000098228454
17.864476386036962,6.809034907597536,520.72,10.399999618530272,153000.0,11.299999713897703,0.0,0.0,0.0,5.920000076293945,0.5291999936103821
19.132101300479125,8.0766598220397,423.38,10.899999618530272,172000.0,11.299999713897703,0.0,0.0,0.0,5.920000076293945,0.5111999988555909
11.189596167008895,0.1341546885694729,407.79,11.399999618530272,153125.0,11.799999833106996,0.0,0.0,0.0,5.450000047683716,1.3883999824523925
11.592060232717316,0.5366187542778919,457.74,10.699999809265137,158112.0,11.799999833106996,0.0,0.0,0.0,5.450000047683716,0.3509999990463257
12.038329911019847,0.9828884325804244,457.74,10.699999809265137,158112.0,11.799999833106996,0.0,0.0,0.0,5.450000047683716,0.3531999945640564
12.577686516084873,1.5222450376454484,568.87,9.699999809265137,163637.0,11.799999833106996,0.0,0.0,0.0,5.450000047683716,0.3432000041007995
13.793292265571528,2.737850787132101,317.29,10.600000381469728,162586.0,11.799999833106996,0.0,0.0,0.0,5.450000047683716,0.3577999949455261
14.609171800136892,3.553730321697468,462.13,9.699999809265137,160483.0,11.799999833106996,0.0,0.0,0.0,5.450000047683716,0.361599999666214
15.928815879534566,4.87337440109514,398.79,10.800000190734863,169004.0,11.799999833106996,0.0,0.0,0.0,5.450000047683716,0.3642000019550323
16.862422997946613,5.806981519507187,415.43,11.300000190734863,196224.0,11.799999833106996,0.0,0.0,0.0,5.450000047683716,0.3709999978542327
17.864476386036962,6.809034907597536,520.72,10.399999618530272,152000.0,11.799999833106996,0.0,0.0,0.0,5.450000047683716,0.3818000018596649
19.132101300479125,8.0766598220397,423.38,10.899999618530272,171000.0,11.799999833106996,0.0,0.0,0.0,5.450000047683716,0.3821999967098236
11.189596167008895,0.1341546885694729,407.79,11.399999618530272,154720.0,11.199999809265137,0.0,0.0,0.0,5.950000047683716,0.960200011730194
11.592060232717316,0.5366187542778919,457.74,10.699999809265137,159759.0,11.199999809265137,0.0,0.0,0.0,5.950000047683716,0.4653999984264373
12.038329911019847,0.9828884325804244,457.74,10.699999809265137,159759.0,11.199999809265137,0.0,0.0,0.0,5.950000047683716,0.4733999967575073
12.577686516084873,1.5222450376454484,568.87,9.699999809265137,165341.0,11.199999809265137,0.0,0.0,0.0,5.950000047683716,0.4624000072479248
13.793292265571528,2.737850787132101,317.29,10.600000381469728,164279.0,11.199999809265137,0.0,0.0,0.0,5.950000047683716,0.4653999984264373
14.609171800136892,3.553730321697468,462.13,9.699999809265137,162155.0,11.199999809265137,0.0,0.0,0.0,5.950000047683716,0.4610000014305114
15.928815879534566,4.87337440109514,398.79,10.800000190734863,170765.0,11.199999809265137,0.0,0.0,0.0,5.950000047683716,0.4689999997615814
16.862422997946613,5.806981519507187,415.43,11.300000190734863,198268.0,11.199999809265137,0.0,0.0,0.0,5.950000047683716,0.4796000003814697
17.864476386036962,6.809034907597536,520.72,10.399999618530272,154000.0,11.199999809265137,0.0,0.0,0.0,5.950000047683716,0.4870000004768371
19.132101300479125,8.0766598220397,423.38,10.899999618530272,173000.0,11.199999809265137,0.0,0.0,0.0,5.950000047683716,0.4833999991416931
11.189596167008895,0.1341546885694729,407.79,11.399999618530272,154720.0,11.100000143051147,0.0,0.0,0.0,5.950000047683716,1.0501999855041504
11.592060232717316,0.5366187542778919,457.74,10.699999809265137,159759.0,11.100000143051147,0.0,0.0,0.0,5.950000047683716,0.5068000078201294
12.038329911019847,0.9828884325804244,457.74,10.699999809265137,159759.0,11.100000143051147,0.0,0.0,0.0,5.950000047683716,0.5066000044345855
12.577686516084873,1.5222450376454484,568.87,9.699999809265137,165341.0,11.100000143051147,0.0,0.0,0.0,5.950000047683716,0.489599996805191
13.793292265571528,2.737850787132101,317.29,10.600000381469728,164279.0,11.100000143051147,0.0,0.0,0.0,5.950000047683716,0.5061999917030334
14.609171800136892,3.553730321697468,462.13,9.699999809265137,162155.0,11.100000143051147,0.0,0.0,0.0,5.950000047683716,0.5001999914646149
15.928815879534566,4.87337440109514,398.79,10.800000190734863,170765.0,11.100000143051147,0.0,0.0,0.0,5.950000047683716,0.5013999938964844
16.862422997946613,5.806981519507187,415.43,11.300000190734863,198268.0,11.100000143051147,0.0,0.0,0.0,5.950000047683716,0.5197999954223633
17.864476386036962,6.809034907597536,520.72,10.399999618530272,154000.0,11.100000143051147,0.0,0.0,0.0,5.950000047683716,0.5287999987602234
19.132101300479125,8.0766598220397,423.38,10.899999618530272,173000.0,11.100000143051147,0.0,0.0,0.0,5.950000047683716,0.5302000045776367
11.189596167008895,0.1341546885694729,407.79,11.399999618530272,156315.0,10.599999904632568,0.0,0.0,0.0,5.775000095367432,1.0818000078201293
11.592060232717316,0.5366187542778919,457.74,10.699999809265137,161406.0,10.599999904632568,0.0,0.0,0.0,5.775000095367432,0.504799997806549
12.038329911019847,0.9828884325804244,457.74,10.699999809265137,161406.0,10.599999904632568,0.0,0.0,0.0,5.775000095367432,0.510999995470047
12.577686516084873,1.5222450376454484,568.87,9.699999809265137,167046.0,10.599999904632568,0.0,0.0,0.0,5.775000095367432,0.5023999989032746
13.793292265571528,2.737850787132101,317.29,10.600000381469728,165973.0,10.599999904632568,0.0,0.0,0.0,5.775000095367432,0.5019999921321869
14.609171800136892,3.553730321697468,462.13,9.699999809265137,163827.0,10.599999904632568,0.0,0.0,0.0,5.775000095367432,0.5089999914169312
15.928815879534566,4.87337440109514,398.79,10.800000190734863,172525.0,10.599999904632568,0.0,0.0,0.0,5.775000095367432,0.5149999976158142
16.862422997946613,5.806981519507187,415.43,11.300000190734863,200312.0,10.599999904632568,0.0,0.0,0.0,5.775000095367432,0.523799991607666
17.864476386036962,6.809034907597536,520.72,10.399999618530272,156000.0,10.599999904632568,0.0,0.0,0.0,5.775000095367432,0.5382000088691712
19.132101300479125,8.0766598220397,423.38,10.899999618530272,174000.0,10.599999904632568,0.0,0.0,0.0,5.775000095367432,0.5361999869346619
17.062286105407257,4.895277207392197,416.08,16.899999618530273,16000.0,1.2000000476837158,9.800000190734863,0.0,0.0,5.549999952316284,1.6296000242233275
18.529774127310063,6.362765229295003,205.57,17.100000381469727,17000.0,1.2000000476837158,9.800000190734863,0.0,0.0,5.549999952316284,1.812399959564209
20.03832991101985,7.871321013004791,219.6,18.299999237060547,18000.0,1.2000000476837158,9.800000190734863,0.0,4.0,5.549999952316284,1.7859999895095826
23.43874058863792,6.354551676933607,296.57,13.699999809265137,53465.0,8.600000083446503,4.800000190734863,0.0,5.0,4.3999998569488525,2.1309999942779543
24.9637234770705,7.879534565366187,480.85,14.800000190734863,45957.0,8.600000083446503,4.800000190734863,0.0,5.0,4.3999998569488525,2.4289999485015867
15.50444900752909,6.338124572210814,211.02,16.0,67000.0,5.3999998569488525,8.399999618530273,0.0,5.0,6.25,1.8520000219345087
17.0403832991102,7.874058863791923,250.43,17.299999237060547,70565.0,5.3999998569488525,8.399999618530273,1.0,7.0,6.25,1.905199980735779
20.670773442847366,6.338124572210814,356.46,15.399999618530272,69000.0,7.399999871850014,8.399999618530273,0.0,0.0,6.400000095367432,1.6026000022888185
24.82135523613963,10.48870636550308,662.26,15.199999809265137,52461.0,7.399999871850014,8.399999618530273,0.0,1.0,6.400000095367432,1.684000015258789
25.749486652977414,11.416837782340862,192.35,17.299999237060547,73730.0,7.399999871850014,8.399999618530273,0.0,1.0,6.400000095367432,2.3112000465393066
28.13141683778234,1.1800136892539357,464.13,16.799999237060547,81336.0,9.999999776482582,8.399999618530273,0.0,1.0,4.099999904632568,1.863599991798401
30.083504449007528,3.132101300479124,458.98,16.0,77986.0,9.999999776482582,8.399999618530273,0.0,0.0,4.099999904632568,0.8128000020980835
32.54209445585216,5.590691307323751,357.84,16.100000381469727,94936.0,9.999999776482582,8.399999618530273,0.0,0.0,4.099999904632568,0.8458000183105469
37.634496919917865,10.683093771389458,632.65,15.699999809265137,122030.0,9.999999776482582,8.399999618530273,0.0,3.0,4.099999904632568,0.9483999848365784
22.84462696783025,6.340862422997946,407.79,14.899999618530272,9428.0,2.300000011920929,9.399999618530272,6.0,32.0,5.349999904632568,1.2368000268936157
24.38056125941136,7.876796714579055,245.41,16.100000381469727,11373.0,2.300000011920929,9.399999618530272,7.0,31.0,5.349999904632568,1.3241999864578249
31.21697467488022,0.5694729637234771,356.54,16.100000381469727,4524.0,4.900000035762787,9.399999618530272,0.0,0.0,4.75,1.388199996948242
32.257357973990416,1.6098562628336757,465.93,15.5,25000.0,4.900000035762787,9.399999618530272,0.0,0.0,4.75,0.554200005531311
32.6570841889117,2.0095824777549622,287.8,16.299999237060547,27536.0,4.900000035762787,9.399999618530272,0.0,0.0,4.75,0.5686000108718872
34.71047227926078,4.0629705681040384,370.24,15.600000381469728,19000.0,4.900000035762787,9.399999618530272,0.0,0.0,4.75,0.5414000034332276
39.80561259411362,9.158110882956878,547.82,15.300000190734863,12972.5,4.900000035762787,9.399999618530272,2.0,10.0,4.75,0.5779999971389771
14.715947980835043,4.131416837782341,281.91,15.5,39993.0,2.4000000059604645,8.399999618530273,0.0,0.0,4.900000095367432,1.4406000137329102
16.449007529089666,5.864476386036961,197.58,15.899999618530272,17202.0,2.4000000059604645,8.399999618530273,0.0,0.0,4.900000095367432,1.5859999895095824
20.761122518822724,10.17659137577002,250.04,16.700000762939453,85713.0,2.4000000059604645,8.399999618530273,0.0,1.0,4.900000095367432,1.7143999814987183
23.964407939767284,13.379876796714578,174.67,17.700000762939453,84648.0,2.4000000059604645,8.399999618530273,4.0,8.0,4.900000095367432,2.279800033569336
25.45653661875428,14.872005475701574,145.71,17.5,86366.0,2.4000000059604645,8.399999618530273,6.0,10.0,4.900000095367432,2.3329999923706053
27.477070499657767,0.5639972621492129,171.37,17.700000762939453,126021.5,3.0,8.399999618530273,6.0,10.0,4.150000095367432,2.1562000274658204
31.30458590006845,4.39151266255989,239.77,16.5,106675.0,3.0,8.399999618530273,16.0,24.0,4.150000095367432,1.031599998474121
29.204654346338124,4.870636550308008,485.62,13.800000190734863,112000.0,4.000000014901161,8.399999618530273,1.0,8.0,6.300000190734863,1.7682000160217286
30.694045174537987,6.360027378507871,259.22,13.899999618530272,110080.0,4.000000014901161,8.399999618530273,1.0,8.0,6.300000190734863,1.901800012588501
26.455852156057496,4.870636550308008,485.62,13.800000190734863,92272.0,6.000000014901161,7.400000095367432,0.0,0.0,6.075000166893005,0.9865999937057496
27.94798083504449,6.362765229295003,259.22,13.899999618530272,94670.0,6.000000014901161,7.400000095367432,0.0,0.0,6.075000166893005,1.0393999814987185
29.464750171115675,7.879534565366187,384.85,15.0,72000.0,6.000000014901161,7.400000095367432,0.0,0.0,6.075000166893005,1.0821999788284302
13.021218343600276,4.59958932238193,370.07,10.199999809265137,41022.0,5.499999910593033,5.800000190734863,0.0,0.0,5.699999809265137,1.0712000131607056
13.21286789869952,4.791238877481177,265.17,11.600000381469728,53000.0,5.499999910593033,5.800000190734863,0.0,0.0,5.699999809265137,1.067799997329712
13.451060917180014,5.02943189596167,265.17,11.600000381469728,53000.0,5.499999910593033,5.800000190734863,0.0,0.0,5.699999809265137,1.103599977493286
13.700205338809036,5.278576317590692,265.17,11.600000381469728,53000.0,5.499999910593033,5.800000190734863,0.0,0.0,5.699999809265137,1.1184000015258788
14.036960985626283,5.61533196440794,265.17,11.600000381469728,53000.0,5.499999910593033,5.800000190734863,0.0,0.0,5.699999809265137,1.1128000020980835
14.30800821355236,5.886379192334018,304.62,11.100000381469728,48000.0,5.499999910593033,5.800000190734863,0.0,0.0,5.699999809265137,1.0736000061035156
14.505133470225871,6.083504449007529,304.62,11.100000381469728,48000.0,5.499999910593033,5.800000190734863,0.0,1.0,5.699999809265137,1.091000008583069
1.5742642026009583,2.154688569472964,170.69,18.5,139087.0,6.599999904632568,8.5,0.0,0.0,4.46666685740153,0.6572000026702881
3.479808350444901,4.060232717316906,228.2,18.399999618530277,163009.0,6.599999904632568,8.5,0.0,0.0,4.46666685740153,0.6556000113487244
4.684462696783025,5.264887063655031,225.04,17.200000762939453,176770.0,6.599999904632568,8.5,0.0,0.0,4.46666685740153,0.6609999895095825
5.341546885694729,5.921971252566735,225.04,17.200000762939453,176770.0,6.599999904632568,8.5,0.0,0.0,4.46666685740153,0.6854000091552734
6.294318959616701,6.874743326488707,130.0,18.399999618530277,185238.0,6.599999904632568,8.5,0.0,2.0,4.46666685740153,0.6832000017166138
7.383983572895278,7.964407939767283,100.56,19.0,201029.0,6.599999904632568,8.5,0.0,4.0,4.46666685740153,0.676200008392334
1.5742642026009583,2.154688569472964,170.69,18.5,139087.0,4.0,12.100000381469728,0.0,0.0,4.699999809265137,0.6735999941825866
3.479808350444901,4.060232717316906,228.2,18.399999618530277,163009.0,4.0,12.100000381469728,0.0,0.0,4.699999809265137,0.6956000089645386
4.684462696783025,5.264887063655031,225.04,17.200000762939453,176770.0,4.0,12.100000381469728,0.0,0.0,4.699999809265137,0.7119999885559082
5.341546885694729,5.921971252566735,225.04,17.200000762939453,176770.0,4.0,12.100000381469728,0.0,0.0,4.699999809265137,0.7161999940872192
6.294318959616701,6.874743326488707,130.0,18.399999618530277,185238.0,4.0,12.100000381469728,0.0,1.0,4.699999809265137,0.699999988079071
7.383983572895278,7.964407939767283,100.56,19.0,201029.0,4.0,12.100000381469728,1.0,1.0,4.699999809265137,0.7282000064849854
9.582477754962357,0.8350444900752909,220.67,19.299999237060547,42000.0,4.400000095367432,11.799999713897703,0.0,15.0,5.900000095367432,1.0904000043869018
10.60643394934976,1.8590006844626967,292.28,18.5,50000.0,4.400000095367432,11.799999713897703,0.0,15.0,5.900000095367432,0.9118000030517578
11.619438740588638,2.8720054757015743,415.41,18.299999237060547,51000.0,4.400000095367432,11.799999713897703,7.0,15.0,5.900000095367432,0.9890000104904176
12.65160848733744,3.904175222450376,124.92,18.5,21000.0,4.400000095367432,11.799999713897703,7.0,15.0,5.900000095367432,0.9252000093460084
1.5742642026009583,2.154688569472964,170.69,18.5,139087.0,6.300000190734863,8.699999809265137,0.0,0.0,3.0999999046325684,0.8827999949455261
3.479808350444901,4.060232717316906,228.2,18.399999618530277,163009.0,6.300000190734863,8.699999809265137,0.0,0.0,3.0999999046325684,0.8279999971389771
4.684462696783025,5.264887063655031,225.04,17.200000762939453,176770.0,6.300000190734863,8.699999809265137,0.0,5.0,3.0999999046325684,0.8934000134468079
5.341546885694729,5.921971252566735,225.04,17.200000762939453,176770.0,6.300000190734863,8.699999809265137,0.0,5.0,3.0999999046325684,0.9645999908447266
6.294318959616701,6.874743326488707,130.0,18.399999618530277,185238.0,6.300000190734863,8.699999809265137,2.0,7.0,3.0999999046325684,0.98160001039505
7.383983572895278,7.964407939767283,100.56,19.0,201029.0,6.300000190734863,8.699999809265137,0.0,9.0,3.0999999046325684,0.9317999958992004
8.265571526351813,8.845995893223819,176.46,19.0,212970.0,6.300000190734863,8.699999809265137,0.0,12.0,3.0999999046325684,1.0092000126838685
8.555783709787816,9.13620807665982,53.65,19.0,348762.5,6.300000190734863,8.699999809265137,0.0,12.0,3.0999999046325684,1.1393999814987184
9.582477754962357,0.9117043121149896,220.67,19.299999237060547,42000.0,6.300000190734863,8.699999809265137,1.0,16.0,3.809999895095826,1.0557999968528748
10.60643394934976,1.9356605065023955,292.28,18.5,50000.0,6.300000190734863,8.699999809265137,4.0,16.0,3.809999895095826,0.9716000080108642
11.619438740588638,2.948665297741273,415.41,18.299999237060547,51000.0,6.300000190734863,8.699999809265137,7.0,16.0,3.809999895095826,0.9648000001907348
12.65160848733744,3.980835044490075,124.92,18.5,21420.0,6.300000190734863,8.699999809265137,8.0,17.0,3.809999895095826,1.255599999427795
9.582477754962357,0.8350444900752909,220.67,19.299999237060547,42000.0,4.599999904632568,16.0,3.0,17.0,2.400000095367432,0.8413999915122986
10.60643394934976,1.8590006844626967,292.28,18.5,50000.0,4.599999904632568,16.0,0.0,16.0,2.400000095367432,0.8656000137329102
11.619438740588638,2.8720054757015743,415.41,18.299999237060547,50000.0,4.599999904632568,16.0,5.0,17.0,2.400000095367432,0.897000002861023
12.65160848733744,3.904175222450376,124.92,18.5,22260.0,4.599999904632568,16.0,5.0,16.0,2.400000095367432,0.851800000667572
1.5742642026009583,2.154688569472964,170.69,18.5,139087.0,4.199999809265137,8.599999904632568,0.0,0.0,3.685185220506456,0.9331999897956847
3.479808350444901,4.060232717316906,228.2,18.399999618530277,163009.0,4.199999809265137,8.599999904632568,0.0,0.0,3.685185220506456,0.9134000182151796
4.684462696783025,5.264887063655031,225.04,17.200000762939453,176770.0,4.199999809265137,8.599999904632568,0.0,0.0,3.685185220506456,1.0020000100135804
5.341546885694729,5.921971252566735,225.04,17.200000762939453,176770.0,4.199999809265137,8.599999904632568,0.0,0.0,3.685185220506456,0.9688000082969666
6.294318959616701,6.874743326488707,130.0,18.399999618530277,185238.0,4.199999809265137,8.599999904632568,0.0,4.0,3.685185220506456,0.96839998960495
7.383983572895278,7.964407939767283,100.56,19.0,201029.0,4.199999809265137,8.599999904632568,0.0,5.0,3.685185220506456,1.1245999813079834
1.5742642026009583,2.154688569472964,170.69,18.5,136689.0,6.800000190734863,11.700000047683716,0.0,0.0,4.5,0.7080000042915344
3.479808350444901,4.060232717316906,228.2,18.399999618530277,160198.0,6.800000190734863,11.700000047683716,0.0,0.0,4.5,0.6685999989509582
4.684462696783025,5.264887063655031,225.04,17.200000762939453,173722.0,6.800000190734863,11.700000047683716,0.0,1.0,4.5,0.7349999904632568
5.341546885694729,5.921971252566735,225.04,17.200000762939453,173722.0,6.800000190734863,11.700000047683716,0.0,1.0,4.5,0.7295999884605407
6.294318959616701,6.874743326488707,130.0,18.399999618530277,182044.0,6.800000190734863,11.700000047683716,0.0,3.0,4.5,0.725
7.383983572895278,7.964407939767283,100.56,19.0,197563.0,6.800000190734863,11.700000047683716,0.0,7.0,4.5,0.7589999914169312
1.5742642026009583,2.154688569472964,170.69,18.5,136689.0,6.699999809265137,15.799999713897703,0.0,0.0,3.623076879061186,0.55
3.479808350444901,4.060232717316906,228.2,18.399999618530277,160198.0,6.699999809265137,15.799999713897703,0.0,0.0,3.623076879061186,0.5314000010490417
4.684462696783025,5.264887063655031,225.04,17.200000762939453,173722.0,6.699999809265137,15.799999713897703,0.0,0.0,3.623076879061186,0.570799994468689
5.341546885694729,5.921971252566735,225.04,17.200000762939453,173722.0,6.699999809265137,15.799999713897703,0.0,0.0,3.623076879061186,0.5704000115394592
6.294318959616701,6.874743326488707,130.0,18.399999618530277,182044.0,6.699999809265137,15.799999713897703,0.0,1.0,3.623076879061186,0.5634000062942505
7.383983572895278,7.964407939767283,100.56,19.0,197563.0,6.699999809265137,15.799999713897703,0.0,6.0,3.623076879061186,0.5851999998092652
8.265571526351813,0.5174537987679672,176.46,19.0,174893.0,6.699999809265137,15.799999713897703,0.0,12.0,3.6296295943083594,0.6058000087738037
8.555783709787816,0.8076659822039699,53.65,19.0,392174.0,6.699999809265137,15.799999713897703,0.0,12.0,3.6296295943083594,0.6937999963760376
9.582477754962357,1.834360027378508,220.67,19.299999237060547,41000.0,6.699999809265137,15.799999713897703,3.0,16.0,3.6296295943083594,0.7416000008583069
10.60643394934976,2.858316221765914,292.28,18.5,49000.0,6.699999809265137,15.799999713897703,3.0,17.0,3.6296295943083594,0.8883999824523926
11.619438740588638,3.871321013004791,415.41,18.299999237060547,50000.0,6.699999809265137,15.799999713897703,9.0,16.0,3.6296295943083594,0.9917999863624573
12.65160848733744,4.903490759753593,124.92,18.5,18974.0,6.699999809265137,15.799999713897703,14.0,20.0,3.6296295943083594,1.2685999870300293
1.5742642026009583,2.154688569472964,170.69,18.5,146281.0,5.699999809265137,3.799999952316284,0.0,0.0,4.300000190734863,1.173799991607666
3.479808350444901,4.060232717316906,228.2,18.399999618530277,171440.0,5.699999809265137,3.799999952316284,0.0,0.0,4.300000190734863,1.154200005531311
4.684462696783025,5.264887063655031,225.04,17.200000762939453,185913.0,5.699999809265137,3.799999952316284,0.0,0.0,4.300000190734863,1.1860000133514403
5.341546885694729,5.921971252566735,225.04,17.200000762939453,185913.0,5.699999809265137,3.799999952316284,0.0,0.0,4.300000190734863,1.1601999998092651
6.294318959616701,6.874743326488707,130.0,18.399999618530277,194819.0,5.699999809265137,3.799999952316284,0.0,4.0,4.300000190734863,1.1371999979019165
7.383983572895278,7.964407939767283,100.56,19.0,211427.0,5.699999809265137,3.799999952316284,0.0,8.0,4.300000190734863,1.195400023460388
1.4236824093086926,2.1711156741957565,155.34,22.399999618530277,771763.0,9.399999618530272,4.0,0.0,0.0,4.300000190734863,0.9896000027656556
3.323750855578371,4.071184120465435,146.29,22.5,786940.0,9.399999618530272,4.0,0.0,0.0,4.300000190734863,1.0505999803543091
4.175222450376454,4.922655715263518,146.29,22.5,786940.0,9.399999618530272,4.0,0.0,0.0,4.300000190734863,1.0328000068664551
5.1854893908282,5.932922655715264,216.26,21.200000762939453,716678.0,9.399999618530272,4.0,0.0,0.0,4.300000190734863,0.996999990940094
6.121834360027378,6.869267624914442,77.05,22.399999618530277,2156778.0,9.399999618530272,4.0,0.0,1.0,4.300000190734863,1.0125999927520752
7.17864476386037,7.926078028747433,90.34,22.799999237060547,2387579.0,9.399999618530272,4.0,2.0,2.0,4.300000190734863,1.0001999974250793
8.10403832991102,8.851471594798083,238.55,22.799999237060547,2628661.0,9.399999618530272,4.0,2.0,2.0,4.300000190734863,0.9857999801635742
9.078713210130047,9.826146475017111,62.02,22.700000762939453,2831000.0,9.399999618530272,4.0,3.0,4.0,4.300000190734863,1.0091999769210815
10.34360027378508,11.091033538672145,170.05,22.399999618530277,1237472.0,9.399999618530272,4.0,3.0,4.0,4.300000190734863,0.9537999987602234
11.197809719370294,11.94524298425736,170.05,22.399999618530277,1237472.0,9.399999618530272,4.0,3.0,4.0,4.300000190734863,0.9511999964714052
1.4236824093086926,2.1711156741957565,155.34,22.399999618530277,781786.0,8.899999618530273,4.0,0.0,0.0,4.699999809265137,0.7204000115394592
3.323750855578371,4.071184120465435,146.29,22.5,797160.0,8.899999618530273,4.0,0.0,0.0,4.699999809265137,0.7582000017166137
4.175222450376454,4.922655715263518,146.29,22.5,797160.0,8.899999618530273,4.0,0.0,0.0,4.699999809265137,0.7520000100135803
5.1854893908282,5.932922655715264,216.26,21.200000762939453,725985.0,8.899999618530273,4.0,0.0,0.0,4.699999809265137,0.7367999911308288
6.121834360027378,6.869267624914442,77.05,22.399999618530277,2184788.0,8.899999618530273,4.0,6.0,16.0,4.699999809265137,0.7554000020027161
7.17864476386037,7.926078028747433,90.34,22.799999237060547,2418587.0,8.899999618530273,4.0,13.0,16.0,4.699999809265137,0.7403999924659729
8.10403832991102,8.851471594798083,238.55,22.799999237060547,2662799.0,8.899999618530273,4.0,13.0,16.0,4.699999809265137,0.7529999852180481
9.078713210130047,9.826146475017111,62.02,22.700000762939453,2831000.0,8.899999618530273,4.0,11.0,16.0,4.699999809265137,0.7627999901771545
10.34360027378508,11.091033538672145,170.05,22.399999618530277,655884.0,8.899999618530273,4.0,11.0,16.0,4.699999809265137,0.7132000088691711
11.197809719370294,11.94524298425736,170.05,22.399999618530277,655884.0,8.899999618530273,4.0,4.0,11.0,4.699999809265137,0.7209999918937683
28.594113620807665,6.792607802874743,135.36,22.200000762939453,223000.0,6.400000095367432,14.699999809265137,3.0,6.0,4.933333396911621,1.4192000150680542
29.440109514031484,7.638603696098563,135.36,22.200000762939453,223000.0,6.400000095367432,14.699999809265137,3.0,6.0,4.933333396911621,1.7289999961853026
35.60027378507871,0.810403832991102,147.04,22.100000381469727,392000.0,6.70000009983778,14.699999809265137,54.0,33.0,5.092857122421265,2.761999988555908
36.45448323066393,1.6646132785763177,147.04,22.100000381469727,392000.0,6.70000009983778,14.699999809265137,50.0,32.0,5.092857122421265,2.921600008010864
37.72758384668035,2.937713894592745,160.63,22.200000762939453,309754.0,6.70000009983778,14.699999809265137,53.0,32.0,5.092857122421265,2.716999959945679
40.19712525667351,5.4072553045859,364.88,21.700000762939453,495022.0,6.70000009983778,14.699999809265137,53.0,32.0,5.092857122421265,3.662999963760376
35.60027378507871,0.810403832991102,147.04,22.100000381469727,375000.0,9.30000038444996,17.600000381469727,0.0,0.0,4.449999809265137,1.3619999885559082
36.45448323066393,1.6646132785763177,147.04,22.100000381469727,375000.0,9.30000038444996,17.600000381469727,0.0,0.0,4.449999809265137,1.3742000102996823
37.72758384668035,2.937713894592745,160.63,22.200000762939453,321901.0,9.30000038444996,17.600000381469727,0.0,0.0,4.449999809265137,1.353599977493286
40.19712525667351,5.4072553045859,364.88,21.700000762939453,514435.0,9.30000038444996,17.600000381469727,0.0,0.0,4.449999809265137,1.4947999954223632
28.594113620807665,6.792607802874743,135.36,22.200000762939453,225000.0,6.599999904632568,12.800000190734863,11.0,6.0,4.4666666984558105,1.2977999925613404
29.440109514031484,7.638603696098563,135.36,22.200000762939453,225000.0,6.599999904632568,12.800000190734863,10.0,5.0,4.4666666984558105,1.3164000034332275
35.60027378507871,0.810403832991102,147.04,22.100000381469727,395000.0,6.899999909102917,12.800000190734863,42.0,24.0,4.5333333015441895,1.576599979400635
36.45448323066393,1.6646132785763177,147.04,22.100000381469727,395000.0,6.899999909102917,12.800000190734863,45.0,26.0,4.5333333015441895,1.732800006866455
37.72758384668035,2.937713894592745,160.63,22.200000762939453,340122.0,6.899999909102917,12.800000190734863,55.0,27.0,4.5333333015441895,1.775
40.19712525667351,5.4072553045859,364.88,21.700000762939453,543554.0,6.899999909102917,12.800000190734863,55.0,27.0,4.5333333015441895,1.8897999763488769
40.19712525667351,1.1143052703627652,364.88,21.700000762939453,528994.0,8.500000052154064,12.800000190734863,0.0,1.0,5.130000066757202,1.5376000165939332
35.60027378507871,0.810403832991102,147.04,22.100000381469727,373000.0,9.400000050663948,20.700000762939453,0.0,0.0,4.300000190734863,1.5167999744415284
36.45448323066393,1.6646132785763177,147.04,22.100000381469727,373000.0,9.400000050663948,20.700000762939453,0.0,0.0,4.300000190734863,1.4543999910354617
37.72758384668035,2.937713894592745,160.63,22.200000762939453,321901.0,9.400000050663948,20.700000762939453,0.0,0.0,4.300000190734863,1.294599986076355
40.19712525667351,5.4072553045859,364.88,21.700000762939453,514435.0,9.400000050663948,20.700000762939453,0.0,0.0,4.300000190734863,1.4413999795913697
35.60027378507871,0.810403832991102,147.04,22.100000381469727,377000.0,9.400000050663948,15.0,0.0,0.0,4.649999936421712,1.0682000160217284
36.45448323066393,1.6646132785763177,147.04,22.100000381469727,377000.0,9.400000050663948,15.0,0.0,1.0,4.649999936421712,1.1283999919891357
37.72758384668035,2.937713894592745,160.63,22.200000762939453,324938.0,9.400000050663948,15.0,0.0,1.0,4.649999936421712,1.112599992752075
40.19712525667351,5.4072553045859,364.88,21.700000762939453,519288.0,9.400000050663948,15.0,0.0,1.0,4.649999936421712,1.2717999935150146
35.60027378507871,0.810403832991102,147.04,22.100000381469727,391000.0,6.799999766051769,14.800000190734863,3.0,11.0,4.903061253683908,2.1344000339508056
36.45448323066393,1.6646132785763177,147.04,22.100000381469727,391000.0,6.799999766051769,14.800000190734863,5.0,16.0,4.903061253683908,2.988199996948242
37.72758384668035,2.937713894592745,160.63,22.200000762939453,334048.0,6.799999766051769,14.800000190734863,8.0,18.0,4.903061253683908,2.4757999897003176
40.19712525667351,5.4072553045859,364.88,21.700000762939453,533848.0,6.799999766051769,14.800000190734863,8.0,18.0,4.903061253683908,3.671199989318848
25.489390828199863,1.7138945927446954,512.81,9.800000190734863,1097971.0,8.799999624490738,3.900000095367432,0.0,0.0,4.400000095367432,0.901199996471405
26.45037645448323,2.674880219028063,369.08,9.800000190734863,1142965.0,8.799999624490738,3.900000095367432,0.0,0.0,4.400000095367432,0.9480000138282776
27.38945927446954,3.6139630390143735,275.69,10.600000381469728,1440000.0,8.799999624490738,3.900000095367432,0.0,0.0,4.400000095367432,0.9863999962806702
3.479808350444901,4.227241615331964,228.2,18.399999618530277,237000.0,7.0,4.0,0.0,0.0,4.300000190734863,0.7789999961853027
4.684462696783025,5.431895961670089,225.04,17.200000762939453,257000.0,7.0,4.0,32.0,21.0,4.300000190734863,0.8137999892234802
5.341546885694729,6.0889801505817935,225.04,17.200000762939453,257000.0,7.0,4.0,32.0,21.0,4.300000190734863,0.899399995803833
6.294318959616701,7.041752224503765,130.0,18.399999618530277,258000.0,7.0,4.0,47.0,29.0,4.300000190734863,0.839799988269806
7.383983572895278,8.131416837782341,100.56,19.0,314000.0,7.0,4.0,47.0,29.0,4.300000190734863,0.8674000024795532
8.555783709787816,9.30321697467488,53.65,19.0,482937.0,7.0,4.0,47.0,29.0,4.300000190734863,0.8648000001907349
4.684462696783025,5.431895961670089,225.04,17.200000762939453,260000.0,6.599999904632568,4.0,54.0,33.0,4.199999809265137,1.1200000047683716
5.341546885694729,6.0889801505817935,225.04,17.200000762939453,260000.0,6.599999904632568,4.0,54.0,33.0,4.199999809265137,1.1967999935150146
6.294318959616701,7.041752224503765,130.0,18.399999618530277,261000.0,6.599999904632568,4.0,54.0,33.0,4.199999809265137,1.1561999797821043
7.383983572895278,8.131416837782341,100.56,19.0,317000.0,6.599999904632568,4.0,54.0,33.0,4.199999809265137,1.141000008583069
8.555783709787816,9.30321697467488,53.65,19.0,577941.0,6.599999904632568,4.0,54.0,33.0,4.199999809265137,1.1169999837875366
10.603696098562628,11.351129363449692,292.28,18.5,67637.0,6.599999904632568,4.0,73.0,33.0,4.199999809265137,1.151199984550476
12.65160848733744,13.399041752224504,124.92,18.5,27962.0,6.599999904632568,4.0,73.0,33.0,4.199999809265137,1.2401999711990357
17.22381930184805,0.5749486652977412,315.27,13.300000190734863,1100000.0,10.400000005960464,0.0,0.0,0.0,6.1166666348775225,2.621000003814697
18.368240930869263,1.7193702943189595,338.06,12.199999809265137,1197000.0,10.400000005960464,0.0,0.0,0.0,6.1166666348775225,0.5878000020980835
19.249828884325805,2.6009582477754964,172.86,13.399999618530272,1199372.0,10.400000005960464,0.0,0.0,0.0,6.1166666348775225,0.6149999976158143
20.00273785078713,1.4154688569472964,135.44,22.200000762939453,981609.0,13.899999737739565,6.0,0.0,0.0,4.25,1.0965999841690064
21.911019849418206,3.323750855578371,168.4,22.0,1007477.0,13.899999737739565,6.0,0.0,0.0,4.25,0.5673999905586242
22.76249144421629,4.175222450376454,168.4,22.0,1007477.0,13.899999737739565,6.0,0.0,0.0,4.25,0.6489999890327454
23.772758384668037,5.1854893908282,218.83,20.899999618530277,1071454.0,13.899999737739565,6.0,0.0,0.0,4.25,0.6600000143051148
24.692676249144423,6.105407255304586,84.01,22.0,1299000.0,13.899999737739565,6.0,0.0,0.0,4.25,0.700600004196167
26.694045174537987,8.106776180698152,183.89,22.299999237060547,1530000.0,13.899999737739565,6.0,0.0,0.0,4.25,0.6839999914169311
28.94182067077344,10.354551676933609,155.21,22.0,1428000.0,13.899999737739565,6.0,0.0,0.0,4.25,0.7148000001907349
36.77754962354552,18.190280629705683,85.95,21.799999237060547,2390213.0,13.899999737739565,6.0,0.0,0.0,4.25,0.7458000183105469
37.78507871321013,19.19780971937029,227.97,22.899999618530277,2549325.0,13.899999737739565,6.0,0.0,0.0,4.25,0.7615999937057495
20.164271047227928,1.4154688569472964,155.34,22.399999618530277,319959.0,12.000000059604645,8.5,0.0,0.0,4.299999952316284,1.0794000148773193
22.07529089664613,3.326488706365503,146.29,22.5,343085.0,12.000000059604645,8.5,0.0,0.0,4.299999952316284,0.8019999980926513
22.924024640657084,4.175222450376454,146.29,22.5,343085.0,12.000000059604645,8.5,0.0,0.0,4.299999952316284,0.8348000049591064
23.93429158110883,5.1854893908282,216.26,21.200000762939453,354780.0,12.000000059604645,8.5,0.0,0.0,4.299999952316284,0.8381999850273132
24.854209445585216,6.105407255304586,77.05,22.399999618530277,366343.0,12.000000059604645,8.5,0.0,0.0,4.299999952316284,0.8587999939918518
26.855578370978783,8.106776180698152,238.55,22.799999237060547,389470.0,12.000000059604645,8.5,0.0,0.0,4.299999952316284,0.8860000014305115
29.089664613278572,10.340862422997947,170.05,22.399999618530277,425453.0,12.000000059604645,8.5,0.0,0.0,4.299999952316284,0.8569999933242798
32.06023271731691,13.311430527036276,158.36,22.700000762939453,459112.0,12.000000059604645,8.5,0.0,0.0,4.299999952316284,0.8584000110626221
35.06639288158795,16.317590691307323,249.51,22.100000381469727,493933.0,12.000000059604645,8.5,0.0,0.0,4.299999952316284,0.8868000030517578
36.93908281998631,18.190280629705683,81.2,22.299999237060547,505496.0,12.000000059604645,8.5,0.0,0.0,4.299999952316284,0.909000015258789
37.946611909650926,19.19780971937029,148.03,23.299999237060547,518476.0,12.000000059604645,8.5,0.0,0.0,4.299999952316284,0.9525999903678894
16.922655715263517,0.1697467488021903,155.34,22.399999618530277,274848.75,10.800000190734863,10.800000190734863,0.0,0.0,4.299999952316284,1.8075999975204469
18.84188911704312,2.088980150581793,146.29,22.5,1078000.0,10.800000190734863,10.800000190734863,0.0,0.0,4.299999952316284,1.252666672070821
19.679671457905545,2.926762491444216,146.29,22.5,1078000.0,10.800000190734863,10.800000190734863,0.0,0.0,4.299999952316284,0.8335999965667724
20.684462696783022,3.9315537303216974,216.26,21.200000762939453,1098000.0,10.800000190734863,10.800000190734863,0.0,0.0,4.299999952316284,0.8480000019073486
21.60985626283368,4.856947296372348,77.05,22.399999618530277,1175271.0,10.800000190734863,10.800000190734863,0.0,1.0,4.299999952316284,0.8771999955177308
23.616700889801507,6.863791923340178,238.55,22.799999237060547,1448000.0,10.800000190734863,10.800000190734863,0.0,1.0,4.299999952316284,0.8620000004768371
19.526351813826142,0.6105407255304586,326.34,17.200000762939453,155084.66666666666,11.60000029206276,6.699999809265137,1.0,3.0,6.322727290066806,1.657200002670288
20.449007529089663,1.5331964407939769,160.78,18.5,165126.0,11.60000029206276,6.699999809265137,0.0,0.0,6.322727290066806,0.5697999954223633
22.455852156057496,3.540041067761807,439.37,18.200000762939453,191516.0,11.60000029206276,6.699999809265137,0.0,0.0,6.322727290066806,0.7537999868392944
23.43326488706365,4.517453798767967,192.42,18.600000381469727,206554.0,11.60000029206276,6.699999809265137,0.0,0.0,6.322727290066806,0.8430000066757202
25.52498288843258,6.609171800136893,232.93,18.0,196000.0,11.60000029206276,6.699999809265137,0.0,0.0,6.322727290066806,0.8639999985694885
26.806297056810404,7.8904859685147155,326.66,18.5,276575.0,11.60000029206276,6.699999809265137,0.0,0.0,6.322727290066806,0.8959999918937683
32.51471594798083,13.598904859685147,238.24,18.299999237060547,399949.0,11.60000029206276,6.699999809265137,1.0,14.0,6.322727290066806,0.8465999960899353
33.52772073921971,14.611909650924025,373.36,18.799999237060547,432725.0,11.60000029206276,6.699999809265137,1.0,19.0,6.322727290066806,1.029800009727478
34.70225872689939,15.786447638603695,500.65,19.0,499393.0,11.60000029206276,6.699999809265137,1.0,19.0,6.322727290066806,1.064200019836426
35.44421629021218,16.528405201916495,500.65,19.0,499393.0,11.60000029206276,6.699999809265137,1.0,19.0,6.322727290066806,1.1926000118255615
36.5284052019165,17.61259411362081,466.49,18.600000381469727,538211.0,11.60000029206276,6.699999809265137,1.0,25.0,6.322727290066806,1.2647999763488769
37.541409993155376,18.62559890485969,368.76,19.399999618530277,580319.0,11.60000029206276,6.699999809265137,1.0,25.0,6.322727290066806,1.308199977874756
39.73716632443532,20.82135523613963,546.09,18.299999237060547,237250.0,11.60000029206276,6.699999809265137,2.0,28.0,6.322727290066806,1.2930000305175782
41.69472963723477,22.77891854893908,500.74,19.200000762939453,256230.0,11.60000029206276,6.699999809265137,3.0,31.0,6.322727290066806,1.5166000127792358
18.2943189596167,5.87542778918549,413.37,19.200000762939453,82151.0,8.899999797344208,11.199999809265137,17.0,16.0,5.200000047683716,1.3288000106811524
20.51471594798084,8.095824777549623,198.72,19.399999618530277,70266.66666666667,8.899999797344208,11.199999809265137,18.0,14.0,5.200000047683716,1.348799991607666
21.377138945927445,0.5995893223819302,198.72,19.399999618530277,70266.66666666667,8.699999809265137,11.199999809265137,18.0,14.0,5.974999994039536,1.3282000064849853
22.357289527720734,1.5797399041752225,282.78,18.200000762939453,190000.0,8.699999809265137,11.199999809265137,0.0,0.0,5.974999994039536,0.5871999979019165
23.279945242984255,2.5023956194387407,101.63,19.600000381469727,200582.0,8.699999809265137,11.199999809265137,0.0,0.0,5.974999994039536,0.548199999332428
25.286789869952088,4.509240246406571,380.79,19.5,136572.0,8.699999809265137,11.199999809265137,0.0,0.0,5.974999994039536,0.5660000085830689
26.26694045174538,5.489390828199863,139.1,19.799999237060547,143569.0,8.699999809265137,11.199999809265137,0.0,0.0,5.974999994039536,0.5614000082015991
28.35592060232717,7.578370978781656,148.78,19.200000762939453,194000.0,8.699999809265137,11.199999809265137,0.0,0.0,5.974999994039536,0.545199990272522
29.639972621492127,8.862422997946611,219.31,19.5,221573.0,8.699999809265137,11.199999809265137,0.0,0.0,5.974999994039536,0.5847999930381775
33.45653661875428,12.678986995208762,283.4,19.0,284806.0,8.699999809265137,11.199999809265137,0.0,1.0,5.974999994039536,0.6122000098228455
35.34565366187543,14.568104038329912,156.4,19.5,299837.0,8.699999809265137,11.199999809265137,0.0,1.0,5.974999994039536,0.7603999972343445
21.374401095140318,0.0410677618069815,198.72,19.399999618530277,156359.75,9.100000262260435,7.199999809265137,54.0,33.0,5.666666626930237,1.0656000137329102
22.357289527720734,1.0239561943874058,282.78,18.200000762939453,166560.0,9.100000262260435,7.199999809265137,0.0,0.0,5.666666626930237,0.5358000040054322
23.279945242984255,1.946611909650924,101.63,19.600000381469727,209000.0,9.100000262260435,7.199999809265137,0.0,0.0,5.666666626930237,0.5344000101089478
25.286789869952088,3.9534565366187535,380.79,19.5,194016.0,9.100000262260435,7.199999809265137,0.0,0.0,5.666666626930237,0.5416000008583068
26.26694045174538,4.933607118412047,139.1,19.799999237060547,203261.0,9.100000262260435,7.199999809265137,0.0,1.0,5.666666626930237,0.5587999939918518
28.35318275154004,7.019849418206708,148.78,19.200000762939453,190000.0,9.100000262260435,7.199999809265137,1.0,2.0,5.666666626930237,0.567199993133545
29.639972621492127,8.306639288158795,219.31,19.5,247134.0,9.100000262260435,7.199999809265137,1.0,2.0,5.666666626930237,0.5945999979972839
35.34565366187543,14.012320328542094,156.4,19.5,316473.0,9.100000262260435,7.199999809265137,1.0,3.0,5.666666626930237,0.6185999870300293
18.64476386036961,0.1396303901437371,390.02,16.700000762939453,127725.6,9.79999977350235,8.399999618530273,11.0,4.0,5.142857108797346,1.2980000019073483
19.79192334017796,1.2867898699520877,446.49,15.399999618530272,697369.0,9.79999977350235,8.399999618530273,0.0,0.0,5.142857108797346,0.7527999877929688
20.670773442847366,2.1656399726214923,177.5,16.799999237060547,467000.0,9.79999977350235,8.399999618530273,0.0,0.0,5.142857108797346,0.780400013923645
21.7056810403833,3.2005475701574264,175.7,17.299999237060547,484000.0,9.79999977350235,8.399999618530273,0.0,0.0,5.142857108797346,0.7948000073432923
23.638603696098563,5.13347022587269,87.43,17.200000762939453,552000.0,9.79999977350235,8.399999618530273,0.0,0.0,5.142857108797346,0.8431999921798706
25.697467488021903,7.19233401779603,431.0,16.700000762939453,851184.0,9.79999977350235,8.399999618530273,0.0,0.0,5.142857108797346,0.8343999981880188
19.392197125256672,1.1170431211498972,390.02,16.700000762939453,585591.0,8.500000059604645,6.099999904632568,0.0,0.0,6.100000023841858,0.734333316485087
20.539356605065024,2.264202600958248,446.49,15.399999618530272,607192.0,8.500000059604645,6.099999904632568,0.0,0.0,6.100000023841858,0.5018000066280365
21.418206707734427,3.143052703627652,177.5,16.799999237060547,635326.0,8.500000059604645,6.099999904632568,0.0,0.0,6.100000023841858,0.5307999968528747
22.45311430527036,4.177960301163586,175.7,17.299999237060547,666270.0,8.500000059604645,6.099999904632568,0.0,0.0,6.100000023841858,0.5388000011444092
24.386036960985628,6.11088295687885,87.43,17.200000762939453,720313.0,8.500000059604645,6.099999904632568,0.0,0.0,6.100000023841858,0.5425999879837036
26.444900752908968,8.16974674880219,431.0,16.700000762939453,779141.0,8.500000059604645,6.099999904632568,0.0,0.0,6.100000023841858,0.554800009727478
32.27926078028747,14.0041067761807,514.97,16.299999237060547,946230.0,8.500000059604645,6.099999904632568,1.0,1.0,6.100000023841858,0.571999990940094
34.16290212183436,15.887748117727584,230.4,16.200000762939453,974371.0,8.500000059604645,6.099999904632568,2.0,3.0,6.100000023841858,0.7578000068664551
35.181382614647504,16.906228610540726,254.68,17.5,1005556.0,8.500000059604645,6.099999904632568,8.0,17.0,6.100000023841858,1.004800021648407
36.38603696098563,18.11088295687885,332.08,17.600000381469727,1059066.0,8.500000059604645,6.099999904632568,8.0,17.0,6.100000023841858,1.2335999965667723
37.097878165639976,18.822724161533195,332.08,17.600000381469727,1059066.0,8.500000059604645,6.099999904632568,21.0,21.0,6.100000023841858,1.50239999294281
22.699520876112253,0.9500342231348392,214.06,13.699999809265137,347023.0,10.99999988079071,6.300000190734863,0.0,0.0,5.066666682561238,1.4486000061035156
24.62422997946612,2.8747433264887063,153.18,13.800000190734863,316725.0,10.99999988079071,6.300000190734863,0.0,0.0,5.066666682561238,0.467600005865097
26.694045174537987,4.944558521560575,339.45,13.199999809265137,336793.0,10.99999988079071,6.300000190734863,0.0,0.0,5.066666682561238,0.5357999920845031
29.544147843942504,7.794661190965092,289.0,13.600000381469728,364595.0,10.99999988079071,6.300000190734863,1.0,3.0,5.066666682561238,0.601800000667572
32.5201916495551,10.770704996577686,467.44,12.800000190734863,393317.0,10.99999988079071,6.300000190734863,3.0,6.0,5.066666682561238,0.6336000084877014
34.42573579739904,12.676249144421629,238.74,12.600000381469728,402891.0,10.99999988079071,6.300000190734863,3.0,6.0,5.066666682561238,0.753600001335144
35.43326488706366,13.683778234086242,243.74,13.899999618530272,413595.0,10.99999988079071,6.300000190734863,2.0,7.0,5.066666682561238,0.7682000041007996
36.63518138261465,14.885694729637237,342.78,14.0,431613.0,10.99999988079071,6.300000190734863,2.0,7.0,5.066666682561238,0.7748000025749207
37.347022587269,15.597535934291582,342.78,14.0,431613.0,10.99999988079071,6.300000190734863,2.0,7.0,5.066666682561238,0.7823999881744385
38.42026009582478,16.670773442847366,350.41,13.699999809265137,441186.0,10.99999988079071,6.300000190734863,3.0,8.0,5.066666682561238,0.8177999973297119
38.95687885010267,17.207392197125255,449.4,13.800000190734863,451995.0,10.99999988079071,6.300000190734863,3.0,8.0,5.066666682561238,0.8679999828338623
41.659137577002056,19.90965092402464,573.32,12.800000190734863,479482.0,10.99999988079071,6.300000190734863,4.0,11.0,5.066666682561238,0.8730000019073486
43.61670088980151,21.867214236824093,494.63,14.300000190734863,498630.0,10.99999988079071,6.300000190734863,5.0,11.0,5.066666682561238,1.0618000268936156
21.453798767967147,0.7885010266940452,214.06,13.699999809265137,671000.0,8.300000071525574,4.900000095367432,0.0,0.0,5.725000023841858,1.2656000137329102
23.38672142368241,2.7214236824093088,153.18,13.800000190734863,2348268.0,8.300000071525574,4.900000095367432,0.0,0.0,5.725000023841858,0.5906000018119812
25.44284736481862,4.777549623545517,339.45,13.199999809265137,1598110.0,8.300000071525574,4.900000095367432,0.0,0.0,5.725000023841858,0.7275999903678894
28.295687885010267,7.630390143737166,289.0,13.600000381469728,1705835.0,8.300000071525574,4.900000095367432,0.0,0.0,5.725000023841858,0.815399992465973
26.43668720054757,0.3531827515400411,128.84,23.0,41954.8,4.999999955296516,11.100000381469728,35.0,32.0,5.299999952316284,1.689800000190735
26.704996577686515,0.621492128678987,18.52,22.799999237060547,40858.0,4.999999955296516,11.100000381469728,0.0,0.0,5.299999952316284,0.7456000089645386
28.810403832991103,2.726899383983573,184.81,22.399999618530277,238178.0,4.999999955296516,11.100000381469728,0.0,0.0,5.299999952316284,0.7432000041007996
22.45311430527036,0.5366187542778919,268.95,14.800000190734863,772864.0,5.199999928474426,11.199999809265137,0.0,0.0,4.380000066757202,0.9474000096321106
24.386036960985628,2.4695414099931554,176.77,14.899999618530272,834186.0,5.199999928474426,11.199999809265137,0.0,0.0,4.380000066757202,0.3304000020027161
26.444900752908968,4.528405201916495,470.62,14.300000190734863,899672.0,5.199999928474426,11.199999809265137,0.0,0.0,4.380000066757202,0.3195999979972839
29.297741273100616,7.381245722108145,328.52,14.699999809265137,993121.0,5.199999928474426,11.199999809265137,3.0,7.0,4.380000066757202,0.3473999977111816
32.27926078028747,10.362765229295004,655.3,13.899999618530272,1087762.0,5.199999928474426,11.199999809265137,4.0,11.0,4.380000066757202,0.4147999942302703
34.16290212183436,12.24640657084189,285.04,13.899999618530272,1118269.0,5.199999928474426,11.199999809265137,4.0,11.0,4.380000066757202,0.6235999941825867
22.4476386036961,0.5311430527036276,268.95,14.800000190734863,681441.0,6.100000083446503,13.699999809265137,0.0,0.0,4.349999964237213,1.1494000196456908
24.372347707049965,2.455852156057495,176.77,14.899999618530272,737406.0,6.100000083446503,13.699999809265137,0.0,0.0,4.349999964237213,0.3388000071048737
26.442162902121837,4.525667351129363,470.62,14.300000190734863,797283.0,6.100000083446503,13.699999809265137,0.0,0.0,4.349999964237213,0.3364000022411346
29.295003422313485,7.378507871321013,328.52,14.699999809265137,881588.0,6.100000083446503,13.699999809265137,0.0,0.0,4.349999964237213,0.3319999992847443
32.26830937713895,10.351813826146476,655.3,13.899999618530272,967465.0,6.100000083446503,13.699999809265137,0.0,1.0,4.349999964237213,0.3706000030040741
34.16290212183436,12.24640657084189,285.04,13.899999618530272,995720.0,6.100000083446503,13.699999809265137,1.0,2.0,4.349999964237213,0.3974000036716461
35.181382614647504,13.264887063655031,287.59,15.0,1027783.0,6.100000083446503,13.699999809265137,1.0,3.0,4.349999964237213,0.4593999981880188
36.38329911019849,14.466803559206022,359.11,15.100000381469728,1082105.0,6.100000083446503,13.699999809265137,1.0,3.0,4.349999964237213,0.5083999991416931
37.09514031485284,15.178644763860367,359.11,15.100000381469728,1082105.0,6.100000083446503,13.699999809265137,1.0,3.0,4.349999964237213,0.5748000144958496
38.16837782340863,16.251882272416154,408.42,14.699999809265137,1110983.0,6.100000083446503,13.699999809265137,3.0,10.0,4.349999964237213,0.6318000078201294
39.20054757015743,17.284052019164957,562.52,15.0,1142432.0,6.100000083446503,13.699999809265137,5.0,15.0,4.349999964237213,0.7703999876976013
41.4072553045859,19.49075975359343,701.33,13.899999618530272,1225952.0,6.100000083446503,13.699999809265137,7.0,21.0,4.349999964237213,1.201599979400635
31.939767282683093,0.191649555099247,326.34,17.200000762939453,180050.0,8.099999696016312,10.0,0.0,6.0,5.866666714350383,0.8449999928474426
32.85968514715948,1.111567419575633,160.78,18.5,243856.0,8.099999696016312,10.0,0.0,0.0,5.866666714350383,0.5022000074386597
37.94113620807666,6.193018480492813,232.93,18.0,178000.0,8.099999696016312,10.0,6.0,15.0,5.866666714350383,0.5059999942779541
39.62217659137577,7.874058863791923,326.66,18.5,250000.0,8.099999696016312,10.0,6.0,15.0,5.866666714350383,0.6909999847412109
3.479808350444901,4.227241615331964,228.2,18.399999618530277,241000.0,6.5,4.0,0.0,0.0,4.699999809265137,1.1825999736785888
4.684462696783025,5.431895961670089,225.04,17.200000762939453,261000.0,6.5,4.0,41.0,25.0,4.699999809265137,1.185799980163574
5.341546885694729,6.0889801505817935,225.04,17.200000762939453,261000.0,6.5,4.0,41.0,25.0,4.699999809265137,1.2988000154495238
6.294318959616701,7.041752224503765,130.0,18.399999618530277,263000.0,6.5,4.0,42.0,26.0,4.699999809265137,1.217799997329712
7.383983572895278,8.131416837782341,100.56,19.0,318000.0,6.5,4.0,42.0,26.0,4.699999809265137,1.2579999923706056
4.684462696783025,5.431895961670089,225.04,17.200000762939453,259000.0,6.699999809265137,4.0,37.0,24.0,4.900000095367432,1.0861999988555908
5.341546885694729,6.0889801505817935,225.04,17.200000762939453,259000.0,6.699999809265137,4.0,37.0,24.0,4.900000095367432,1.2516000032424928
6.294318959616701,7.041752224503765,130.0,18.399999618530277,260000.0,6.699999809265137,4.0,60.0,33.0,4.900000095367432,1.346399998664856
7.383983572895278,8.131416837782341,100.56,19.0,316000.0,6.699999809265137,4.0,60.0,33.0,4.900000095367432,1.402999997138977
8.555783709787816,9.30321697467488,53.65,19.0,577941.0,6.699999809265137,4.0,60.0,33.0,4.900000095367432,1.4754000186920166
10.603696098562628,11.351129363449692,292.28,18.5,67637.0,6.699999809265137,4.0,61.0,33.0,4.900000095367432,1.608799982070923
12.65160848733744,13.399041752224504,124.92,18.5,27962.0,6.699999809265137,4.0,75.0,32.0,4.900000095367432,1.570799994468689
19.537303216974674,0.0629705681040383,365.93,13.699999809265137,656494.0,12.100000143051147,0.0,0.0,0.0,4.365217333254607,1.3619999885559082
20.03559206023272,0.5612594113620808,365.93,13.699999809265137,656494.0,12.100000143051147,0.0,0.0,0.0,4.365217333254607,0.6553999900817871
20.424366872005475,0.9500342231348392,245.58,14.399999618530272,602305.0,12.100000143051147,0.0,0.0,0.0,4.365217333254607,0.6491999983787536
21.45106091718001,1.9767282683093768,330.46,14.100000381469728,754565.0,12.100000143051147,0.0,0.0,0.0,4.365217333254607,0.681000006198883
22.584531143052704,3.1101984941820677,362.76,13.100000381469728,652401.0,12.100000143051147,0.0,0.0,0.0,4.365217333254607,0.7064000010490418
23.57015742642026,4.095824777549623,310.77,14.199999809265137,701293.0,12.100000143051147,0.0,0.0,0.0,4.365217333254607,0.646999990940094
24.27378507871321,4.799452429842574,312.1,14.100000381469728,799076.0,12.100000143051147,0.0,0.0,0.0,4.365217333254607,0.675600004196167
25.37987679671458,5.905544147843942,450.67,13.399999618530272,437000.0,12.100000143051147,0.0,0.0,0.0,4.365217333254607,0.6635999917984009
27.98357289527721,8.509240246406572,324.18,14.5,562000.0,12.100000143051147,0.0,0.0,1.0,4.365217333254607,0.7021999955177307
19.537303216974674,0.0629705681040383,365.93,13.699999809265137,656494.0,12.400000095367432,0.0,0.0,0.0,4.113636298613115,1.2333999872207642
20.03559206023272,0.5612594113620808,365.93,13.699999809265137,656494.0,12.400000095367432,0.0,0.0,0.0,4.113636298613115,0.554800009727478
20.424366872005475,0.9500342231348392,245.58,14.399999618530272,602305.0,12.400000095367432,0.0,0.0,0.0,4.113636298613115,0.5509999990463257
21.45106091718001,1.9767282683093768,330.46,14.100000381469728,754565.0,12.400000095367432,0.0,0.0,0.0,4.113636298613115,0.5580000042915344
22.584531143052704,3.1101984941820677,362.76,13.100000381469728,652401.0,12.400000095367432,0.0,0.0,0.0,4.113636298613115,0.5721999883651734
23.57015742642026,4.095824777549623,310.77,14.199999809265137,701293.0,12.400000095367432,0.0,0.0,0.0,4.113636298613115,0.5922000050544739
24.27378507871321,4.799452429842574,312.1,14.100000381469728,799076.0,12.400000095367432,0.0,0.0,0.0,4.113636298613115,0.5973999857902527
25.37987679671458,5.905544147843942,450.67,13.399999618530272,434000.0,12.400000095367432,0.0,0.0,0.0,4.113636298613115,0.598199987411499
27.98357289527721,8.509240246406572,324.18,14.5,559000.0,12.400000095367432,0.0,0.0,0.0,4.113636298613115,0.6120000004768371
19.537303216974674,0.0629705681040383,365.93,13.699999809265137,656494.0,11.600000143051147,0.0,0.0,0.0,4.449999928474426,1.59760000705719
20.03559206023272,0.5612594113620808,365.93,13.699999809265137,656494.0,11.600000143051147,0.0,0.0,0.0,4.449999928474426,0.6840000033378602
20.424366872005475,0.9500342231348392,245.58,14.399999618530272,602305.0,11.600000143051147,0.0,0.0,0.0,4.449999928474426,0.6932000041007995
21.45106091718001,1.9767282683093768,330.46,14.100000381469728,754565.0,11.600000143051147,0.0,0.0,0.0,4.449999928474426,0.7045999884605407
22.584531143052704,3.1101984941820677,362.76,13.100000381469728,652401.0,11.600000143051147,0.0,0.0,0.0,4.449999928474426,0.7320000052452087
23.57015742642026,4.095824777549623,310.77,14.199999809265137,701293.0,11.600000143051147,0.0,0.0,0.0,4.449999928474426,0.7677999973297119
24.27378507871321,4.799452429842574,312.1,14.100000381469728,799076.0,11.600000143051147,0.0,1.0,2.0,4.449999928474426,0.7855999946594239
25.37987679671458,5.905544147843942,450.67,13.399999618530272,441000.0,11.600000143051147,0.0,1.0,2.0,4.449999928474426,0.8149999976158142
27.98357289527721,8.509240246406572,324.18,14.5,565000.0,11.600000143051147,0.0,3.0,4.0,4.449999928474426,0.9057999968528748
19.537303216974674,0.0629705681040383,365.93,13.699999809265137,656494.0,12.299999833106996,0.0,0.0,0.0,4.599999904632568,0.9934000134468078
20.03559206023272,0.5612594113620808,365.93,13.699999809265137,656494.0,12.299999833106996,0.0,0.0,0.0,4.599999904632568,0.5305999994277955
20.424366872005475,0.9500342231348392,245.58,14.399999618530272,602305.0,12.299999833106996,0.0,0.0,0.0,4.599999904632568,0.5247999906539917
21.45106091718001,1.9767282683093768,330.46,14.100000381469728,754565.0,12.299999833106996,0.0,0.0,0.0,4.599999904632568,0.5414000034332276
22.584531143052704,3.1101984941820677,362.76,13.100000381469728,652401.0,12.299999833106996,0.0,0.0,0.0,4.599999904632568,0.545799994468689
23.57015742642026,4.095824777549623,310.77,14.199999809265137,701293.0,12.299999833106996,0.0,0.0,0.0,4.599999904632568,0.545799994468689
24.27378507871321,4.799452429842574,312.1,14.100000381469728,799076.0,12.299999833106996,0.0,0.0,0.0,4.599999904632568,0.5644000053405762
25.37987679671458,5.905544147843942,450.67,13.399999618530272,436000.0,12.299999833106996,0.0,0.0,0.0,4.599999904632568,0.55
27.98357289527721,8.509240246406572,324.18,14.5,561000.0,12.299999833106996,0.0,0.0,0.0,4.599999904632568,0.5944000005722045
19.537303216974674,0.0629705681040383,365.93,13.699999809265137,641905.0,14.00000023841858,0.0,0.0,0.0,4.450000047683716,1.8121999979019163
20.03559206023272,0.5612594113620808,365.93,13.699999809265137,641905.0,14.00000023841858,0.0,0.0,0.0,4.450000047683716,0.8192000031471253
20.424366872005475,0.9500342231348392,245.58,14.399999618530272,588920.0,14.00000023841858,0.0,0.0,0.0,4.450000047683716,0.8973999977111816
21.45106091718001,1.9767282683093768,330.46,14.100000381469728,737796.0,14.00000023841858,0.0,0.0,0.0,4.450000047683716,0.9132000088691712
22.584531143052704,3.1101984941820677,362.76,13.100000381469728,637903.0,14.00000023841858,0.0,0.0,0.0,4.450000047683716,0.9946000099182128
23.57015742642026,4.095824777549623,310.77,14.199999809265137,685708.0,14.00000023841858,0.0,0.0,0.0,4.450000047683716,1.0492000102996826
24.27378507871321,4.799452429842574,312.1,14.100000381469728,781319.0,14.00000023841858,0.0,0.0,0.0,4.450000047683716,1.1401999950408936
25.37987679671458,5.905544147843942,450.67,13.399999618530272,426000.0,14.00000023841858,0.0,0.0,0.0,4.450000047683716,1.2194000244140626
27.98357289527721,8.509240246406572,324.18,14.5,552000.0,14.00000023841858,0.0,0.0,0.0,4.450000047683716,1.3210000038146972
19.537303216974674,0.0629705681040383,365.93,13.699999809265137,641905.0,13.40000033378601,0.0,0.0,0.0,4.4999998807907104,2.5761999607086183
20.03559206023272,0.5612594113620808,365.93,13.699999809265137,641905.0,13.40000033378601,0.0,0.0,0.0,4.4999998807907104,1.0109999895095825
20.424366872005475,0.9500342231348392,245.58,14.399999618530272,588920.0,13.40000033378601,0.0,0.0,0.0,4.4999998807907104,1.0319999694824218
21.45106091718001,1.9767282683093768,330.46,14.100000381469728,737796.0,13.40000033378601,0.0,0.0,0.0,4.4999998807907104,1.0546000003814695
22.584531143052704,3.1101984941820677,362.76,13.100000381469728,637903.0,13.40000033378601,0.0,0.0,0.0,4.4999998807907104,1.0851999998092652
23.57015742642026,4.095824777549623,310.77,14.199999809265137,685708.0,13.40000033378601,0.0,0.0,0.0,4.4999998807907104,1.066199994087219
24.27378507871321,4.799452429842574,312.1,14.100000381469728,781319.0,13.40000033378601,0.0,0.0,0.0,4.4999998807907104,1.1034000158309936
25.37987679671458,5.905544147843942,450.67,13.399999618530272,429000.0,13.40000033378601,0.0,0.0,0.0,4.4999998807907104,1.1151999950408935
27.98357289527721,8.509240246406572,324.18,14.5,555000.0,13.40000033378601,0.0,0.0,0.0,4.4999998807907104,1.1839999914169312
19.887748117727583,0.0136892539356605,156.07,22.600000381469727,853453.0,11.700000002980232,0.0,0.0,0.0,4.975000023841858,1.087600016593933
20.05475701574264,0.1806981519507187,156.07,22.600000381469727,853453.0,11.700000002980232,0.0,0.0,0.0,4.975000023841858,0.830400002002716
20.421629021218344,0.5475701574264202,172.45,22.799999237060547,1080867.0,11.700000002980232,0.0,0.0,0.0,4.975000023841858,0.8181999921798706
21.470225872689937,1.596167008898015,165.76,22.399999618530277,829046.0,11.700000002980232,0.0,0.0,0.0,4.975000023841858,0.8197999954223633
22.60369609856263,2.729637234770705,263.82,21.299999237060547,890366.0,11.700000002980232,0.0,0.0,0.0,4.975000023841858,0.8307999968528748
19.887748117727583,0.0136892539356605,156.07,22.600000381469727,838213.0,12.99999988079071,0.0,0.0,0.0,5.266666730244954,1.4527999877929687
20.05475701574264,0.1806981519507187,156.07,22.600000381469727,838213.0,12.99999988079071,0.0,0.0,0.0,5.266666730244954,0.8487999916076661
20.421629021218344,0.5475701574264202,172.45,22.799999237060547,1061566.0,12.99999988079071,0.0,0.0,0.0,5.266666730244954,0.8167999982833862
21.470225872689937,1.596167008898015,165.76,22.399999618530277,814242.0,12.99999988079071,0.0,0.0,0.0,5.266666730244954,0.8092000007629394
22.60369609856263,2.729637234770705,263.82,21.299999237060547,874467.0,12.99999988079071,0.0,0.0,0.0,5.266666730244954,0.7657999992370605
19.887748117727583,0.0136892539356605,156.07,22.600000381469727,853453.0,11.799999952316284,0.0,0.0,0.0,5.1333333651224775,1.2091999769210815
20.05475701574264,0.1806981519507187,156.07,22.600000381469727,853453.0,11.799999952316284,0.0,0.0,0.0,5.1333333651224775,0.7866000056266784
20.421629021218344,0.5475701574264202,172.45,22.799999237060547,1080867.0,11.799999952316284,0.0,0.0,0.0,5.1333333651224775,0.776800000667572
21.470225872689937,1.596167008898015,165.76,22.399999618530277,829046.0,11.799999952316284,0.0,0.0,0.0,5.1333333651224775,0.7881999969482422
22.60369609856263,2.729637234770705,263.82,21.299999237060547,890366.0,11.799999952316284,0.0,0.0,0.0,5.1333333651224775,0.7921999931335449
19.887748117727583,0.0136892539356605,156.07,22.600000381469727,868694.0,10.599999964237211,0.0,0.0,0.0,5.075000047683716,2.4573999881744384
20.05475701574264,0.1806981519507187,156.07,22.600000381469727,868694.0,10.599999964237211,0.0,0.0,0.0,5.075000047683716,0.9158000111579896
20.421629021218344,0.5475701574264202,172.45,22.799999237060547,1100168.0,10.599999964237211,0.0,0.0,0.0,5.075000047683716,0.8585999846458435
21.470225872689937,1.596167008898015,165.76,22.399999618530277,843851.0,10.599999964237211,0.0,0.0,0.0,5.075000047683716,0.8478000044822693
22.60369609856263,2.729637234770705,263.82,21.299999237060547,906266.0,10.599999964237211,0.0,0.0,0.0,5.075000047683716,0.8543999910354614
19.887748117727583,0.0136892539356605,156.07,22.600000381469727,868694.0,10.700000047683716,0.0,0.0,0.0,5.3666666348775225,2.498400020599365
20.05475701574264,0.1806981519507187,156.07,22.600000381469727,868694.0,10.700000047683716,0.0,0.0,0.0,5.3666666348775225,0.826200008392334
20.421629021218344,0.5475701574264202,172.45,22.799999237060547,1100168.0,10.700000047683716,0.0,0.0,0.0,5.3666666348775225,0.8029999971389771
21.470225872689937,1.596167008898015,165.76,22.399999618530277,843851.0,10.700000047683716,0.0,0.0,0.0,5.3666666348775225,0.8184000015258789
22.60369609856263,2.729637234770705,263.82,21.299999237060547,906266.0,10.700000047683716,0.0,0.0,0.0,5.3666666348775225,0.8247999906539917
19.887748117727583,0.0136892539356605,156.07,22.600000381469727,883934.0,10.300000011920927,0.0,0.0,0.0,5.233333269755046,4.45299997329712
20.05475701574264,0.1806981519507187,156.07,22.600000381469727,883934.0,10.300000011920927,0.0,0.0,0.0,5.233333269755046,0.8811999917030334
20.421629021218344,0.5475701574264202,172.45,22.799999237060547,1119470.0,10.300000011920927,0.0,0.0,0.0,5.233333269755046,0.8559999942779541
21.470225872689937,1.596167008898015,165.76,22.399999618530277,858655.0,10.300000011920927,0.0,0.0,0.0,5.233333269755046,0.8696000099182128
22.60369609856263,2.729637234770705,263.82,21.299999237060547,922165.0,10.300000011920927,0.0,0.0,0.0,5.233333269755046,0.8853999972343445
19.37577002053388,0.5174537987679672,420.78,13.0,174258.0,8.899999856948853,13.0,0.0,0.0,4.950000047683716,1.483400011062622
19.698836413415467,0.840520191649555,420.78,13.0,174258.0,8.899999856948853,13.0,0.0,0.0,4.950000047683716,0.7490000009536744
20.67898699520876,1.8206707734428476,409.44,12.699999809265137,191092.0,8.899999856948853,13.0,0.0,0.0,4.950000047683716,0.7429999947547913
23.860369609856264,5.002053388090349,354.06,12.0,208000.0,8.899999856948853,13.0,0.0,0.0,4.950000047683716,0.7139999985694885
25.639972621492127,6.781656399726215,360.48,11.699999809265137,194000.0,8.899999856948853,13.0,0.0,0.0,4.950000047683716,0.729200005531311
26.910335386721425,8.05201916495551,509.4,11.899999618530272,222000.0,8.899999856948853,13.0,0.0,0.0,4.950000047683716,0.7396000027656555
27.64955509924709,8.791238877481177,361.24,11.199999809265137,207000.0,8.899999856948853,13.0,0.0,0.0,4.950000047683716,0.7370000004768371
28.62422997946612,9.765913757700206,500.78,12.399999618530272,187000.0,8.899999856948853,13.0,0.0,0.0,4.950000047683716,0.7411999940872193
29.472963723477072,10.614647501711156,393.63,12.0,204495.0,8.899999856948853,13.0,0.0,0.0,4.950000047683716,0.744599986076355
30.809034907597532,11.950718685831625,507.54,12.800000190734863,200914.0,8.899999856948853,13.0,0.0,0.0,4.950000047683716,0.749400007724762
31.471594798083505,12.61327857631759,393.43,13.800000190734863,206086.0,8.899999856948853,13.0,0.0,0.0,4.950000047683716,0.7544000029563904
32.54209445585216,13.683778234086242,438.3,13.100000381469728,176046.0,8.899999856948853,13.0,0.0,0.0,4.950000047683716,0.7680000185966491
34.71594798083505,0.6078028747433265,169.7,18.0,1232000.0,7.700000002980232,5.5,52.0,28.0,4.5,2.286999988555908
35.7015742642026,1.593429158110883,48.04,17.899999618530273,1314000.0,7.700000002980232,5.5,64.0,33.0,4.5,1.3117999792099
36.75838466803559,2.650239561943874,162.01,18.200000762939453,1293000.0,7.700000002980232,5.5,64.0,26.0,4.5,1.866600012779236
37.81519507186858,3.707049965776865,163.21,17.600000381469727,1285000.0,7.700000002980232,5.5,66.0,26.0,4.5,2.037599992752076
38.77891854893908,4.670773442847365,152.14,17.200000762939453,1120000.0,7.700000002980232,5.5,67.0,29.0,4.5,2.7681999683380125
40.799452429842574,6.691307323750856,53.5,17.899999618530273,401520.0,7.700000002980232,5.5,75.0,30.0,4.5,4.112799978256225
36.75838466803559,0.3394934976043806,162.01,18.200000762939453,1287000.0,8.299999952316284,4.900000095367432,12.0,15.0,4.3666666348775225,1.1983999967575074
37.81519507186858,1.3963039014373717,163.21,17.600000381469727,1279000.0,8.299999952316284,4.900000095367432,13.0,16.0,4.3666666348775225,1.2447999954223632
38.77891854893908,2.360027378507872,152.14,17.200000762939453,1113000.0,8.299999952316284,4.900000095367432,23.0,26.0,4.3666666348775225,1.2813999891281127
40.799452429842574,4.380561259411362,53.5,17.899999618530273,398580.0,8.299999952316284,4.900000095367432,39.0,32.0,4.3666666348775225,1.2812000036239624
34.71594798083505,0.6023271731690623,169.7,18.0,1223000.0,10.600000001490116,5.599999904632568,1.0,3.0,4.371999883651734,1.1100000143051147
35.7015742642026,1.587953456536619,48.04,17.899999618530273,1304000.0,10.600000001490116,5.599999904632568,1.0,2.0,4.371999883651734,0.8064000010490417
36.75838466803559,2.64476386036961,162.01,18.200000762939453,1282000.0,10.600000001490116,5.599999904632568,2.0,4.0,4.371999883651734,0.8571999907493592
37.81519507186858,3.701574264202601,163.21,17.600000381469727,1275000.0,10.600000001490116,5.599999904632568,3.0,3.0,4.371999883651734,0.9251999974250792
38.77891854893908,4.6652977412731005,152.14,17.200000762939453,1109000.0,10.600000001490116,5.599999904632568,3.0,3.0,4.371999883651734,0.9938000082969666
40.80219028062971,6.688569472963724,53.5,17.899999618530273,396480.0,10.600000001490116,5.599999904632568,3.0,5.0,4.371999883651734,1.1959999799728394
32.75838466803559,0.676249144421629,93.84,19.299999237060547,985617.0,10.300000011920927,5.800000190734863,1.0,3.0,4.383673434354821,1.2526000022888184
33.7741273100616,1.6919917864476386,61.25,20.0,1002000.0,10.300000011920927,5.800000190734863,1.0,3.0,4.383673434354821,0.8074000000953674
34.71594798083505,2.6338124572210813,153.38,20.299999237060547,1223000.0,10.300000011920927,5.800000190734863,1.0,3.0,4.383673434354821,0.8978000044822693
35.7015742642026,3.619438740588638,32.95,20.0,1086182.0,10.300000011920927,5.800000190734863,1.0,4.0,4.383673434354821,0.998800003528595
36.75838466803559,4.676249144421629,153.04,20.5,1283000.0,10.300000011920927,5.800000190734863,1.0,4.0,4.383673434354821,1.0309999942779542
37.81519507186858,5.73305954825462,196.98,19.799999237060547,1275000.0,10.300000011920927,5.800000190734863,1.0,4.0,4.383673434354821,0.9336000084877014
38.77891854893908,6.69678302532512,116.23,19.5,1109000.0,10.300000011920927,5.800000190734863,3.0,8.0,4.383673434354821,1.0829999923706055
40.80219028062971,8.720054757015742,43.19,20.100000381469727,396480.0,10.300000011920927,5.800000190734863,3.0,8.0,4.383673434354821,1.1342000007629394
29.89185489390828,0.5366187542778919,622.41,16.0,1425967.0,4.899999976158142,4.599999904632568,0.0,0.0,5.0,1.184599995613098
31.55920602327173,2.2039698836413417,363.64,15.600000381469728,1320000.0,4.899999976158142,4.599999904632568,0.0,0.0,5.0,0.5413999915122986
33.516769336071185,4.161533196440794,457.76,16.0,1612000.0,4.899999976158142,4.599999904632568,0.0,0.0,5.0,0.5412000060081482
35.860369609856264,6.505133470225872,323.12,15.399999618530272,1399000.0,4.899999976158142,4.599999904632568,1.0,1.0,5.0,0.5686000108718872
29.724845995893222,0.5393566050650239,622.41,16.0,1307000.0,4.700000047683716,4.800000190734863,0.0,0.0,5.233333269755046,2.4305999755859373
31.392197125256672,2.206707734428474,363.64,15.600000381469728,1553000.0,4.700000047683716,4.800000190734863,0.0,0.0,5.233333269755046,0.8174000024795532
33.34976043805612,4.164271047227926,457.76,16.0,1308933.0,4.700000047683716,4.800000190734863,0.0,0.0,5.233333269755046,0.7965999960899353
39.45242984257358,10.26694045174538,769.43,14.800000190734863,1367494.0,4.700000047683716,4.800000190734863,0.0,0.0,5.233333269755046,0.8305999994277954
40.72005475701575,11.534565366187543,510.68,15.899999618530272,1403098.0,4.700000047683716,4.800000190734863,0.0,0.0,5.233333269755046,0.8009999990463257
41.58795345653662,12.402464065708418,130.28,15.899999618530272,1174675.0,4.700000047683716,4.800000190734863,0.0,0.0,5.233333269755046,0.8248000025749207
23.61396303901437,2.68309377138946,224.38,18.799999237060547,604524.0,4.299999952316284,4.800000190734863,0.0,0.0,5.849999904632568,1.5766000032424927
24.54483230663929,3.6139630390143735,300.61,19.200000762939453,469948.0,4.299999952316284,4.800000190734863,0.0,0.0,5.849999904632568,1.7745999813079834
25.51129363449692,4.5804243668720055,382.65,18.600000381469727,468664.0,4.299999952316284,4.800000190734863,0.0,0.0,5.849999904632568,1.987599992752075
27.73716632443532,6.806297056810404,174.14,20.0,455378.0,4.299999952316284,4.800000190734863,0.0,0.0,5.849999904632568,2.2826000213623048
29.579739904175224,8.648870636550308,225.38,19.799999237060547,515234.0,4.299999952316284,4.800000190734863,29.0,18.0,5.849999904632568,2.944599962234497
30.704996577686515,0.1232032854209445,244.13,18.5,486346.0,7.100000023841858,4.800000190734863,19.0,16.0,4.450000047683716,3.2080000400543214
31.589322381930184,1.0075290896646132,105.15,19.899999618530277,855166.0,7.100000023841858,4.800000190734863,0.0,0.0,4.450000047683716,0.7513999938964844
32.62422997946612,2.0424366872005475,90.69,20.299999237060547,857509.0,7.100000023841858,4.800000190734863,0.0,0.0,4.450000047683716,0.7994000077247619
34.53251197809719,3.9507186858316223,41.44,20.299999237060547,989770.0,7.100000023841858,4.800000190734863,0.0,0.0,4.450000047683716,0.7977999925613404
36.64613278576318,6.064339493497604,301.31,19.799999237060547,1043309.0,7.100000023841858,4.800000190734863,0.0,0.0,4.450000047683716,0.8363999962806702
39.62217659137577,9.040383299110198,193.42,20.100000381469727,1066457.0,7.100000023841858,4.800000190734863,4.0,7.0,4.450000047683716,0.8589999914169312
43.35660506502396,12.774811772758383,327.94,19.399999618530277,1478535.0,7.100000023841858,4.800000190734863,8.0,12.0,4.450000047683716,0.9100000023841858
19.61396303901437,1.998631074606434,179.26,17.100000381469727,943069.0,5.30000002682209,5.0,0.0,1.0,4.700000047683716,0.8644000053405761
20.54483230663929,2.9295003422313486,280.64,17.5,1040000.0,5.30000002682209,5.0,0.0,1.0,4.700000047683716,0.9294000029563904
21.508555783709788,0.0848733744010951,383.43,16.899999618530273,484800.0,5.300000071525574,5.0,1.0,6.0,4.25,1.0935999870300293
23.73716632443532,2.3134839151266258,189.86,18.200000762939453,889000.0,5.300000071525574,5.0,1.0,6.0,4.25,0.7314000010490418
25.579739904175224,4.15605749486653,284.34,18.299999237060547,852000.0,5.300000071525574,5.0,0.0,0.0,4.25,0.6547999978065491
26.529774127310063,5.106091718001369,188.21,16.799999237060547,1044000.0,5.300000071525574,5.0,0.0,0.0,4.25,0.6539999961853027
27.572895277207397,6.1492128678987,108.49,18.200000762939453,901000.0,5.300000071525574,5.0,0.0,0.0,4.25,0.6557999968528747
28.62422997946612,7.200547570157426,94.68,18.700000762939453,1145000.0,5.300000071525574,5.0,0.0,2.0,4.25,0.6799999952316285
30.532511978097197,9.1088295687885,35.9,18.799999237060547,1445000.0,5.300000071525574,5.0,0.0,2.0,4.25,0.6847999811172485
32.64613278576318,11.222450376454484,302.35,18.299999237060547,1425000.0,5.300000071525574,5.0,2.0,9.0,4.25,0.7062000036239624
35.62217659137577,14.198494182067078,110.48,18.600000381469727,1108000.0,5.300000071525574,5.0,34.0,33.0,4.25,0.8154000043869019
12.405201916495551,7.958932238193018,295.0,17.299999237060547,121347.0,4.4000000059604645,6.0,0.0,0.0,5.100000143051148,0.8941999912261963
14.614647501711156,3.0362765229295,425.36,15.899999618530272,18673.0,4.099999964237213,6.199999809265137,1.0,10.0,5.450000047683716,1.24760000705719
15.630390143737166,4.05201916495551,405.23,15.399999618530272,10421.0,4.099999964237213,6.199999809265137,1.0,10.0,5.450000047683716,1.4341999769210816
17.659137577002053,6.080766598220397,645.27,15.300000190734863,20905.5,4.099999964237213,6.199999809265137,6.0,15.0,5.450000047683716,1.5473999738693238
17.530458590006845,3.0362765229295,492.8,16.0,93000.0,3.8999999538064,15.0,6.0,5.0,6.150000095367432,1.5281999826431274
18.546201232032853,4.05201916495551,462.45,15.300000190734863,66003.0,3.8999999538064,15.0,6.0,5.0,6.150000095367432,1.7088000059127808
20.57494866529774,6.080766598220397,574.99,15.800000190734863,64441.0,3.8999999538064,15.0,6.0,5.0,6.150000095367432,1.7618000030517578
22.60369609856263,8.109514031485284,374.43,16.100000381469727,78000.0,3.8999999538064,15.0,79.0,33.0,6.150000095367432,1.9448000192642207
24.281998631074607,9.787816563997264,745.67,14.100000381469728,61316.0,3.8999999538064,15.0,79.0,33.0,6.150000095367432,2.2161999702453614
23.824777549623544,6.05886379192334,612.34,16.200000762939453,41000.0,4.700000002980232,4.800000190734863,0.0,0.0,5.299999952316284,1.4184000015258789
25.853524982888437,8.087611225188228,384.08,16.200000762939453,122000.0,4.700000002980232,4.800000190734863,0.0,0.0,5.299999952316284,1.3685999870300294
26.7378507871321,8.971937029431896,876.49,14.300000190734863,124000.0,4.700000002980232,4.800000190734863,0.0,0.0,5.299999952316284,1.5281999826431274
28.42984257357974,10.663928815879537,252.62,15.800000190734863,157000.0,4.700000002980232,4.800000190734863,0.0,0.0,5.299999952316284,1.544000005722046
30.5160848733744,12.750171115674195,554.39,16.299999237060547,167000.0,4.700000002980232,4.800000190734863,0.0,0.0,5.299999952316284,1.605999970436096
31.457905544147845,13.69199178644764,382.21,16.100000381469727,182000.0,4.700000002980232,4.800000190734863,0.0,0.0,5.299999952316284,1.6363999843597412
33.46748802190281,15.7015742642026,385.23,16.200000762939453,176000.0,4.700000002980232,4.800000190734863,0.0,0.0,5.299999952316284,1.6128000020980835
33.776865160848736,16.01095140314853,500.08,16.200000762939453,186000.0,4.700000002980232,4.800000190734863,0.0,0.0,5.299999952316284,1.652999997138977
24.7419575633128,6.05886379192334,484.4,18.200000762939453,251018.0,5.100000098347664,11.600000381469728,5.0,11.0,5.049999952316284,2.087599992752075
26.767967145790557,8.084873374401095,285.24,18.5,257763.0,5.100000098347664,11.600000381469728,5.0,11.0,5.049999952316284,2.2573999881744387
27.65776865160849,8.974674880219029,532.5,16.600000381469727,202356.0,5.100000098347664,11.600000381469728,34.0,14.0,5.049999952316284,2.412400007247925
29.34428473648186,10.661190965092402,203.09,17.5,270290.0,5.100000098347664,11.600000381469728,34.0,14.0,5.049999952316284,2.355800008773804
23.159479808350444,0.6461327857631759,161.08,22.799999237060547,137579.0,8.299999952316284,6.599999904632568,0.0,9.0,5.25,1.4204000234603882
24.164271047227928,1.6509240246406571,129.8,22.100000381469727,127239.0,8.299999952316284,6.599999904632568,0.0,0.0,5.25,0.6821999907493591
26.272416153319643,3.759069130732375,73.99,23.5,132094.0,8.299999952316284,6.599999904632568,0.0,0.0,5.25,0.6906000018119812
28.145106091718,5.631759069130732,182.79,23.399999618530277,162754.0,8.299999952316284,6.599999904632568,0.0,0.0,5.25,0.7014000058174134
29.114305270362767,6.600958247775496,100.24,22.100000381469727,141776.5,8.299999952316284,6.599999904632568,0.0,0.0,5.25,0.7332000017166138
24.49555099247091,0.9883641341546886,161.08,22.799999237060547,169454.0,10.2999999076128,5.900000095367432,0.0,0.0,5.350000023841858,0.7804000020027161
25.50034223134839,1.9931553730321696,129.8,22.100000381469727,150000.0,10.2999999076128,5.900000095367432,0.0,0.0,5.350000023841858,0.7484000086784363
27.60848733744011,4.101300479123887,73.99,23.5,199000.0,10.2999999076128,5.900000095367432,0.0,0.0,5.350000023841858,0.7649999976158142
29.481177275838466,5.973990417522245,182.79,23.399999618530277,209760.0,10.2999999076128,5.900000095367432,0.0,0.0,5.350000023841858,0.7457999944686889
19.61943874058864,3.3045859000684463,449.03,12.800000190734863,53713.0,3.6999999582767487,7.400000095367432,18.0,13.0,6.299999952316284,2.0652000427246096
20.5968514715948,4.281998631074607,542.12,12.800000190734863,55445.0,3.6999999582767487,7.400000095367432,18.0,13.0,6.299999952316284,2.370199990272522
32.55578370978782,0.2217659137577002,541.89,13.199999809265137,65671.0,5.600000023841858,7.099999904632568,20.0,19.0,6.180000019073487,2.4276000022888184
35.403148528405204,3.0691307323750854,336.56,13.199999809265137,68795.0,5.600000023841858,7.099999904632568,6.0,11.0,6.180000019073487,2.932800054550171
38.54346338124572,6.209445585215605,341.92,13.600000381469728,71872.0,5.600000023841858,7.099999904632568,6.0,11.0,6.180000019073487,3.155600023269653
