section_id,IRI,age,time_from_MRR,precip,temp,esal,ac_thickness,base_thickness,fatigue_crack_pct,wheel_crack_pct,IRI_prev
15_1003,2.440999984741211,9.007529089664613,4.676249144421629,249.1,24.299999237060547,49023.0,4.599999904632568,10.300000190734863,0.0,0.0,2.515000104904175
15_1003,2.4040000438690186,11.137577002053389,6.806297056810404,361.51,24.700000762939453,48585.0,4.599999904632568,10.300000190734863,0.0,0.0,2.440999984741211
15_1003,2.5250000953674316,13.05407255304586,8.722792607802875,506.58,24.799999237060547,26000.0,4.599999904632568,10.300000190734863,0.0,0.0,2.4040000438690186
15_1003,2.496999979019165,15.178644763860369,10.847364818617386,207.12,24.0,57728.0,4.599999904632568,10.300000190734863,0.0,0.0,2.5250000953674316
15_1003,2.5,17.596167008898014,13.264887063655031,286.27,24.5,67105.0,4.599999904632568,10.300000190734863,0.0,0.0,2.496999979019165
15_1003,2.4639999866485596,19.1129363449692,14.781656399726215,209.34,24.799999237060547,59670.0,4.599999904632568,10.300000190734863,0.0,2.0,2.5
15_1003,2.509999990463257,21.505817932922657,17.17453798767967,482.85,24.799999237060547,138766.0,4.599999904632568,10.300000190734863,3.0,4.0,2.4639999866485596
15_1006,2.3320000171661377,12.591375770020534,4.673511293634497,249.1,24.299999237060547,30660.0,4.5,7.800000190734863,0.0,0.0,2.4200000762939453
15_1006,2.6619999408721924,14.718685831622176,6.80082135523614,361.51,24.700000762939453,36000.0,4.5,7.800000190734863,0.0,0.0,2.3320000171661377
15_1006,2.378999948501587,16.640657084188913,8.722792607802875,506.58,24.799999237060547,44000.0,4.5,7.800000190734863,0.0,0.0,2.6619999408721924
15_1006,2.4119999408721924,18.76249144421629,10.844626967830253,207.12,24.0,29000.0,4.5,7.800000190734863,0.0,0.0,2.378999948501587
15_1006,2.361999988555908,21.180013689253936,13.262149212867898,286.27,24.5,40000.0,4.5,7.800000190734863,0.0,0.0,2.4119999408721924
15_1006,2.318000078201294,22.69678302532512,14.778918548939084,209.34,24.799999237060547,34000.0,4.5,7.800000190734863,1.0,1.0,2.361999988555908
15_1006,2.424999952316284,25.089664613278575,17.17180013689254,482.85,24.799999237060547,33000.0,4.5,7.800000190734863,54.0,33.0,2.318000078201294
32_1020,1.1881999969482422,12.63791923340178,0.6379192334017796,228.78,9.899999618530273,117234.0,6.999999821186066,4.699999809265137,4.0,11.0,1.0287500023841858
32_1020,1.378000020980835,13.845311430527037,1.8453114305270362,387.59,8.699999809265137,96718.0,6.999999821186066,4.699999809265137,29.0,23.0,1.1881999969482422
32_1020,1.3986000061035155,14.778918548939084,2.7789185489390826,175.69,10.100000381469727,157472.0,6.999999821186066,4.699999809265137,25.0,19.0,1.378000020980835
32_1020,0.4558000028133392,16.681724845995895,0.4024640657084189,228.37,10.899999618530273,124947.0,9.100000023841858,4.699999809265137,21.0,16.0,1.3986000061035155
32_1020,0.4674000084400177,17.724845995893222,1.4455852156057496,148.08,10.699999809265137,126472.0,9.100000023841858,4.699999809265137,21.0,16.0,0.4558000028133392
32_1020,0.48200000524520875,18.48596851471595,2.206707734428474,148.08,10.699999809265137,126472.0,9.100000023841858,4.699999809265137,21.0,16.0,0.4674000084400177
32_1020,0.49160000681877136,19.82751540041068,3.5482546201232035,261.51,10.5,149427.0,9.100000023841858,4.699999809265137,0.0,0.0,0.48200000524520875
32_1020,0.5191999912261963,22.31895961670089,6.039698836413415,234.65,10.199999809265137,167685.0,9.100000023841858,4.699999809265137,0.0,1.0,0.49160000681877136
32_1020,0.7047999858856201,27.8466803559206,4.854209445585216,202.49,11.5,240220.0,9.30000002682209,4.699999809265137,6.0,14.0,0.5191999912261963
32_1020,0.5149999976158142,28.914442162902123,0.9637234770704997,315.26,10.5,254259.0,10.399999916553497,4.699999809265137,6.0,14.0,0.7047999858856201
32_1020,0.5174000024795532,30.42299794661191,2.4722792607802875,339.16,11.800000190734863,270060.0,10.399999916553497,4.699999809265137,0.0,0.0,0.5149999976158142
32_1020,0.5391999840736389,31.770020533880903,0.7720739219712526,306.09,11.199999809265137,258884.75,10.59999991953373,4.699999809265137,0.0,0.0,0.5174000024795532
32_1020,0.5305999875068664,32.91991786447639,1.9219712525667352,182.25,11.100000381469727,274010.25,10.59999991953373,4.699999809265137,0.0,0.0,0.5391999840736389
32_1030,1.0185999870300293,21.475701574264203,4.350444900752909,169.71,19.299999237060547,82940.0,10.300000190734863,1.7999999523162842,0.0,0.0,1.0202000141143799
35_0101,0.7097999930381775,4.553045859000685,5.637234770704997,305.37,17.200000762939453,6471.0,7.399999797344208,8.0,0.0,0.0,0.5938000082969666
35_0101,0.8471999883651733,5.505817932922656,6.590006844626968,189.41,17.100000381469727,6000.0,7.399999797344208,8.0,0.0,1.0,0.7097999930381775
35_0101,1.0813999891281127,7.189596167008898,8.27378507871321,147.27,17.5,9110.0,7.399999797344208,8.0,0.0,4.0,0.8471999883651733
35_0101,1.1539999961853027,8.605065023956195,9.689253935660506,308.47,16.299999237060547,9897.0,7.399999797344208,8.0,0.0,6.0,1.0813999891281127
35_0101,1.449399995803833,9.357973990417522,10.442162902121835,261.54,17.0,117486.0,7.399999797344208,8.0,0.0,6.0,1.1539999961853027
35_0101,1.5996000051498414,10.477754962354553,11.561943874058864,331.64,16.799999237060547,147000.0,7.399999797344208,8.0,0.0,8.0,1.449399995803833
35_0102,0.8649999976158143,4.553045859000685,5.637234770704997,305.37,17.200000762939453,6346.0,5.999999821186066,12.199999809265137,0.0,0.0,0.6712000131607055
35_0102,1.0038000106811524,5.505817932922656,6.590006844626968,189.41,17.100000381469727,6000.0,5.999999821186066,12.199999809265137,0.0,1.0,0.8649999976158143
35_0102,1.2525999784469604,7.189596167008898,8.27378507871321,147.27,17.5,8935.0,5.999999821186066,12.199999809265137,0.0,8.0,1.0038000106811524
35_0102,1.6021999835968017,8.605065023956195,9.689253935660506,308.47,16.299999237060547,9706.0,5.999999821186066,12.199999809265137,1.0,13.0,1.2525999784469604
35_0102,1.3884000062942505,9.357973990417522,10.442162902121835,261.54,17.0,103704.0,5.999999821186066,12.199999809265137,1.0,13.0,1.6021999835968017
35_0102,1.4727999925613404,10.477754962354553,1.108829568788501,331.64,16.799999237060547,146000.0,4.799999833106995,12.199999809265137,2.0,16.0,1.3884000062942505
35_0103,0.7769999980926514,4.553045859000685,5.637234770704997,305.37,17.200000762939453,6471.0,5.299999833106995,7.0,0.0,0.0,0.6379999995231629
35_0103,0.8821999907493592,5.505817932922656,6.590006844626968,189.41,17.100000381469727,6000.0,5.299999833106995,7.0,0.0,0.0,0.7769999980926514
35_0103,1.3511999607086183,7.189596167008898,8.27378507871321,147.27,17.5,9110.0,5.299999833106995,7.0,0.0,1.0,0.8821999907493592
35_0103,1.809000015258789,8.605065023956195,9.689253935660506,308.47,16.299999237060547,9897.0,5.299999833106995,7.0,0.0,2.0,1.3511999607086183
35_0103,1.9424000024795531,9.357973990417522,10.442162902121835,261.54,17.0,117486.0,5.299999833106995,7.0,0.0,2.0,1.809000015258789
35_0103,1.9924000024795532,10.477754962354553,11.561943874058864,331.64,16.799999237060547,123750.0,5.299999833106995,7.0,0.0,4.0,1.9424000024795531
35_0104,0.6706000089645385,4.553045859000685,5.637234770704997,305.37,17.200000762939453,6098.0,8.399999916553497,11.0,0.0,0.0,0.5598000049591064
35_0104,0.7157999992370605,5.505817932922656,6.590006844626968,189.41,17.100000381469727,6000.0,8.399999916553497,11.0,0.0,0.0,0.6706000089645385
35_0104,0.8544000029563904,7.189596167008898,8.27378507871321,147.27,17.5,8585.0,8.399999916553497,11.0,0.0,0.0,0.7157999992370605
35_0104,1.0302000045776367,8.605065023956195,9.689253935660506,308.47,16.299999237060547,9326.0,8.399999916553497,11.0,0.0,0.0,0.8544000029563904
35_0104,1.0478000164031982,9.357973990417522,10.442162902121835,261.54,17.0,110708.0,8.399999916553497,11.0,0.0,0.0,1.0302000045776367
35_0104,1.0920000076293945,10.477754962354553,11.561943874058864,331.64,16.799999237060547,116610.0,8.399999916553497,11.0,0.0,1.0,1.0478000164031982
35_0105,0.6353999972343445,4.553045859000685,5.637234770704997,305.37,17.200000762939453,6595.0,5.800000011920929,8.0,0.0,0.0,0.5679999947547912
35_0105,0.7008000016212463,5.505817932922656,6.590006844626968,189.41,17.100000381469727,6000.0,5.800000011920929,8.0,0.0,0.0,0.6353999972343445
35_0105,0.920799994468689,7.189596167008898,8.27378507871321,147.27,17.5,9286.0,5.800000011920929,8.0,0.0,3.0,0.7008000016212463
35_0105,1.0569999933242797,8.605065023956195,9.689253935660506,308.47,16.299999237060547,10087.0,5.800000011920929,8.0,0.0,6.0,0.920799994468689
35_0105,1.1212000131607056,9.357973990417522,10.442162902121835,261.54,17.0,119746.0,5.800000011920929,8.0,0.0,6.0,1.0569999933242797
35_0105,0.9884000062942505,10.477754962354553,11.561943874058864,331.64,16.799999237060547,151000.0,5.800000011920929,8.0,0.0,9.0,1.1212000131607056
35_0106,0.7097999930381775,4.553045859000685,5.637234770704997,305.37,17.200000762939453,6222.0,7.800000011920929,11.000000476837158,0.0,0.0,0.575000011920929
35_0106,0.8442000031471253,5.505817932922656,6.590006844626968,189.41,17.100000381469727,6000.0,7.800000011920929,11.000000476837158,0.0,0.0,0.7097999930381775
35_0106,0.9873999953269958,7.189596167008898,8.27378507871321,147.27,17.5,8760.0,7.800000011920929,11.000000476837158,0.0,0.0,0.8442000031471253
35_0106,1.0408000230789185,8.605065023956195,9.689253935660506,308.47,16.299999237060547,9516.0,7.800000011920929,11.000000476837158,0.0,0.0,0.9873999953269958
35_0106,1.0610000133514403,9.357973990417522,10.442162902121835,261.54,17.0,112968.0,7.800000011920929,11.000000476837158,0.0,0.0,1.0408000230789185
35_0106,1.0467999935150147,10.477754962354553,11.561943874058864,331.64,16.799999237060547,141000.0,7.800000011920929,11.000000476837158,0.0,1.0,1.0610000133514403
35_0107,0.8391999959945678,4.553045859000685,5.637234770704997,305.37,17.200000762939453,6471.0,5.999999821186066,7.900000095367432,0.0,0.0,0.6656000018119812
35_0107,0.8801999926567078,5.505817932922656,6.590006844626968,189.41,17.100000381469727,6000.0,5.999999821186066,7.900000095367432,0.0,0.0,0.8391999959945678
35_0107,1.2167999982833861,7.189596167008898,8.27378507871321,147.27,17.5,9110.0,5.999999821186066,7.900000095367432,0.0,2.0,0.8801999926567078
35_0107,1.3497999906539917,8.605065023956195,9.689253935660506,308.47,16.299999237060547,9897.0,5.999999821186066,7.900000095367432,0.0,6.0,1.2167999982833861
35_0107,1.6046000003814698,9.357973990417522,10.442162902121835,261.54,17.0,117486.0,5.999999821186066,7.900000095367432,0.0,6.0,1.3497999906539917
35_0107,1.6522000074386596,10.477754962354553,11.561943874058864,331.64,16.799999237060547,148000.0,5.999999821186066,7.900000095367432,0.0,7.0,1.6046000003814698
35_0108,0.8223999977111817,4.553045859000685,5.637234770704997,305.37,17.200000762939453,6222.0,7.799999892711639,12.299999713897705,0.0,0.0,0.8291999936103821
35_0108,0.8514000058174134,5.505817932922656,6.590006844626968,189.41,17.100000381469727,6000.0,7.799999892711639,12.299999713897705,0.0,0.0,0.8223999977111817
35_0108,0.9842000126838684,7.189596167008898,8.27378507871321,147.27,17.5,8760.0,7.799999892711639,12.299999713897705,0.0,0.0,0.8514000058174134
35_0108,1.0796000003814696,8.605065023956195,9.689253935660506,308.47,16.299999237060547,9516.0,7.799999892711639,12.299999713897705,0.0,1.0,0.9842000126838684
35_0108,1.0909999847412108,9.357973990417522,10.442162902121835,261.54,17.0,112968.0,7.799999892711639,12.299999713897705,0.0,1.0,1.0796000003814696
35_0108,1.2158000230789185,10.477754962354553,11.561943874058864,331.64,16.799999237060547,141000.0,7.799999892711639,12.299999713897705,0.0,2.0,1.0909999847412108
35_0109,0.6307999968528748,4.553045859000685,5.637234770704997,305.37,17.200000762939453,6098.0,8.100000083446503,15.600000381469727,0.0,0.0,0.5879999995231628
35_0109,0.703000009059906,5.505817932922656,6.590006844626968,189.41,17.100000381469727,6000.0,8.100000083446503,15.600000381469727,0.0,0.0,0.6307999968528748
35_0109,0.8539999961853028,7.189596167008898,8.27378507871321,147.27,17.5,8585.0,8.100000083446503,15.600000381469727,0.0,0.0,0.703000009059906
35_0109,0.9840000033378601,8.605065023956195,9.689253935660506,308.47,16.299999237060547,9326.0,8.100000083446503,15.600000381469727,0.0,1.0,0.8539999961853028
35_0109,1.0479999780654907,9.357973990417522,10.442162902121835,261.54,17.0,110708.0,8.100000083446503,15.600000381469727,0.0,1.0,0.9840000033378601
35_0109,1.0877999782562255,10.477754962354553,11.561943874058864,331.64,16.799999237060547,139000.0,8.100000083446503,15.600000381469727,0.0,2.0,1.0479999780654907
35_0110,0.6093999981880188,4.553045859000685,5.637234770704997,305.37,17.200000762939453,6222.0,7.999999821186066,8.099999904632568,0.0,0.0,0.6149999976158143
35_0110,0.6200000047683716,5.505817932922656,6.590006844626968,189.41,17.100000381469727,6000.0,7.999999821186066,8.099999904632568,0.0,0.0,0.6093999981880188
35_0110,0.7167999982833863,7.189596167008898,8.27378507871321,147.27,17.5,8760.0,7.999999821186066,8.099999904632568,0.0,0.0,0.6200000047683716
35_0110,0.8394000053405761,8.605065023956195,9.689253935660506,308.47,16.299999237060547,9516.0,7.999999821186066,8.099999904632568,0.0,0.0,0.7167999982833863
35_0110,0.8444000005722045,9.357973990417522,10.442162902121835,261.54,17.0,112968.0,7.999999821186066,8.099999904632568,0.0,0.0,0.8394000053405761
35_0110,0.8666000008583069,10.477754962354553,11.561943874058864,331.64,16.799999237060547,118990.0,7.999999821186066,8.099999904632568,0.0,0.0,0.8444000005722045
35_0110,1.0206000208854675,12.536618754277892,13.620807665982204,324.6,16.0,108153.0,7.999999821186066,8.099999904632568,0.0,0.0,0.8666000008583069
35_0111,0.5824000000953674,4.553045859000685,5.637234770704997,305.37,17.200000762939453,6222.0,5.000000178813934,11.299999952316284,0.0,0.0,0.47959999442100526
35_0111,0.6076000094413757,5.505817932922656,6.590006844626968,189.41,17.100000381469727,6000.0,5.000000178813934,11.299999952316284,0.0,0.0,0.5824000000953674
35_0111,0.7156000018119812,7.189596167008898,8.27378507871321,147.27,17.5,8760.0,5.000000178813934,11.299999952316284,0.0,0.0,0.6076000094413757
35_0111,0.7391999959945679,8.605065023956195,9.689253935660506,308.47,16.299999237060547,9516.0,5.000000178813934,11.299999952316284,0.0,0.0,0.7156000018119812
35_0111,0.8824000000953675,9.357973990417522,10.442162902121835,261.54,17.0,101671.0,5.000000178813934,11.299999952316284,0.0,0.0,0.7391999959945679
35_0111,0.8619999885559082,10.477754962354553,1.108829568788501,331.64,16.799999237060547,118990.0,4.900000214576721,11.299999952316284,0.0,0.0,0.8824000000953675
35_0111,1.0386000275611877,12.536618754277892,3.167693360711841,324.6,16.0,108153.0,4.900000214576721,11.299999952316284,0.0,0.0,0.8619999885559082
35_0112,0.8771999955177308,4.553045859000685,5.637234770704997,305.37,17.200000762939453,6098.0,5.400000095367432,14.899999856948853,0.0,0.0,0.6940000057220459
35_0112,0.8886000037193298,5.505817932922656,6.590006844626968,189.41,17.100000381469727,6000.0,5.400000095367432,14.899999856948853,0.0,0.0,0.8771999955177308
35_0112,1.161800003051758,7.189596167008898,8.27378507871321,147.27,17.5,8585.0,5.400000095367432,14.899999856948853,0.0,0.0,0.8886000037193298
35_0112,1.3138000249862671,8.605065023956195,9.689253935660506,308.47,16.299999237060547,9326.0,5.400000095367432,14.899999856948853,0.0,0.0,1.161800003051758
35_0112,1.372000026702881,9.357973990417522,10.442162902121835,261.54,17.0,110708.0,5.400000095367432,14.899999856948853,0.0,0.0,1.3138000249862671
35_0112,1.4288000106811523,10.477754962354553,11.561943874058864,331.64,16.799999237060547,116610.0,5.400000095367432,14.899999856948853,0.0,0.0,1.372000026702881
35_0501,0.523799991607666,34.97604380561259,3.7180013689253935,246.92,17.100000381469727,318000.0,10.500000059604645,12.0,0.0,0.0,0.45320000052452086
35_0501,0.551800012588501,35.917864476386036,4.659822039698836,194.95,16.799999237060547,1002093.0,10.500000059604645,12.0,0.0,0.0,0.523799991607666
35_0501,0.7478000044822692,37.60438056125941,0.31485284052019163,194.27,17.5,197936.0,10.500000059604645,12.0,0.0,1.0,0.551800012588501
35_0502,0.5709999918937683,34.97604380561259,3.7180013689253935,246.92,17.100000381469727,317000.0,11.29999989271164,12.5,0.0,0.0,0.5940000057220459
35_0502,0.6072000026702881,35.917864476386036,4.659822039698836,194.95,16.799999237060547,994037.0,11.29999989271164,12.5,0.0,0.0,0.5709999918937683
35_0502,0.6843999981880188,37.60438056125941,6.346338124572211,194.27,17.5,196344.0,11.29999989271164,12.5,0.0,0.0,0.6072000026702881
35_0502,0.7657999992370605,39.01984941820671,7.761806981519507,341.33,16.200000762939453,400872.0,11.29999989271164,12.5,0.0,0.0,0.6843999981880188
35_0502,0.8667999982833863,39.7700205338809,0.731006160164271,233.96,17.100000381469727,1272897.0,11.29999989271164,12.5,0.0,0.0,0.7657999992370605
35_0502,1.0112000107765198,40.8952772073922,1.8562628336755647,331.53,16.600000381469727,1335984.0,11.29999989271164,12.5,0.0,0.0,0.8667999982833863
35_0503,0.43579999208450315,34.97604380561259,3.7180013689253935,246.92,17.100000381469727,293265.0,13.900000035762787,15.0,0.0,0.0,0.4472000002861023
35_0503,0.45160000324249266,35.917864476386036,4.659822039698836,194.95,16.799999237060547,971831.0,13.900000035762787,15.0,0.0,0.0,0.43579999208450315
35_0503,0.5055999994277954,37.60438056125941,6.346338124572211,194.27,17.5,191800.0,13.900000035762787,15.0,0.0,0.0,0.45160000324249266
35_0503,0.5649999976158142,39.01984941820671,7.761806981519507,341.33,16.200000762939453,391528.0,13.900000035762787,15.0,0.0,0.0,0.5055999994277954
35_0503,0.6062000036239624,39.7700205338809,8.511978097193703,233.96,17.100000381469727,1242858.0,13.900000035762787,15.0,0.0,0.0,0.5649999976158142
35_0503,0.7007999897003174,40.8952772073922,9.637234770704996,331.53,16.600000381469727,1304791.0,13.900000035762787,15.0,0.0,1.0,0.6062000036239624
35_0504,0.4287999927997589,34.97604380561259,3.7180013689253935,246.92,17.100000381469727,317000.0,13.500000029802322,12.699999809265137,0.0,0.0,0.4434000074863434
35_0504,0.435999995470047,35.917864476386036,4.659822039698836,194.95,16.799999237060547,979751.0,13.500000029802322,12.699999809265137,0.0,0.0,0.4287999927997589
35_0504,0.5226000070571899,37.60438056125941,6.346338124572211,194.27,17.5,193381.0,13.500000029802322,12.699999809265137,0.0,0.0,0.435999995470047
35_0504,0.6009999990463257,39.01984941820671,1.054072553045859,341.33,16.200000762939453,394940.0,13.500000029802322,12.699999809265137,0.0,0.0,0.5226000070571899
35_0504,0.6930000066757203,39.7700205338809,1.8042436687200547,233.96,17.100000381469727,1253826.0,13.500000029802322,12.699999809265137,0.0,0.0,0.6009999990463257
35_0504,0.7923999905586243,40.8952772073922,2.9295003422313486,331.53,16.600000381469727,1316336.0,13.500000029802322,12.699999809265137,0.0,2.0,0.6930000066757203
35_0505,0.5541999936103821,34.97604380561259,3.7180013689253935,246.92,17.100000381469727,318000.0,11.000000178813934,8.0,0.0,0.0,0.46499999761581423
35_0505,0.46360000371932986,35.917864476386036,4.659822039698836,194.95,16.799999237060547,1011057.0,11.000000178813934,8.0,0.0,0.0,0.5541999936103821
35_0505,0.5833999872207641,37.60438056125941,6.346338124572211,194.27,17.5,199856.0,11.000000178813934,8.0,0.0,0.0,0.46360000371932986
35_0505,0.599400007724762,39.01984941820671,7.761806981519507,341.33,16.200000762939453,407922.0,11.000000178813934,8.0,0.0,0.0,0.5833999872207641
35_0505,0.6801999926567077,39.7700205338809,8.511978097193703,233.96,17.100000381469727,1295385.0,11.000000178813934,8.0,0.0,0.0,0.599400007724762
35_0505,0.7843999981880188,40.8952772073922,9.637234770704996,331.53,16.600000381469727,1359632.0,11.000000178813934,8.0,0.0,1.0,0.6801999926567077
35_0506,0.43359999656677245,34.97604380561259,3.7180013689253935,246.92,17.100000381469727,317000.0,11.300000011920929,12.0,0.0,0.0,0.4368000030517578
35_0506,0.44100000262260436,35.917864476386036,4.659822039698836,194.95,16.799999237060547,987237.0,11.300000011920929,12.0,0.0,0.0,0.43359999656677245
35_0506,0.5444000124931335,37.60438056125941,6.346338124572211,194.27,17.5,194903.0,11.300000011920929,12.0,0.0,0.0,0.44100000262260436
35_0506,0.5462000012397766,39.01984941820671,7.761806981519507,341.33,16.200000762939453,398054.0,11.300000011920929,12.0,0.0,1.0,0.5444000124931335
35_0506,0.623199999332428,39.7700205338809,8.511978097193703,233.96,17.100000381469727,1263831.0,11.300000011920929,12.0,0.0,1.0,0.5462000012397766
35_0506,0.704200005531311,40.8952772073922,9.637234770704996,331.53,16.600000381469727,1326735.0,11.300000011920929,12.0,0.0,2.0,0.623199999332428
35_0507,0.47859999537467957,34.97604380561259,3.7180013689253935,246.92,17.100000381469727,292998.0,13.300000190734863,16.0,0.0,0.0,0.5057999968528748
35_0507,0.4697999954223633,35.917864476386036,4.659822039698836,194.95,16.799999237060547,972236.0,13.300000190734863,16.0,0.0,0.0,0.47859999537467957
35_0507,0.5621999979019165,37.60438056125941,6.346338124572211,194.27,17.5,191851.0,13.300000190734863,16.0,0.0,0.0,0.4697999954223633
35_0507,0.7812000036239624,39.01984941820671,7.761806981519507,341.33,16.200000762939453,391799.0,13.300000190734863,16.0,0.0,1.0,0.5621999979019165
35_0507,0.9199999928474426,39.7700205338809,8.511978097193703,233.96,17.100000381469727,1243712.0,13.300000190734863,16.0,0.0,1.0,0.7812000036239624
35_0507,1.1811999797821044,40.8952772073922,9.637234770704996,331.53,16.600000381469727,1305835.0,13.300000190734863,16.0,0.0,2.0,0.9199999928474426
35_0508,0.46459999680519104,34.97604380561259,3.7180013689253935,246.92,17.100000381469727,293371.0,14.79999977350235,12.0,0.0,0.0,0.48539999127388
35_0508,0.4753999948501587,35.917864476386036,4.659822039698836,194.95,16.799999237060547,971875.0,14.79999977350235,12.0,0.0,0.0,0.46459999680519104
35_0508,0.5332000017166137,37.60438056125941,6.346338124572211,194.27,17.5,191804.0,14.79999977350235,12.0,0.0,0.0,0.4753999948501587
35_0508,0.6136000037193299,39.01984941820671,7.761806981519507,341.33,16.200000762939453,391536.0,14.79999977350235,12.0,0.0,0.0,0.5332000017166137
35_0508,0.6473999977111816,39.7700205338809,8.511978097193703,233.96,17.100000381469727,1242869.0,14.79999977350235,12.0,0.0,0.0,0.6136000037193299
35_0508,0.7572000026702881,40.8952772073922,9.637234770704996,331.53,16.600000381469727,1304813.0,14.79999977350235,12.0,0.0,1.0,0.6473999977111816
35_0509,0.5082000017166137,34.97604380561259,3.7180013689253935,246.92,17.100000381469727,317000.0,11.600000023841858,11.0,0.0,0.0,0.5043999969959259
35_0509,0.5092000007629395,35.917864476386036,4.659822039698836,194.95,16.799999237060547,987194.0,11.600000023841858,11.0,0.0,0.0,0.5082000017166137
35_0509,0.5583999991416931,37.60438056125941,6.346338124572211,194.27,17.5,194899.0,11.600000023841858,11.0,0.0,0.0,0.5092000007629395
35_0509,0.6319999933242798,39.01984941820671,7.761806981519507,341.33,16.200000762939453,398047.0,11.600000023841858,11.0,0.0,1.0,0.5583999991416931
35_0509,0.651800000667572,39.7700205338809,8.511978097193703,233.96,17.100000381469727,1263820.0,11.600000023841858,11.0,0.0,1.0,0.6319999933242798
35_0509,0.7795999884605408,40.8952772073922,9.637234770704996,331.53,16.600000381469727,1326713.0,11.600000023841858,11.0,0.0,2.0,0.651800000667572
35_0801,1.2649999856948853,4.70362765229295,5.845311430527036,194.95,16.799999237060547,0.0,4.199999809265137,9.699999809265137,0.0,0.0,1.1610000133514404
35_0801,1.152999997138977,5.500342231348392,6.6420260095824775,176.18,17.100000381469727,0.0,4.199999809265137,9.699999809265137,0.0,0.0,1.2649999856948853
35_0801,1.1699999570846558,6.546201232032854,7.687885010266941,194.27,17.5,0.0,4.199999809265137,9.699999809265137,0.0,0.0,1.152999997138977
35_0801,1.3209999799728394,7.3730321697467485,8.514715947980836,341.33,16.200000762939453,0.0,4.199999809265137,9.699999809265137,0.0,2.0,1.1699999570846558
35_0801,1.1861999750137329,7.600273785078714,8.7419575633128,341.33,16.200000762939453,0.0,4.199999809265137,9.699999809265137,0.0,2.0,1.3209999799728394
35_0801,1.2886000156402588,8.350444900752908,9.492128678986996,233.96,17.100000381469727,0.0,4.199999809265137,9.699999809265137,0.0,2.0,1.1861999750137329
35_0801,1.309999942779541,8.432580424366872,9.574264202600958,233.96,17.100000381469727,0.0,4.199999809265137,9.699999809265137,1.0,3.0,1.2886000156402588
35_0801,1.3486000061035157,9.475701574264203,10.617385352498289,331.53,16.600000381469727,0.0,4.199999809265137,9.699999809265137,1.0,6.0,1.309999942779541
35_0801,1.450599980354309,13.481177275838467,14.622861054072553,266.18,16.200000762939453,0.0,4.199999809265137,9.699999809265137,2.0,10.0,1.3486000061035157
35_0801,1.5008000135421753,14.33264887063655,15.474332648870636,159.36,17.0,0.0,4.199999809265137,9.699999809265137,2.0,10.0,1.450599980354309
35_0801,1.500600028038025,15.233401779603012,16.3750855578371,144.44,17.600000381469727,0.0,4.199999809265137,9.699999809265137,2.0,10.0,1.5008000135421753
35_0801,1.4778000116348267,17.864476386036962,19.006160164271048,489.36,17.399999618530273,0.0,4.199999809265137,9.699999809265137,7.0,16.0,1.500600028038025
35_0801,1.503600001335144,18.981519507186857,20.123203285420946,490.85,17.0,0.0,4.199999809265137,9.699999809265137,7.0,16.0,1.4778000116348267
35_0801,1.5027999877929688,19.46611909650924,20.607802874743328,444.21,17.700000762939453,0.0,4.199999809265137,9.699999809265137,6.0,17.0,1.503600001335144
35_0801,1.5161999940872193,22.39561943874059,23.537303216974674,336.54,17.100000381469727,0.0,4.199999809265137,9.699999809265137,5.0,17.0,1.5027999877929688
35_0801,1.504800009727478,23.690622861054074,24.83230663928816,269.47,17.899999618530273,0.0,4.199999809265137,9.699999809265137,5.0,17.0,1.5161999940872193
35_0801,1.533999991416931,26.11362080766598,27.255304585900067,347.08,16.899999618530273,0.0,4.199999809265137,9.699999809265137,10.0,22.0,1.504800009727478
35_0802,1.1740000247955322,3.080082135523614,4.2217659137577,101.77,16.600000381469727,0.0,7.0,12.699999809265137,0.0,0.0,0.9129999995231628
35_0802,1.3550000190734863,4.706365503080082,5.848049281314168,194.95,16.799999237060547,0.0,7.0,12.699999809265137,0.0,0.0,1.1740000247955322
35_0802,1.472000002861023,5.500342231348392,6.6420260095824775,176.18,17.100000381469727,0.0,7.0,12.699999809265137,1.0,5.0,1.3550000190734863
35_0802,1.3990000486373901,6.548939082819986,7.690622861054073,194.27,17.5,0.0,7.0,12.699999809265137,1.0,6.0,1.472000002861023
35_0802,1.5169999599456787,7.3730321697467485,8.514715947980836,341.33,16.200000762939453,0.0,7.0,12.699999809265137,2.0,8.0,1.3990000486373901
35_0802,1.4069999933242798,7.600273785078714,8.7419575633128,341.33,16.200000762939453,0.0,7.0,12.699999809265137,2.0,8.0,1.5169999599456787
35_0802,1.4131999969482423,8.350444900752908,9.492128678986996,233.96,17.100000381469727,0.0,7.0,12.699999809265137,2.0,8.0,1.4069999933242798
35_0802,1.4550000429153442,8.432580424366872,9.574264202600958,233.96,17.100000381469727,0.0,7.0,12.699999809265137,3.0,10.0,1.4131999969482423
35_0802,1.6002000093460083,9.475701574264203,10.617385352498289,331.53,16.600000381469727,0.0,7.0,12.699999809265137,4.0,13.0,1.4550000429153442
35_0802,1.476799988746643,13.481177275838467,14.622861054072553,266.18,16.200000762939453,0.0,7.0,12.699999809265137,8.0,20.0,1.6002000093460083
35_0802,1.5139999866485596,14.33264887063655,15.474332648870636,159.36,17.0,0.0,7.0,12.699999809265137,8.0,20.0,1.476799988746643
35_0802,1.4681999683380127,15.233401779603012,16.3750855578371,144.44,17.600000381469727,0.0,7.0,12.699999809265137,8.0,20.0,1.5139999866485596
35_0802,1.4620000123977661,17.864476386036962,19.006160164271048,489.36,17.399999618530273,0.0,7.0,12.699999809265137,15.0,24.0,1.4681999683380127
35_0802,1.5216000080108643,18.981519507186857,20.123203285420946,490.85,17.0,0.0,7.0,12.699999809265137,15.0,24.0,1.4620000123977661
35_0802,1.495199990272522,19.46611909650924,20.607802874743328,444.21,17.700000762939453,0.0,7.0,12.699999809265137,15.0,24.0,1.5216000080108643
35_0802,1.5624000072479247,22.39561943874059,23.537303216974674,336.54,17.100000381469727,0.0,7.0,12.699999809265137,17.0,24.0,1.495199990272522
35_0802,1.5498000144958497,23.690622861054074,24.83230663928816,269.47,17.899999618530273,0.0,7.0,12.699999809265137,17.0,24.0,1.5624000072479247
35_0802,1.5914000034332276,26.11362080766598,27.255304585900067,347.08,16.899999618530273,0.0,7.0,12.699999809265137,14.0,24.0,1.5498000144958497
35_0901,0.46980000138282774,34.98151950718686,3.704312114989733,246.92,17.100000381469727,574000.0,11.200000047683716,9.0,0.0,0.0,0.4819999933242798
35_0901,0.5554000020027161,37.607118412046546,6.329911019849418,194.27,17.5,627000.0,11.200000047683716,9.0,0.0,0.0,0.46980000138282774
35_0901,0.7094000101089477,39.77275838466804,8.49555099247091,233.96,17.100000381469727,723000.0,11.200000047683716,9.0,0.0,1.0,0.5554000020027161
35_0901,1.0216000080108643,40.8952772073922,9.618069815195073,331.53,16.600000381469727,745000.0,11.200000047683716,9.0,0.0,1.0,0.7094000101089477
35_0902,0.4868000090122223,34.98151950718686,3.704312114989733,246.92,17.100000381469727,574000.0,10.799999952316284,12.0,0.0,0.0,0.44739999771118166
35_0902,0.7407999992370605,37.607118412046546,0.6543463381245722,194.27,17.5,549252.0,10.799999952316284,12.0,0.0,0.0,0.4868000090122223
35_0902,1.482800006866455,39.77275838466804,1.568788501026694,233.96,17.100000381469727,723000.0,10.799999952316284,12.0,3.0,16.0,0.7407999992370605
35_0902,1.6015999794006348,40.8952772073922,2.6913073237508556,331.53,16.600000381469727,745000.0,10.799999952316284,12.0,3.0,16.0,1.482800006866455
35_0903,0.5002000033855438,34.98151950718686,3.704312114989733,246.92,17.100000381469727,574000.0,10.900000214576721,10.5,0.0,0.0,0.45639999508857726
35_0903,0.6148000001907349,37.607118412046546,6.329911019849418,194.27,17.5,627000.0,10.900000214576721,10.5,0.0,0.0,0.5002000033855438
35_0903,0.7363999962806702,39.77275838466804,8.49555099247091,233.96,17.100000381469727,723000.0,10.900000214576721,10.5,0.0,3.0,0.6148000001907349
35_0903,0.8709999918937683,40.8952772073922,9.618069815195073,331.53,16.600000381469727,745000.0,10.900000214576721,10.5,0.0,3.0,0.7363999962806702
35_0959,0.5075999855995178,34.98151950718686,3.707049965776865,246.92,17.100000381469727,574000.0,10.099999904632568,13.0,0.0,0.0,0.5276000022888183
35_0959,0.6527999997138977,37.607118412046546,6.33264887063655,194.27,17.5,627000.0,10.099999904632568,13.0,0.0,0.0,0.5075999855995178
35_0959,0.8342000126838685,39.77275838466804,8.498288843258042,233.96,17.100000381469727,723000.0,10.099999904632568,13.0,1.0,8.0,0.6527999997138977
35_0959,1.1233999967575072,40.8952772073922,9.620807665982204,331.53,16.600000381469727,745000.0,10.099999904632568,13.0,1.0,8.0,0.8342000126838685
35_1002,0.8138000011444092,33.464750171115675,4.878850102669404,453.82,13.800000190734863,78486.0,7.700000047683716,6.5,0.0,0.0,0.6823999881744385
35_1002,1.0492000102996826,35.49897330595483,6.913073237508556,310.89,14.399999618530273,94977.0,7.700000047683716,6.5,0.0,0.0,0.8138000011444092
35_1002,0.976200008392334,36.936344969199176,1.1444216290212184,238.7,15.100000381469727,95345.0,8.200000047683716,6.5,0.0,0.0,1.0492000102996826
35_1002,1.1838000059127807,38.95140314852841,3.159479808350445,454.56,14.199999809265137,95000.0,8.200000047683716,6.5,0.0,0.0,0.976200008392334
35_1002,0.9929999947547913,42.732375085557834,6.940451745379876,357.64,15.399999618530273,92000.0,8.200000047683716,6.5,0.0,0.0,1.1838000059127807
35_1002,1.0074000120162965,43.3347022587269,7.542778918548939,357.64,15.399999618530273,92000.0,8.200000047683716,6.5,0.0,0.0,0.9929999947547913
35_1002,0.9365999937057495,43.93429158110883,8.14236824093087,317.86,15.300000190734863,34780.0,8.200000047683716,6.5,0.0,0.0,1.0074000120162965
35_1003,0.9851999998092651,9.464750171115675,4.878850102669404,453.82,13.800000190734863,122166.0,7.299999833106995,6.5,0.0,2.0,0.8758000016212464
35_1003,1.0425999879837036,11.498973305954825,6.913073237508556,310.89,14.399999618530273,154253.0,7.299999833106995,6.5,0.0,2.0,0.9851999998092651
35_1003,1.1581999778747558,12.936344969199178,8.350444900752908,238.7,15.100000381469727,137682.0,7.299999833106995,6.5,2.0,1.0,1.0425999879837036
35_1003,1.6707999944686889,14.951403148528405,10.365503080082135,454.56,14.199999809265137,135000.0,7.299999833106995,6.5,0.0,2.0,1.1581999778747558
35_1003,1.3404000043869018,16.692676249144423,0.6543463381245722,317.5,15.100000381469727,134243.0,7.299999833106995,6.5,0.0,2.0,1.6707999944686889
35_1003,0.4978000044822693,18.732375085557837,2.6940451745379876,357.64,15.399999618530273,142595.0,7.299999833106995,6.5,0.0,1.0,1.3404000043869018
35_1003,0.5266000032424927,19.3347022587269,3.29637234770705,357.64,15.399999618530273,142595.0,7.299999833106995,6.5,0.0,1.0,0.4978000044822693
35_1005,0.6112000107765198,8.139630390143736,4.887063655030801,474.95,9.899999618530273,47275.0,8.699999809265137,8.300000190734863,0.0,0.0,0.5294000029563903
35_1005,0.6651999950408936,10.182067077344286,6.929500342231348,345.41,10.199999809265137,418000.0,8.699999809265137,8.300000190734863,0.0,0.0,0.6112000107765198
35_1005,0.6294000029563904,11.611225188227241,8.358658453114305,271.17,11.0,164527.0,8.699999809265137,8.300000190734863,0.0,0.0,0.6651999950408936
35_1005,0.6838000059127808,13.637234770704996,10.38466803559206,464.16,10.300000190734863,387601.0,8.699999809265137,8.300000190734863,0.0,0.0,0.6294000029563904
35_1005,0.6357999920845032,16.66803559206023,1.9630390143737166,339.77,11.800000190734863,164978.0,8.699999809265137,8.300000190734863,0.0,0.0,0.6838000059127808
35_1005,0.6592000007629395,19.28542094455852,4.5804243668720055,304.69,11.899999618530273,62338.0,8.699999809265137,8.300000190734863,0.0,0.0,0.6357999920845032
35_1005,0.7485999941825867,21.45927446954141,0.5010266940451745,458.61,11.399999618530273,211587.0,8.699999809265137,8.300000190734863,0.0,0.0,0.6592000007629395
35_1022,0.7349999904632568,5.136208076659822,4.884325804243669,369.48,10.5,123355.0,6.300000011920929,10.600000381469727,0.0,0.0,0.682800018787384
35_1022,0.7649999856948853,7.170431211498974,6.91854893908282,362.07,10.300000190734863,183332.0,6.300000011920929,10.600000381469727,0.0,0.0,0.7349999904632568
35_1022,0.7817999958992005,8.607802874743326,8.355920602327172,287.0,11.100000381469727,139437.0,6.300000011920929,10.600000381469727,0.0,0.0,0.7649999856948853
35_1022,0.8478000044822693,10.636550308008214,10.38466803559206,373.87,10.699999809265137,183332.0,6.300000011920929,10.600000381469727,0.0,0.0,0.7817999958992005
35_1022,0.822599995136261,12.435318275154003,12.183436002737851,245.5,11.199999809265137,23520.0,6.300000011920929,10.600000381469727,0.0,0.0,0.8478000044822693
35_1112,0.7826000094413758,8.462696783025326,5.878165639972622,520.26,16.299999237060547,6028.0,6.200000107288361,6.400000095367432,0.0,0.0,0.753600001335144
35_1112,0.8281999945640564,10.099931553730322,7.515400410677618,211.66,17.899999618530273,181861.0,6.200000107288361,6.400000095367432,0.0,0.0,0.7826000094413758
35_1112,0.8555999994277954,10.368240930869268,7.783709787816564,211.66,17.899999618530273,181861.0,6.200000107288361,6.400000095367432,0.0,0.0,0.8281999945640564
35_1112,0.8567999958992004,10.609171800136892,8.02464065708419,216.98,17.5,13954.0,6.200000107288361,6.400000095367432,0.0,0.0,0.8555999994277954
35_1112,0.8353999972343444,10.877481177275838,8.292950034223136,216.98,17.5,13954.0,6.200000107288361,6.400000095367432,0.0,0.0,0.8567999958992004
35_1112,0.8172000050544739,11.049965776865161,8.465434633812457,216.98,17.5,13954.0,6.200000107288361,6.400000095367432,0.0,0.0,0.8353999972343444
35_1112,0.8198000073432923,12.624229979466119,10.039698836413416,353.03,16.600000381469727,194089.0,6.200000107288361,6.400000095367432,0.0,0.0,0.8172000050544739
35_1112,0.8868000030517578,12.840520191649555,10.255989048596852,353.03,16.600000381469727,194089.0,6.200000107288361,6.400000095367432,0.0,0.0,0.8198000073432923
35_1112,0.925,13.232032854209445,10.647501711156742,353.03,16.600000381469727,194089.0,6.200000107288361,6.400000095367432,0.0,0.0,0.8868000030517578
35_1112,0.8740000128746033,13.352498288843258,10.767967145790555,353.03,16.600000381469727,194089.0,6.200000107288361,6.400000095367432,0.0,0.0,0.925
35_1112,0.8192000031471253,16.00273785078713,13.418206707734429,185.06,18.100000381469727,78000.0,6.200000107288361,6.400000095367432,0.0,0.0,0.8740000128746033
35_1112,0.8550000071525574,16.383299110198493,13.79876796714579,185.06,18.100000381469727,78000.0,6.200000107288361,6.400000095367432,0.0,0.0,0.8192000031471253
35_1112,0.8615999937057495,16.681724845995895,14.097193702943189,196.31,18.0,12585.0,6.200000107288361,6.400000095367432,0.0,0.0,0.8550000071525574
35_1112,0.8799999952316284,16.922655715263517,14.338124572210814,196.31,18.0,12585.0,6.200000107288361,6.400000095367432,0.0,0.0,0.8615999937057495
35_1112,0.8770000100135803,17.130732375085557,14.546201232032855,196.31,18.0,12585.0,6.200000107288361,6.400000095367432,0.0,0.0,0.8799999952316284
35_1112,0.8613999962806702,17.333333333333332,14.74880219028063,196.31,18.0,12585.0,6.200000107288361,6.400000095367432,0.0,0.0,0.8770000100135803
35_1112,0.9065999984741211,17.689253935660506,15.104722792607802,436.44,17.5,18155.0,6.200000107288361,6.400000095367432,0.0,0.0,0.8613999962806702
35_1112,0.9248000025749207,18.33538672142368,15.75085557837098,436.44,17.5,18155.0,6.200000107288361,6.400000095367432,0.0,0.0,0.9065999984741211
35_1112,1.0117999911308289,18.60369609856263,16.019164955509925,257.14,18.0,21243.0,6.200000107288361,6.400000095367432,0.0,0.0,0.9248000025749207
35_1112,0.9998000025749206,18.732375085557837,16.147843942505133,257.14,18.0,21243.0,6.200000107288361,6.400000095367432,0.0,0.0,1.0117999911308289
35_1112,1.1834000110626222,20.016427104722794,17.43189596167009,650.33,17.0,46920.0,6.200000107288361,6.400000095367432,0.0,0.0,0.9998000025749206
35_2006,1.4343999862670898,9.388090349075975,4.884325804243669,318.99,9.300000190734863,86049.0,5.100000023841858,4.800000190734863,0.0,0.0,1.4083999872207642
35_2007,0.5941999912261963,17.859000684462696,1.9028062970568105,244.54,10.100000381469727,102525.0,9.0,3.799999952316284,0.0,1.0,0.5466000080108643
35_2007,0.7207999944686889,19.887748117727583,3.9315537303216974,436.33,9.600000381469727,88502.0,9.0,3.799999952316284,0.0,3.0,0.5941999912261963
35_2007,0.8865999937057495,21.686516084873375,5.730321697467488,353.31,10.199999809265137,15750.0,9.0,3.799999952316284,0.0,3.0,0.7207999944686889
35_2118,1.1667999744415283,11.868583162217659,4.867898699520876,444.76,13.600000381469727,610000.0,4.700000107288361,6.400000095367432,0.0,0.0,1.1350000143051147
35_2118,1.249400019645691,13.932922655715263,6.93223819301848,272.72,14.0,613000.0,4.700000107288361,6.400000095367432,0.0,0.0,1.1667999744415283
35_2118,1.2936000108718873,15.36208076659822,8.361396303901437,295.14,14.699999809265137,380746.0,4.700000107288361,6.400000095367432,0.0,0.0,1.249400019645691
35_2118,1.4139999866485595,17.388090349075977,10.387405886379192,522.55,13.600000381469727,689000.0,4.700000107288361,6.400000095367432,0.0,0.0,1.2936000108718873
35_2118,1.5592000007629394,20.418891170431213,13.418206707734429,417.74,15.199999809265137,779000.0,4.700000107288361,6.400000095367432,0.0,0.0,1.4139999866485595
35_2118,1.642199993133545,21.54688569472964,14.546201232032855,346.1,15.199999809265137,621084.0,4.700000107288361,6.400000095367432,0.0,0.0,1.5592000007629394
35_2118,0.7638000130653382,23.887748117727583,1.6153319644079398,291.48,15.399999618530273,851000.0,10.099999904632568,6.400000095367432,0.0,0.0,1.642199993133545
35_2118,0.8723999977111816,27.71526351813826,5.4428473648186175,388.38,14.399999618530273,945573.0,10.099999904632568,6.400000095367432,0.0,0.0,0.7638000130653382
35_2118,0.877400004863739,30.321697467488022,8.049281314168377,349.91,14.699999809265137,823644.0,10.099999904632568,6.400000095367432,0.0,0.0,0.8723999977111816
35_2118,0.9953999876976013,34.691307323750856,12.41889117043121,510.31,14.699999809265137,786688.0,10.099999904632568,6.400000095367432,1.0,3.0,0.877400004863739
35_2118,1.0675999999046326,36.31485284052019,14.042436687200547,385.63,15.699999809265137,1095958.0,10.099999904632568,6.400000095367432,2.0,6.0,0.9953999876976013
35_2118,1.2031999826431274,39.21697467488022,16.944558521560573,527.43,15.100000381469727,496524.0,10.099999904632568,6.400000095367432,15.0,20.0,1.0675999999046326
35_6033,1.3099999904632569,33.464750171115675,4.878850102669404,290.05,12.899999618530273,320014.0,6.60000005364418,11.600000381469727,0.0,17.0,1.269600009918213
35_6033,1.4624000072479248,35.501711156741955,6.915811088295688,203.16,13.399999618530273,223928.0,6.60000005364418,11.600000381469727,0.0,17.0,1.3099999904632569
35_6033,1.6384000062942505,36.93908281998631,8.353182751540041,167.5,14.100000381469727,159000.0,6.60000005364418,11.600000381469727,14.0,17.0,1.4624000072479248
35_6033,1.6217999935150147,38.954140999315534,10.368240930869268,458.62,13.5,403259.0,6.60000005364418,11.600000381469727,14.0,17.0,1.6384000062942505
35_6033,1.6180000066757203,41.998631074606436,0.04380561259411362,300.55,14.699999809265137,121124.0,6.60000005364418,11.600000381469727,13.0,17.0,1.6217999935150147
35_6033,1.5792000055313111,42.732375085557834,0.7775496235455168,247.75,14.399999618530273,123391.25,6.60000005364418,11.600000381469727,13.0,17.0,1.6180000066757203
35_6033,1.658400011062622,43.337440109514034,0.38329911019849416,247.75,14.399999618530273,123391.25,6.60000005364418,11.600000381469727,13.0,16.0,1.5792000055313111
35_6033,1.0806000232696533,43.45790554414784,0.09856262833675565,247.75,14.399999618530273,123391.25,8.000000029802322,11.600000381469727,0.0,0.0,1.658400011062622
35_6033,1.3368000030517577,44.610540725530456,1.2511978097193703,231.68,15.0,126797.0,8.000000029802322,11.600000381469727,0.0,0.0,1.0806000232696533
35_6033,0.7075999975204468,46.784394250513344,3.4250513347022586,324.15,14.5,214000.0,8.000000029802322,11.600000381469727,0.0,0.0,1.3368000030517577
35_6033,0.7421999931335449,49.30047912388775,5.94113620807666,268.45,14.0,227000.0,8.000000029802322,11.600000381469727,0.0,0.0,0.7075999975204468
35_6033,0.7573999881744384,51.90417522245038,8.544832306639288,332.42,13.800000190734863,167371.0,8.000000029802322,11.600000381469727,0.0,0.0,0.7421999931335449
35_6033,0.46739999651908876,56.27926078028747,1.946611909650924,444.2,14.699999809265137,207616.0,8.00000011920929,11.600000381469727,0.0,0.0,0.7573999881744384
35_6033,0.48619999885559084,57.89185489390828,3.5592060232717317,455.12,15.0,213074.0,8.00000011920929,11.600000381469727,0.0,0.0,0.46739999651908876
35_6035,1.4964000225067138,29.94113620807666,1.9411362080766599,232.27,11.399999618530273,137824.0,7.899999976158142,6.0,10.0,16.0,1.4259999990463257
35_6035,1.6466000080108643,31.967145790554415,3.9671457905544147,523.18,10.699999809265137,1528040.0,7.899999976158142,6.0,7.0,12.0,1.4964000225067138
35_6401,0.7146000027656555,21.467488021902806,4.8815879534565365,402.69,10.399999618530273,152282.0,8.200000047683716,5.900000095367432,3.0,9.0,0.5861999869346619
35_6401,1.3782000064849853,24.93908281998631,8.353182751540041,232.27,11.399999618530273,158633.0,8.200000047683716,5.900000095367432,1.0,15.0,0.7146000027656555
35_6401,2.519199991226196,26.95687885010267,10.3709787816564,523.18,10.699999809265137,2347640.0,8.200000047683716,5.900000095367432,5.0,15.0,1.3782000064849853
35_6401,2.5691999912261965,28.692676249144423,12.106776180698152,330.93,11.399999618530273,864696.0,8.200000047683716,5.900000095367432,7.0,15.0,2.519199991226196
35_AA01,0.5661999940872192,43.08829568788501,0.11772758384668036,450.86,13.5,723145.0,12.900000154972076,12.0,0.0,0.0,0.6927999973297119
35_AA01,0.5492000102996826,43.488021902806295,0.5174537987679672,845.64,13.5,849556.0,12.900000154972076,12.0,0.0,0.0,0.5661999940872192
35_AA01,0.5621999979019165,43.98083504449008,1.0102669404517455,845.64,13.5,849556.0,12.900000154972076,12.0,0.0,0.0,0.5492000102996826
35_AA01,0.6304000020027161,44.48186173853525,1.51129363449692,277.04,14.199999809265137,866783.0,12.900000154972076,12.0,0.0,0.0,0.5621999979019165
35_AA01,0.7340000033378601,47.38124572210815,4.4106776180698155,381.97,13.699999809265137,951632.0,12.900000154972076,12.0,0.0,0.0,0.6304000020027161
35_AA01,0.6715999960899353,48.37782340862423,5.4072553045859,314.07,14.699999809265137,973458.0,12.900000154972076,12.0,0.0,0.0,0.7340000033378601
35_AA01,0.7115999937057496,49.46748802190281,6.496919917864476,415.96,14.399999618530273,972305.0,12.900000154972076,12.0,1.0,5.0,0.6715999960899353
35_AA02,0.5724000096321106,43.08829568788501,0.10951403148528405,450.86,13.5,747659.0,11.99999988079071,12.0,0.0,0.0,0.7654000043869018
35_AA02,0.5819999933242798,43.488021902806295,0.5092402464065708,845.64,13.5,878354.0,11.99999988079071,12.0,0.0,0.0,0.5724000096321106
35_AA02,0.5643999934196472,43.98083504449008,1.002053388090349,845.64,13.5,878354.0,11.99999988079071,12.0,0.0,0.0,0.5819999933242798
35_AA02,0.5880000114440918,44.48186173853525,1.5030800821355237,277.04,14.199999809265137,896166.0,11.99999988079071,12.0,0.0,0.0,0.5643999934196472
35_AA02,0.6444000005722046,47.38124572210815,4.402464065708419,381.97,13.699999809265137,983890.0,11.99999988079071,12.0,9.0,17.0,0.5880000114440918
35_AA02,0.6466000080108643,48.37782340862423,5.3990417522245036,314.07,14.699999809265137,1006456.0,11.99999988079071,12.0,9.0,17.0,0.6444000005722046
35_AA02,0.6733999848365784,49.46748802190281,6.48870636550308,415.96,14.399999618530273,1005265.0,11.99999988079071,12.0,9.0,17.0,0.6466000080108643
35_AA02,0.7011999964714051,52.09856262833676,9.119780971937029,270.44,14.5,529250.0,11.99999988079071,12.0,9.0,17.0,0.6733999848365784
35_AA02,0.7324000120162963,53.06228610540725,10.08350444900753,462.92,14.899999618530273,530700.0,11.99999988079071,12.0,9.0,17.0,0.7011999964714051
35_AA03,0.5437999963760376,43.08829568788501,0.11772758384668036,450.86,13.5,747659.0,12.500000357627869,12.0,0.0,0.0,0.6394000053405762
35_AA03,0.5328000068664551,43.488021902806295,0.5174537987679672,845.64,13.5,878354.0,12.500000357627869,12.0,0.0,0.0,0.5437999963760376
35_AA03,0.5591999888420105,43.98083504449008,1.0102669404517455,845.64,13.5,878354.0,12.500000357627869,12.0,0.0,0.0,0.5328000068664551
35_AA03,0.5677999973297119,44.48186173853525,1.51129363449692,277.04,14.199999809265137,896166.0,12.500000357627869,12.0,0.0,0.0,0.5591999888420105
35_AA03,0.6521999955177307,47.38124572210815,4.4106776180698155,381.97,13.699999809265137,983890.0,12.500000357627869,12.0,0.0,0.0,0.5677999973297119
35_AA03,0.749400007724762,48.37782340862423,5.4072553045859,314.07,14.699999809265137,1006456.0,12.500000357627869,12.0,0.0,0.0,0.6521999955177307
35_AA03,0.800000011920929,49.46748802190281,6.496919917864476,415.96,14.399999618530273,1005265.0,12.500000357627869,12.0,0.0,0.0,0.749400007724762
35_AA03,0.728000009059906,52.09856262833676,9.127994524298426,270.44,14.5,531440.0,12.500000357627869,12.0,0.0,0.0,0.800000011920929
35_AA03,0.7809999942779541,53.06228610540725,10.091718001368925,462.92,14.899999618530273,532896.0,12.500000357627869,12.0,0.0,0.0,0.728000009059906
35_AA61,0.6483999967575074,43.08829568788501,0.11772758384668036,450.86,13.5,747659.0,11.499999940395355,13.0,0.0,0.0,0.696999990940094
35_AA61,0.6490000009536743,43.488021902806295,0.5174537987679672,845.64,13.5,878354.0,11.499999940395355,13.0,0.0,0.0,0.6483999967575074
35_AA61,0.6270000100135803,43.98083504449008,1.0102669404517455,845.64,13.5,878354.0,11.499999940395355,13.0,0.0,0.0,0.6490000009536743
35_AA61,0.6492000222206116,44.48186173853525,1.51129363449692,277.04,14.199999809265137,896166.0,11.499999940395355,13.0,0.0,0.0,0.6270000100135803
35_AA61,0.8037999987602233,47.38124572210815,4.4106776180698155,381.97,13.699999809265137,983890.0,11.499999940395355,13.0,0.0,0.0,0.6492000222206116
35_AA61,0.8577999949455262,48.37782340862423,5.4072553045859,314.07,14.699999809265137,1006456.0,11.499999940395355,13.0,0.0,0.0,0.8037999987602233
35_AA61,0.8759999990463256,49.46748802190281,6.496919917864476,415.96,14.399999618530273,1005265.0,11.499999940395355,13.0,1.0,4.0,0.8577999949455262
35_AA61,0.8807999968528748,52.09856262833676,9.127994524298426,270.44,14.5,528520.0,11.499999940395355,13.0,1.0,4.0,0.8759999990463256
35_AA61,0.9174000024795532,53.06228610540725,10.091718001368925,462.92,14.899999618530273,529968.0,11.499999940395355,13.0,1.0,4.0,0.8807999968528748
35_AA62,0.5789999961853027,43.08829568788501,0.049281314168377825,450.86,13.5,747659.0,12.000000059604645,13.0,0.0,0.0,0.6906000018119812
35_AA62,0.574999988079071,43.488021902806295,0.4490075290896646,845.64,13.5,878354.0,12.000000059604645,13.0,0.0,0.0,0.5789999961853027
35_AA62,0.5824000000953674,43.98083504449008,0.9418206707734429,845.64,13.5,878354.0,12.000000059604645,13.0,0.0,0.0,0.574999988079071
35_AA62,0.5945999979972839,44.48186173853525,1.4428473648186173,277.04,14.199999809265137,896166.0,12.000000059604645,13.0,0.0,0.0,0.5824000000953674
35_AA62,0.6284000039100647,47.38124572210815,4.342231348391513,381.97,13.699999809265137,983890.0,12.000000059604645,13.0,0.0,0.0,0.5945999979972839
35_AA62,0.6446000099182129,48.37782340862423,5.338809034907597,314.07,14.699999809265137,1006456.0,12.000000059604645,13.0,0.0,0.0,0.6284000039100647
35_AA62,0.723199999332428,49.46748802190281,6.4284736481861735,415.96,14.399999618530273,1005265.0,12.000000059604645,13.0,0.0,0.0,0.6446000099182129
35_AA62,1.0360000014305115,52.09856262833676,9.059548254620124,270.44,14.5,532900.0,12.000000059604645,13.0,0.0,0.0,0.723199999332428
35_AA62,1.2500000238418578,53.06228610540725,10.023271731690622,462.92,14.899999618530273,534360.0,12.000000059604645,13.0,0.0,0.0,1.0360000014305115
41_AA01,0.4427999973297119,11.189596167008897,0.13415468856947296,407.79,11.399999618530273,153125.0,11.299999713897705,0.0,0.0,0.0,1.3772000074386597
41_AA01,0.44480000138282777,11.592060232717317,0.5366187542778919,457.74,10.699999809265137,158112.0,11.299999713897705,0.0,0.0,0.0,0.4427999973297119
41_AA01,0.45220000147819517,12.038329911019849,0.9828884325804244,457.74,10.699999809265137,158112.0,11.299999713897705,0.0,0.0,0.0,0.44480000138282777
41_AA01,0.4560000002384186,12.577686516084873,1.5222450376454484,568.87,9.699999809265137,163637.0,11.299999713897705,0.0,0.0,0.0,0.45220000147819517
41_AA01,0.47799999713897706,13.793292265571527,2.737850787132101,317.29,10.600000381469727,162586.0,11.299999713897705,0.0,0.0,0.0,0.4560000002384186
41_AA01,0.4675999999046326,14.609171800136892,3.5537303216974676,462.13,9.699999809265137,160483.0,11.299999713897705,0.0,0.0,0.0,0.47799999713897706
41_AA01,0.5122000098228454,15.928815879534566,4.87337440109514,398.79,10.800000190734863,169004.0,11.299999713897705,0.0,0.0,0.0,0.4675999999046326
41_AA01,0.5291999936103821,16.862422997946613,5.806981519507187,415.43,11.300000190734863,196224.0,11.299999713897705,0.0,0.0,0.0,0.5122000098228454
41_AA01,0.5111999988555909,17.864476386036962,6.809034907597536,520.72,10.399999618530273,153000.0,11.299999713897705,0.0,0.0,0.0,0.5291999936103821
41_AA01,0.4875999987125397,19.132101300479125,8.0766598220397,423.38,10.899999618530273,172000.0,11.299999713897705,0.0,0.0,0.0,0.5111999988555909
41_AA02,0.3509999990463257,11.189596167008897,0.13415468856947296,407.79,11.399999618530273,153125.0,11.799999833106995,0.0,0.0,0.0,1.3883999824523925
41_AA02,0.3531999945640564,11.592060232717317,0.5366187542778919,457.74,10.699999809265137,158112.0,11.799999833106995,0.0,0.0,0.0,0.3509999990463257
41_AA02,0.34320000410079954,12.038329911019849,0.9828884325804244,457.74,10.699999809265137,158112.0,11.799999833106995,0.0,0.0,0.0,0.3531999945640564
41_AA02,0.3577999949455261,12.577686516084873,1.5222450376454484,568.87,9.699999809265137,163637.0,11.799999833106995,0.0,0.0,0.0,0.34320000410079954
41_AA02,0.361599999666214,13.793292265571527,2.737850787132101,317.29,10.600000381469727,162586.0,11.799999833106995,0.0,0.0,0.0,0.3577999949455261
41_AA02,0.3642000019550323,14.609171800136892,3.5537303216974676,462.13,9.699999809265137,160483.0,11.799999833106995,0.0,0.0,0.0,0.361599999666214
41_AA02,0.37099999785423277,15.928815879534566,4.87337440109514,398.79,10.800000190734863,169004.0,11.799999833106995,0.0,0.0,0.0,0.3642000019550323
41_AA02,0.3818000018596649,16.862422997946613,5.806981519507187,415.43,11.300000190734863,196224.0,11.799999833106995,0.0,0.0,0.0,0.37099999785423277
41_AA02,0.38219999670982363,17.864476386036962,6.809034907597536,520.72,10.399999618530273,152000.0,11.799999833106995,0.0,0.0,0.0,0.3818000018596649
41_AA02,0.38880000114440916,19.132101300479125,8.0766598220397,423.38,10.899999618530273,171000.0,11.799999833106995,0.0,0.0,0.0,0.38219999670982363
41_AA03,0.46539999842643737,11.189596167008897,0.13415468856947296,407.79,11.399999618530273,154720.0,11.199999809265137,0.0,0.0,0.0,0.9602000117301941
41_AA03,0.4733999967575073,11.592060232717317,0.5366187542778919,457.74,10.699999809265137,159759.0,11.199999809265137,0.0,0.0,0.0,0.46539999842643737
41_AA03,0.4624000072479248,12.038329911019849,0.9828884325804244,457.74,10.699999809265137,159759.0,11.199999809265137,0.0,0.0,0.0,0.4733999967575073
41_AA03,0.46539999842643737,12.577686516084873,1.5222450376454484,568.87,9.699999809265137,165341.0,11.199999809265137,0.0,0.0,0.0,0.4624000072479248
41_AA03,0.46100000143051145,13.793292265571527,2.737850787132101,317.29,10.600000381469727,164279.0,11.199999809265137,0.0,0.0,0.0,0.46539999842643737
41_AA03,0.4689999997615814,14.609171800136892,3.5537303216974676,462.13,9.699999809265137,162155.0,11.199999809265137,0.0,0.0,0.0,0.46100000143051145
41_AA03,0.4796000003814697,15.928815879534566,4.87337440109514,398.79,10.800000190734863,170765.0,11.199999809265137,0.0,0.0,0.0,0.4689999997615814
41_AA03,0.48700000047683717,16.862422997946613,5.806981519507187,415.43,11.300000190734863,198268.0,11.199999809265137,0.0,0.0,0.0,0.4796000003814697
41_AA03,0.4833999991416931,17.864476386036962,6.809034907597536,520.72,10.399999618530273,154000.0,11.199999809265137,0.0,0.0,0.0,0.48700000047683717
41_AA03,0.4824000060558319,19.132101300479125,8.0766598220397,423.38,10.899999618530273,173000.0,11.199999809265137,0.0,0.0,0.0,0.4833999991416931
41_AA59,0.5068000078201294,11.189596167008897,0.13415468856947296,407.79,11.399999618530273,154720.0,11.100000143051147,0.0,0.0,0.0,1.0501999855041504
41_AA59,0.5066000044345855,11.592060232717317,0.5366187542778919,457.74,10.699999809265137,159759.0,11.100000143051147,0.0,0.0,0.0,0.5068000078201294
41_AA59,0.48959999680519106,12.038329911019849,0.9828884325804244,457.74,10.699999809265137,159759.0,11.100000143051147,0.0,0.0,0.0,0.5066000044345855
41_AA59,0.5061999917030334,12.577686516084873,1.5222450376454484,568.87,9.699999809265137,165341.0,11.100000143051147,0.0,0.0,0.0,0.48959999680519106
41_AA59,0.5001999914646149,13.793292265571527,2.737850787132101,317.29,10.600000381469727,164279.0,11.100000143051147,0.0,0.0,0.0,0.5061999917030334
41_AA59,0.5013999938964844,14.609171800136892,3.5537303216974676,462.13,9.699999809265137,162155.0,11.100000143051147,0.0,0.0,0.0,0.5001999914646149
41_AA59,0.5197999954223633,15.928815879534566,4.87337440109514,398.79,10.800000190734863,170765.0,11.100000143051147,0.0,0.0,0.0,0.5013999938964844
41_AA59,0.5287999987602234,16.862422997946613,5.806981519507187,415.43,11.300000190734863,198268.0,11.100000143051147,0.0,0.0,0.0,0.5197999954223633
41_AA59,0.5302000045776367,17.864476386036962,6.809034907597536,520.72,10.399999618530273,154000.0,11.100000143051147,0.0,0.0,0.0,0.5287999987602234
41_AA59,0.5378000020980835,19.132101300479125,8.0766598220397,423.38,10.899999618530273,173000.0,11.100000143051147,0.0,0.0,0.0,0.5302000045776367
41_AA60,0.504799997806549,11.189596167008897,0.13415468856947296,407.79,11.399999618530273,156315.0,10.599999904632568,0.0,0.0,0.0,1.0818000078201293
41_AA60,0.510999995470047,11.592060232717317,0.5366187542778919,457.74,10.699999809265137,161406.0,10.599999904632568,0.0,0.0,0.0,0.504799997806549
41_AA60,0.5023999989032746,12.038329911019849,0.9828884325804244,457.74,10.699999809265137,161406.0,10.599999904632568,0.0,0.0,0.0,0.510999995470047
41_AA60,0.5019999921321869,12.577686516084873,1.5222450376454484,568.87,9.699999809265137,167046.0,10.599999904632568,0.0,0.0,0.0,0.5023999989032746
41_AA60,0.5089999914169312,13.793292265571527,2.737850787132101,317.29,10.600000381469727,165973.0,10.599999904632568,0.0,0.0,0.0,0.5019999921321869
41_AA60,0.5149999976158142,14.609171800136892,3.5537303216974676,462.13,9.699999809265137,163827.0,10.599999904632568,0.0,0.0,0.0,0.5089999914169312
41_AA60,0.523799991607666,15.928815879534566,4.87337440109514,398.79,10.800000190734863,172525.0,10.599999904632568,0.0,0.0,0.0,0.5149999976158142
41_AA60,0.5382000088691712,16.862422997946613,5.806981519507187,415.43,11.300000190734863,200312.0,10.599999904632568,0.0,0.0,0.0,0.523799991607666
41_AA60,0.5361999869346619,17.864476386036962,6.809034907597536,520.72,10.399999618530273,156000.0,10.599999904632568,0.0,0.0,0.0,0.5382000088691712
41_AA60,0.5143999934196473,19.132101300479125,8.0766598220397,423.38,10.899999618530273,174000.0,10.599999904632568,0.0,0.0,0.0,0.5361999869346619
48_1048,1.812399959564209,17.062286105407257,4.895277207392197,416.08,16.899999618530273,16000.0,1.2000000476837158,9.800000190734863,0.0,0.0,1.6296000242233277
48_1048,1.7859999895095826,18.529774127310063,6.362765229295003,205.57,17.100000381469727,17000.0,1.2000000476837158,9.800000190734863,0.0,0.0,1.812399959564209
48_1048,1.996000051498413,20.03832991101985,7.871321013004791,219.6,18.299999237060547,18000.0,1.2000000476837158,9.800000190734863,0.0,4.0,1.7859999895095826
48_1065,2.4289999485015867,23.43874058863792,6.354551676933607,296.57,13.699999809265137,53465.0,8.600000083446503,4.800000190734863,0.0,5.0,2.1309999942779543
48_1065,2.6567999839782717,24.9637234770705,7.879534565366187,480.85,14.800000190734863,45957.0,8.600000083446503,4.800000190734863,0.0,5.0,2.4289999485015867
48_1065,4.037200021743774,27.41409993155373,1.6919917864476386,539.71,13.399999618530273,160684.0,9.100000083446503,4.800000190734863,0.0,8.0,2.6567999839782717
48_1076,1.905199980735779,15.50444900752909,6.338124572210814,211.02,16.0,67000.0,5.3999998569488525,8.399999618530273,0.0,5.0,1.8520000219345092
48_1076,1.6594000101089477,17.0403832991102,7.874058863791923,250.43,17.299999237060547,70565.0,5.3999998569488525,8.399999618530273,1.0,7.0,1.905199980735779
48_1076,2.0549999952316282,19.652292950034223,0.11772758384668036,561.29,15.800000190734863,71720.0,5.3999998569488525,8.399999618530273,3.0,9.0,1.6594000101089477
48_1076,2.1917999744415284,23.876796714579054,2.2642026009582477,303.02,17.299999237060547,77351.0,5.8999998569488525,8.399999618530273,1.0,11.0,2.0549999952316282
48_1076,2.5039999961853026,26.06160164271047,4.4490075290896645,333.9,17.399999618530273,89410.0,5.8999998569488525,8.399999618530273,1.0,11.0,2.1917999744415284
48_1076,2.261599969863892,30.54072553045859,0.8186173853524983,443.73,16.5,101616.0,6.3999998569488525,8.399999618530273,1.0,1.0,2.5039999961853026
48_1076,2.296999979019165,32.46817248459959,2.746064339493498,479.88,16.399999618530273,81358.0,6.3999998569488525,8.399999618530273,2.0,5.0,2.261599969863892
48_1076,2.424399995803833,34.417522245037645,4.695414099931554,321.69,18.100000381469727,81944.0,6.3999998569488525,8.399999618530273,9.0,11.0,2.296999979019165
48_1076,2.6808000087738035,35.28815879534565,5.566050650239562,368.56,16.700000762939453,81720.0,6.3999998569488525,8.399999618530273,11.0,12.0,2.424399995803833
48_1111,1.684000015258789,20.670773442847366,6.338124572210814,356.46,15.399999618530273,69000.0,7.399999871850014,8.399999618530273,0.0,0.0,1.6026000022888183
48_1111,2.3112000465393066,24.82135523613963,10.48870636550308,662.26,15.199999809265137,52461.0,7.399999871850014,8.399999618530273,0.0,1.0,1.684000015258789
48_1111,1.863599991798401,25.749486652977414,11.416837782340862,192.35,17.299999237060547,73730.0,7.399999871850014,8.399999618530273,0.0,1.0,2.3112000465393066
48_1111,0.8128000020980835,28.13141683778234,1.1800136892539357,464.13,16.799999237060547,81336.0,9.999999776482582,8.399999618530273,0.0,1.0,1.863599991798401
48_1111,0.8458000183105469,30.083504449007528,3.132101300479124,458.98,16.0,77986.0,9.999999776482582,8.399999618530273,0.0,0.0,0.8128000020980835
48_1111,0.9483999848365784,32.54209445585216,5.590691307323751,357.84,16.100000381469727,94936.0,9.999999776482582,8.399999618530273,0.0,0.0,0.8458000183105469
48_1111,0.9832000017166138,37.634496919917865,10.683093771389458,632.65,15.699999809265137,122030.0,9.999999776482582,8.399999618530273,0.0,3.0,0.9483999848365784
48_1111,1.0130000233650207,39.58658453114305,0.8021902806297057,351.01,17.700000762939453,158460.0,10.499999776482582,8.399999618530273,0.0,1.0,0.9832000017166138
48_1111,1.0197999835014344,41.14442162902122,2.3600273785078714,374.25,16.100000381469727,94389.0,10.499999776482582,8.399999618530273,0.0,1.0,1.0130000233650207
48_1111,1.094800019264221,42.65845311430527,3.8740588637919235,695.98,16.200000762939453,100769.0,10.499999776482582,8.399999618530273,0.0,1.0,1.0197999835014344
48_1111,1.0849999904632568,47.200547570157426,8.41615331964408,422.85,16.600000381469727,51914.0,10.499999776482582,8.399999618530273,2.0,3.0,1.094800019264221
48_2172,0.7537999987602234,8.572210814510608,0.0027378507871321013,468.22,17.100000381469727,312550.0,11.399999976158142,6.800000190734863,0.0,0.0,0.7223999977111817
48_2172,0.748199999332428,10.30527036276523,1.7357973990417521,515.68,16.899999618530273,317000.0,11.399999976158142,6.800000190734863,0.0,0.0,0.7537999987602234
48_2172,1.0157999992370605,12.290212183436003,0.34770704996577684,363.31,18.5,296670.0,11.899999976158142,6.800000190734863,0.0,1.0,0.748199999332428
48_2176,1.3241999864578247,22.844626967830255,6.3408624229979464,407.79,14.899999618530273,9428.0,2.300000011920929,9.399999618530273,6.0,32.0,1.2368000268936157
48_2176,1.3411999940872192,24.380561259411362,7.876796714579055,245.41,16.100000381469727,11373.0,2.300000011920929,9.399999618530273,7.0,31.0,1.3241999864578247
48_2176,1.4440000355243683,26.99247091033539,0.0054757015742642025,625.97,14.5,5905.5,2.600000023841858,9.399999618530273,17.0,32.0,1.3411999940872192
48_2176,1.3881999969482421,29.308692676249144,2.321697467488022,396.23,16.0,10775.0,2.600000023841858,9.399999618530273,0.0,0.0,1.4440000355243683
48_2176,0.554200005531311,31.21697467488022,0.5694729637234771,356.54,16.100000381469727,4524.0,4.900000035762787,9.399999618530273,0.0,0.0,1.3881999969482421
48_2176,0.5686000108718872,32.257357973990416,1.6098562628336757,465.93,15.5,25000.0,4.900000035762787,9.399999618530273,0.0,0.0,0.554200005531311
48_2176,0.5414000034332276,32.6570841889117,2.0095824777549622,287.8,16.299999237060547,27536.0,4.900000035762787,9.399999618530273,0.0,0.0,0.5686000108718872
48_2176,0.5779999971389771,34.71047227926078,4.0629705681040384,370.24,15.600000381469727,19000.0,4.900000035762787,9.399999618530273,0.0,0.0,0.5414000034332276
48_2176,0.7484000086784363,39.80561259411362,9.158110882956878,547.82,15.300000190734863,12972.5,4.900000035762787,9.399999618530273,2.0,10.0,0.5779999971389771
48_2176,0.8491999864578247,41.75770020533881,1.8015058179329226,409.68,17.100000381469727,16357.0,5.400000035762787,9.399999618530273,0.0,0.0,0.7484000086784363
48_2176,0.8379999876022339,43.31553730321698,3.359342915811088,426.98,15.5,18557.0,5.400000035762787,9.399999618530273,0.0,0.0,0.8491999864578247
48_2176,0.921999990940094,44.82956878850103,4.87337440109514,848.05,15.600000381469727,17060.0,5.400000035762787,9.399999618530273,0.0,1.0,0.8379999876022339
48_3769,1.5859999895095824,14.715947980835045,4.131416837782341,281.91,15.5,39993.0,2.4000000059604645,8.399999618530273,0.0,0.0,1.4406000137329102
48_3769,1.7143999814987183,16.449007529089666,5.864476386036961,197.58,15.899999618530273,17202.0,2.4000000059604645,8.399999618530273,0.0,0.0,1.5859999895095824
48_3769,2.279800033569336,20.761122518822724,10.17659137577002,250.04,16.700000762939453,85713.0,2.4000000059604645,8.399999618530273,0.0,1.0,1.7143999814987183
48_3769,2.3329999923706053,23.964407939767284,13.379876796714578,174.67,17.700000762939453,84648.0,2.4000000059604645,8.399999618530273,4.0,8.0,2.279800033569336
48_3769,2.1562000274658204,25.456536618754278,14.872005475701574,145.71,17.5,86366.0,2.4000000059604645,8.399999618530273,6.0,10.0,2.3329999923706053
48_3769,1.031599998474121,27.477070499657767,0.5639972621492129,171.37,17.700000762939453,126021.5,3.0,8.399999618530273,6.0,10.0,2.1562000274658204
48_3769,1.281599998474121,31.304585900068446,4.39151266255989,239.77,16.5,106675.0,3.0,8.399999618530273,16.0,24.0,1.031599998474121
48_3875,1.134599995613098,7.509924709103354,1.8617385352498288,490.59,13.399999618530273,149847.0,2.0,16.700000762939453,0.0,0.0,1.050600004196167
48_3875,1.9799999713897705,12.854209445585216,0.3203285420944558,481.67,14.899999618530273,177670.0,2.0,16.700000762939453,2.0,4.0,1.134599995613098
48_3875,2.126799964904785,13.963039014373717,1.429158110882957,402.67,14.699999809265137,184362.0,2.0,16.700000762939453,5.0,4.0,1.9799999713897705
48_3875,2.1694000244140623,14.584531143052704,2.0506502395619437,482.39,15.0,151275.0,2.0,16.700000762939453,5.0,4.0,2.126799964904785
48_6079,2.5914000034332276,19.28542094455852,0.5859000684462696,436.48,13.699999809265137,729357.5,9.899999737739563,5.0,0.0,8.0,2.4395999908447266
48_6079,2.9622000217437745,20.772073921971252,0.9007529089664613,241.71,13.899999618530273,903725.0,9.899999737739563,5.0,0.0,8.0,2.5914000034332276
48_6079,2.902400016784668,22.305270362765228,0.4353182751540041,448.54,14.800000190734863,850893.0,9.899999737739563,5.0,1.0,10.0,2.9622000217437745
48_6079,3.74040002822876,24.744695414099933,0.8733744010951403,566.93,13.600000381469727,721000.0,9.899999737739563,5.0,1.0,10.0,2.902400016784668
48_6079,2.869600009918213,29.130732375085557,2.0095824777549622,327.67,15.100000381469727,1087455.0,11.899999737739563,5.0,7.0,13.0,3.74040002822876
48_6079,2.831599998474121,29.522245037645447,2.401095140314853,378.47,14.800000190734863,966915.0,11.899999737739563,5.0,7.0,13.0,2.869600009918213
48_6160,1.901800012588501,29.204654346338124,4.870636550308008,485.62,13.800000190734863,112000.0,4.000000014901161,8.399999618530273,1.0,8.0,1.7682000160217286
48_6160,2.150600004196167,30.694045174537987,6.360027378507871,259.22,13.899999618530273,110080.0,4.000000014901161,8.399999618530273,1.0,8.0,1.901800012588501
48_6179,1.0393999814987183,26.455852156057496,4.870636550308008,485.62,13.800000190734863,92272.0,6.000000014901161,7.400000095367432,0.0,0.0,0.9865999937057495
48_6179,1.0821999788284302,27.94798083504449,6.362765229295003,259.22,13.899999618530273,94670.0,6.000000014901161,7.400000095367432,0.0,0.0,1.0393999814987183
48_6179,1.419600009918213,29.464750171115675,7.879534565366187,384.85,15.0,72000.0,6.000000014901161,7.400000095367432,0.0,0.0,1.0821999788284302
48_6179,1.4155999898910523,33.002053388090346,0.7118412046543463,326.12,15.199999809265137,137000.0,6.100000016391277,7.400000095367432,0.0,0.0,1.419600009918213
48_6179,1.521399974822998,35.38672142368241,1.1444216290212184,407.37,15.199999809265137,132660.0,6.600000016391277,7.400000095367432,0.0,1.0,1.4155999898910523
48_6179,1.70239999294281,38.280629705681044,4.03832991101985,293.12,15.300000190734863,153384.0,6.600000016391277,7.400000095367432,0.0,0.0,1.521399974822998
48_D310,1.1371999740600587,8.572210814510608,0.37782340862423,468.22,17.100000381469727,329000.0,11.800000071525574,6.800000190734863,0.0,0.0,0.917799997329712
48_D310,1.1563999891281127,10.30527036276523,2.11088295687885,515.68,16.899999618530273,316000.0,11.800000071525574,6.800000190734863,0.0,0.0,1.1371999740600587
48_D310,1.1346000194549561,12.290212183436003,4.095824777549623,363.31,18.5,341000.0,11.800000071525574,6.800000190734863,0.0,1.0,1.1563999891281127
48_D320,0.8338000059127808,8.572210814510608,0.44353182751540043,468.22,17.100000381469727,329000.0,10.600000239908695,6.800000190734863,0.0,0.0,0.7830000042915344
48_D320,0.7613999962806701,10.30527036276523,2.1765913757700206,515.68,16.899999618530273,320000.0,10.600000239908695,6.800000190734863,0.0,0.0,0.8338000059127808
48_D330,1.0478000164031982,8.572210814510608,0.0027378507871321013,468.22,17.100000381469727,316662.5,11.500000454485416,6.800000190734863,0.0,3.0,0.9127999901771545
48_D330,0.9501999974250793,10.30527036276523,1.7357973990417521,515.68,16.899999618530273,318000.0,11.500000454485416,6.800000190734863,0.0,5.0,1.0478000164031982
48_D350,1.137600016593933,8.572210814510608,0.44353182751540043,468.22,17.100000381469727,329000.0,10.999999918043613,6.800000190734863,0.0,0.0,0.9353999972343445
48_D350,0.922599995136261,10.30527036276523,2.1765913757700206,515.68,16.899999618530273,318000.0,10.999999918043613,6.800000190734863,0.0,0.0,1.137600016593933
48_D350,0.9784000039100647,12.290212183436003,4.161533196440794,363.31,18.5,343000.0,10.999999918043613,6.800000190734863,0.0,0.0,0.922599995136261
48_L310,1.4565999984741211,14.715947980835045,0.5010266940451745,281.91,15.5,41358.0,2.1000000536441803,8.399999618530273,0.0,0.0,1.3888000011444093
48_L310,1.0161999702453612,16.449007529089666,1.5797399041752225,197.58,15.899999618530273,17766.0,3.1000000536441803,8.399999618530273,0.0,0.0,1.4565999984741211
48_L310,1.042799997329712,20.761122518822724,5.891854893908282,250.04,16.700000762939453,88520.0,3.1000000536441803,8.399999618530273,0.0,0.0,1.0161999702453612
48_L320,1.281000018119812,14.715947980835045,0.4161533196440794,281.91,15.5,40471.0,2.2999999597668648,8.399999618530273,0.0,0.0,1.3205999851226806
48_L320,1.6378000020980834,20.761122518822724,6.461327857631759,250.04,16.700000762939453,86691.0,2.2999999597668648,8.399999618530273,0.0,3.0,1.281000018119812
48_L330,1.6381999731063843,14.715947980835045,0.4161533196440794,281.91,15.5,40471.0,2.0000000596046448,8.399999618530273,0.0,2.0,1.539400005340576
48_L330,1.9775999784469604,16.451745379876797,2.1519507186858315,197.58,15.899999618530273,17400.0,2.0000000596046448,8.399999618530273,0.0,0.0,1.6381999731063843
48_L330,1.8789999961853028,18.362765229295004,4.0629705681040384,208.24,17.399999618530273,78873.0,2.0000000596046448,8.399999618530273,0.0,9.0,1.9775999784469604
48_L330,2.915200042724609,20.761122518822724,6.461327857631759,250.04,16.700000762939453,86691.0,2.0000000596046448,8.399999618530273,0.0,14.0,1.8789999961853028
48_L340,1.498799991607666,14.715947980835045,4.131416837782341,281.91,15.5,40471.0,2.0000000596046448,8.399999618530273,0.0,1.0,1.4649999856948852
48_L340,1.8192000150680543,16.459958932238195,5.87542778918549,197.58,15.899999618530273,17400.0,2.0000000596046448,8.399999618530273,0.0,2.0,1.498799991607666
48_L340,3.0763999462127685,20.761122518822724,10.17659137577002,250.04,16.700000762939453,86691.0,2.0000000596046448,8.399999618530273,0.0,7.0,1.8192000150680543
48_L350,1.6392000198364258,14.715947980835045,0.4161533196440794,281.91,15.5,39993.0,2.2000000327825546,8.399999618530273,0.0,0.0,1.7769999980926514
48_L350,2.085599994659424,16.459958932238195,2.1601642710472277,197.58,15.899999618530273,17202.0,2.2000000327825546,8.399999618530273,0.0,0.0,1.6392000198364258
48_L350,1.904800009727478,18.362765229295004,4.0629705681040384,208.24,17.399999618530273,77982.0,2.2000000327825546,8.399999618530273,0.0,0.0,2.085599994659424
48_L350,2.8233999729156496,20.761122518822724,6.461327857631759,250.04,16.700000762939453,85713.0,2.2000000327825546,8.399999618530273,0.0,1.0,1.904800009727478
49_1001,1.0677999973297119,13.021218343600275,4.59958932238193,370.07,10.199999809265137,41022.0,5.499999910593033,5.800000190734863,0.0,0.0,1.0712000131607056
49_1001,1.103599977493286,13.212867898699521,4.791238877481177,265.17,11.600000381469727,53000.0,5.499999910593033,5.800000190734863,0.0,0.0,1.0677999973297119
49_1001,1.1184000015258788,13.451060917180014,5.02943189596167,265.17,11.600000381469727,53000.0,5.499999910593033,5.800000190734863,0.0,0.0,1.103599977493286
49_1001,1.1128000020980835,13.700205338809035,5.278576317590692,265.17,11.600000381469727,53000.0,5.499999910593033,5.800000190734863,0.0,0.0,1.1184000015258788
49_1001,1.0736000061035156,14.036960985626283,5.61533196440794,265.17,11.600000381469727,53000.0,5.499999910593033,5.800000190734863,0.0,0.0,1.1128000020980835
49_1001,1.091000008583069,14.30800821355236,5.886379192334018,304.62,11.100000381469727,48000.0,5.499999910593033,5.800000190734863,0.0,0.0,1.0736000061035156
49_1001,1.098799991607666,14.505133470225873,6.083504449007529,304.62,11.100000381469727,48000.0,5.499999910593033,5.800000190734863,0.0,1.0,1.091000008583069
49_1001,1.2528000116348266,16.10130047912389,0.2600958247775496,369.61,11.5,33915.0,5.899999916553497,5.800000190734863,0.0,0.0,1.098799991607666
49_1001,1.2248000144958495,16.334017796030118,0.4928131416837782,333.28,10.699999809265137,73051.0,5.899999916553497,5.800000190734863,0.0,0.0,1.2528000116348266
49_1001,1.2335999727249145,16.48186173853525,0.6406570841889117,333.28,10.699999809265137,73051.0,5.899999916553497,5.800000190734863,0.0,0.0,1.2248000144958495
49_1001,1.2601999521255494,16.744695414099933,0.9034907597535934,333.28,10.699999809265137,73051.0,5.899999916553497,5.800000190734863,0.0,0.0,1.2335999727249145
49_1001,1.2364000082015991,16.878850102669404,1.0376454483230664,333.28,10.699999809265137,73051.0,5.899999916553497,5.800000190734863,0.0,0.0,1.2601999521255494
49_1001,1.2368000268936157,17.790554414784395,1.949349760438056,328.73,10.899999618530273,85000.0,5.899999916553497,5.800000190734863,0.0,0.0,1.2364000082015991
49_1001,1.2596000194549561,18.702258726899384,2.861054072553046,199.37,11.300000190734863,90000.0,5.899999916553497,5.800000190734863,0.0,0.0,1.2368000268936157
49_1001,1.2944000005722045,19.789185489390828,3.9479808350444903,269.58,12.199999809265137,153709.0,5.899999916553497,5.800000190734863,0.0,0.0,1.2596000194549561
49_1001,1.550600028038025,23.93429158110883,1.1882272416153319,401.79,11.699999809265137,49000.0,5.999999918043613,5.800000190734863,0.0,1.0,1.2944000005722045
49_1001,1.9954000234603881,31.98904859685147,9.242984257357975,248.78,12.699999809265137,71176.0,5.999999918043613,5.800000190734863,3.0,8.0,1.550600028038025
49_1001,2.192799997329712,33.544147843942504,0.9637234770704997,297.75,12.199999809265137,68901.0,5.999999918043613,5.800000190734863,3.0,8.0,1.9954000234603881
49_1001,1.4621999979019165,35.53456536618754,1.787816563997262,418.06,11.899999618530273,68658.0,6.199999921023846,5.800000190734863,1.0,6.0,2.192799997329712
4_0113,1.139800000190735,1.5742642026009583,2.1546885694729636,170.69,18.5,146281.0,4.400000095367432,7.5,0.0,0.0,1.1723999977111816
4_0113,1.1401999950408936,2.3353867214236823,2.915811088295688,170.69,18.5,146281.0,4.400000095367432,7.5,0.0,0.0,1.139800000190735
4_0113,1.1426000118255615,2.746064339493498,3.326488706365503,223.87,18.899999618530273,158961.0,4.400000095367432,7.5,0.0,0.0,1.1401999950408936
4_0113,1.1320000171661377,3.025325119780972,3.6057494866529773,223.87,18.899999618530273,158961.0,4.400000095367432,7.5,0.0,0.0,1.1426000118255615
4_0113,1.1492000341415405,3.479808350444901,4.060232717316906,228.2,18.399999618530273,171440.0,4.400000095367432,7.5,0.0,0.0,1.1320000171661377
4_0113,1.1332000017166137,4.454483230663929,5.034907597535934,225.04,17.200000762939453,185913.0,4.400000095367432,7.5,0.0,3.0,1.1492000341415405
4_0113,1.189800000190735,4.681724845995893,5.262149212867898,225.04,17.200000762939453,185913.0,4.400000095367432,7.5,0.0,3.0,1.1332000017166137
4_0113,1.1827999830245972,4.684462696783025,5.2648870636550305,225.04,17.200000762939453,185913.0,4.400000095367432,7.5,0.0,3.0,1.189800000190735
4_0113,1.1923999786376953,4.933607118412047,5.514031485284052,225.04,17.200000762939453,185913.0,4.400000095367432,7.5,0.0,3.0,1.1827999830245972
4_0113,1.2028000116348267,5.166324435318275,5.746748802190281,225.04,17.200000762939453,185913.0,4.400000095367432,7.5,0.0,3.0,1.1923999786376953
4_0113,1.1989999771118165,5.341546885694729,5.921971252566735,225.04,17.200000762939453,185913.0,4.400000095367432,7.5,0.0,6.0,1.2028000116348267
4_0113,1.3216000318527221,6.294318959616701,6.874743326488707,130.0,18.399999618530273,194819.0,4.400000095367432,7.5,1.0,8.0,1.1989999771118165
4_0113,1.356599998474121,7.383983572895278,7.964407939767283,100.56,19.0,211427.0,4.400000095367432,7.5,0.0,10.0,1.3216000318527221
4_0113,1.633199977874756,8.265571526351813,8.845995893223819,176.46,19.0,223986.0,4.400000095367432,7.5,3.0,13.0,1.356599998474121
4_0113,1.615400004386902,8.358658453114305,8.93908281998631,176.46,19.0,223986.0,4.400000095367432,7.5,1.0,13.0,1.633199977874756
4_0113,1.5305999994277955,8.479123887748118,9.059548254620124,53.65,19.0,350704.0,4.400000095367432,7.5,1.0,13.0,1.615400004386902
4_0113,1.657799983024597,8.555783709787816,9.136208076659821,53.65,19.0,350704.0,4.400000095367432,7.5,1.0,13.0,1.5305999994277955
4_0113,1.5892000436782836,8.616016427104723,9.196440793976729,53.65,19.0,350704.0,4.400000095367432,7.5,1.0,13.0,1.657799983024597
4_0113,1.2389999866485595,9.193702943189596,0.4462696783025325,53.65,19.0,350704.0,4.900000095367432,7.5,0.0,11.0,1.5892000436782836
4_0113,1.241800022125244,9.379876796714578,0.6324435318275154,53.65,19.0,350704.0,4.900000095367432,7.5,0.0,11.0,1.2389999866485595
4_0113,1.2944000244140625,9.582477754962355,0.8350444900752909,220.67,19.299999237060547,44000.0,4.900000095367432,7.5,0.0,11.0,1.241800022125244
4_0113,1.2638000011444093,9.604380561259411,0.8569472963723477,220.67,19.299999237060547,44000.0,4.900000095367432,7.5,0.0,11.0,1.2944000244140625
4_0113,1.2473999738693238,10.020533880903491,1.273100616016427,220.67,19.299999237060547,44000.0,4.900000095367432,7.5,1.0,12.0,1.2638000011444093
4_0113,1.2544000148773193,10.310746064339494,1.5633127994524298,220.67,19.299999237060547,44000.0,4.900000095367432,7.5,1.0,12.0,1.2473999738693238
4_0113,1.2549999952316284,10.376454483230663,1.6290212183436004,220.67,19.299999237060547,44000.0,4.900000095367432,7.5,1.0,12.0,1.2544000148773193
4_0113,1.2809999942779542,10.60643394934976,1.8590006844626967,292.28,18.5,53000.0,4.900000095367432,7.5,1.0,12.0,1.2549999952316284
4_0113,1.2592000007629394,10.72416153319644,1.9767282683093772,292.28,18.5,53000.0,4.900000095367432,7.5,2.0,12.0,1.2809999942779542
4_0113,1.3037999868392944,10.954140999315538,2.206707734428474,292.28,18.5,53000.0,4.900000095367432,7.5,2.0,12.0,1.2592000007629394
4_0113,1.2881999969482423,11.104722792607802,2.3572895277207393,292.28,18.5,53000.0,4.900000095367432,7.5,2.0,12.0,1.3037999868392944
4_0113,1.3258000135421752,11.619438740588638,2.8720054757015743,415.41,18.299999237060547,53000.0,4.900000095367432,7.5,6.0,12.0,1.2881999969482423
4_0113,1.414199995994568,12.65160848733744,3.9041752224503763,124.92,18.5,22680.0,4.900000095367432,7.5,4.0,12.0,1.3258000135421752
4_0114,0.6826000094413758,1.5742642026009583,2.1546885694729636,170.69,18.5,139087.0,6.800000190734863,12.0,0.0,0.0,0.6540000081062317
4_0114,0.6896000146865845,2.3353867214236823,2.915811088295688,170.69,18.5,139087.0,6.800000190734863,12.0,0.0,0.0,0.6826000094413758
4_0114,0.6930000066757203,2.746064339493498,3.326488706365503,223.87,18.899999618530273,151143.0,6.800000190734863,12.0,0.0,0.0,0.6896000146865845
4_0114,0.6980000019073487,3.028062970568104,3.6084873374401094,223.87,18.899999618530273,151143.0,6.800000190734863,12.0,0.0,0.0,0.6930000066757203
4_0114,0.7404000043869019,3.479808350444901,4.060232717316906,228.2,18.399999618530273,163009.0,6.800000190734863,12.0,0.0,0.0,0.6980000019073487
4_0114,0.7367999911308288,4.454483230663929,5.034907597535934,225.04,17.200000762939453,176770.0,6.800000190734863,12.0,0.0,3.0,0.7404000043869019
4_0114,0.7580000042915345,4.681724845995893,5.262149212867898,225.04,17.200000762939453,176770.0,6.800000190734863,12.0,0.0,3.0,0.7367999911308288
4_0114,0.7437999963760376,4.684462696783025,5.2648870636550305,225.04,17.200000762939453,176770.0,6.800000190734863,12.0,0.0,3.0,0.7580000042915345
4_0114,0.7546000123023987,4.933607118412047,5.514031485284052,225.04,17.200000762939453,176770.0,6.800000190734863,12.0,1.0,4.0,0.7437999963760376
4_0114,0.7537999987602234,5.166324435318275,5.746748802190281,225.04,17.200000762939453,176770.0,6.800000190734863,12.0,1.0,4.0,0.7546000123023987
4_0114,0.7509999990463256,5.341546885694729,5.921971252566735,225.04,17.200000762939453,176770.0,6.800000190734863,12.0,2.0,7.0,0.7537999987602234
4_0114,0.8074000000953674,6.294318959616701,6.874743326488707,130.0,18.399999618530273,185238.0,6.800000190734863,12.0,4.0,11.0,0.7509999990463256
4_0114,0.8549999833106995,7.383983572895278,7.964407939767283,100.56,19.0,201029.0,6.800000190734863,12.0,1.0,15.0,0.8074000000953674
4_0114,0.8300000071525574,8.265571526351813,8.845995893223819,176.46,19.0,212970.0,6.800000190734863,12.0,3.0,16.0,0.8549999833106995
4_0114,0.8419999957084656,8.358658453114305,8.93908281998631,176.46,19.0,212970.0,6.800000190734863,12.0,5.0,17.0,0.8300000071525574
4_0114,0.8427999973297119,8.479123887748118,9.059548254620124,53.65,19.0,333456.0,6.800000190734863,12.0,5.0,17.0,0.8419999957084656
4_0114,0.9069999933242798,8.555783709787816,9.136208076659821,53.65,19.0,333456.0,6.800000190734863,12.0,5.0,17.0,0.8427999973297119
4_0114,0.8575999975204468,8.616016427104723,9.196440793976729,53.65,19.0,333456.0,6.800000190734863,12.0,5.0,17.0,0.9069999933242798
4_0114,0.8579999923706054,9.193702943189596,0.4462696783025325,53.65,19.0,333456.0,7.300000190734863,12.0,0.0,11.0,0.8575999975204468
4_0114,0.8748000025749206,9.379876796714578,0.6324435318275154,53.65,19.0,333456.0,7.300000190734863,12.0,0.0,11.0,0.8579999923706054
4_0114,0.9541999936103821,9.582477754962355,0.8350444900752909,220.67,19.299999237060547,42000.0,7.300000190734863,12.0,0.0,11.0,0.8748000025749206
4_0114,0.9142000079154968,9.604380561259411,0.8569472963723477,220.67,19.299999237060547,42000.0,7.300000190734863,12.0,0.0,11.0,0.9541999936103821
4_0114,0.8571999907493592,10.020533880903491,1.273100616016427,220.67,19.299999237060547,42000.0,7.300000190734863,12.0,0.0,17.0,0.9142000079154968
4_0114,0.9033999919891358,10.310746064339494,1.5633127994524298,220.67,19.299999237060547,42000.0,7.300000190734863,12.0,0.0,17.0,0.8571999907493592
4_0114,0.8798000097274781,10.376454483230663,1.6290212183436004,220.67,19.299999237060547,42000.0,7.300000190734863,12.0,0.0,17.0,0.9033999919891358
4_0114,0.8872000098228454,10.60643394934976,1.8590006844626967,292.28,18.5,50000.0,7.300000190734863,12.0,0.0,17.0,0.8798000097274781
4_0114,0.8878000020980835,10.72416153319644,1.9767282683093772,292.28,18.5,50000.0,7.300000190734863,12.0,0.0,17.0,0.8872000098228454
4_0114,0.8688000082969666,10.954140999315538,2.206707734428474,292.28,18.5,50000.0,7.300000190734863,12.0,0.0,17.0,0.8878000020980835
4_0114,0.8667999982833863,11.104722792607802,2.3572895277207393,292.28,18.5,50000.0,7.300000190734863,12.0,0.0,17.0,0.8688000082969666
4_0114,0.9489999890327454,11.619438740588638,2.8720054757015743,415.41,18.299999237060547,50000.0,7.300000190734863,12.0,1.0,16.0,0.8667999982833863
4_0114,0.8998000144958496,12.65160848733744,3.9041752224503763,124.92,18.5,22260.0,7.300000190734863,12.0,0.0,17.0,0.9489999890327454
4_0115,0.6556000113487244,1.5742642026009583,2.1546885694729636,170.69,18.5,139087.0,6.599999904632568,8.5,0.0,0.0,0.6572000026702881
4_0115,0.6609999895095825,3.479808350444901,4.060232717316906,228.2,18.399999618530273,163009.0,6.599999904632568,8.5,0.0,0.0,0.6556000113487244
4_0115,0.6854000091552734,4.684462696783025,5.2648870636550305,225.04,17.200000762939453,176770.0,6.599999904632568,8.5,0.0,0.0,0.6609999895095825
4_0115,0.6832000017166138,5.341546885694729,5.921971252566735,225.04,17.200000762939453,176770.0,6.599999904632568,8.5,0.0,0.0,0.6854000091552734
4_0115,0.676200008392334,6.294318959616701,6.874743326488707,130.0,18.399999618530273,185238.0,6.599999904632568,8.5,0.0,2.0,0.6832000017166138
4_0115,0.6875999927520752,7.383983572895278,7.964407939767283,100.56,19.0,201029.0,6.599999904632568,8.5,0.0,4.0,0.676200008392334
4_0115,0.7730000138282775,8.265571526351813,0.5174537987679672,176.46,19.0,177961.5,6.599999904632568,8.5,0.0,7.0,0.6875999927520752
4_0115,0.7970000028610229,8.555783709787816,0.8076659822039699,53.65,19.0,365890.6666666667,6.599999904632568,8.5,0.0,7.0,0.7730000138282775
4_0115,0.7855999946594239,9.582477754962355,0.9144421629021219,220.67,19.299999237060547,42000.0,6.599999904632568,8.5,0.0,10.0,0.7970000028610229
4_0115,0.9546000003814697,10.60643394934976,1.9383983572895278,292.28,18.5,50000.0,6.599999904632568,8.5,1.0,12.0,0.7855999946594239
4_0115,1.1065999865531921,11.619438740588638,2.951403148528405,415.41,18.299999237060547,50000.0,6.599999904632568,8.5,6.0,14.0,0.9546000003814697
4_0115,2.0252000093460083,12.65160848733744,3.9835728952772076,124.92,18.5,21840.0,6.599999904632568,8.5,8.0,16.0,1.1065999865531921
4_0116,0.6956000089645386,1.5742642026009583,2.1546885694729636,170.69,18.5,139087.0,4.0,12.100000381469727,0.0,0.0,0.6735999941825866
4_0116,0.7119999885559082,3.479808350444901,4.060232717316906,228.2,18.399999618530273,163009.0,4.0,12.100000381469727,0.0,0.0,0.6956000089645386
4_0116,0.7161999940872192,4.684462696783025,5.2648870636550305,225.04,17.200000762939453,176770.0,4.0,12.100000381469727,0.0,0.0,0.7119999885559082
4_0116,0.699999988079071,5.341546885694729,5.921971252566735,225.04,17.200000762939453,176770.0,4.0,12.100000381469727,0.0,0.0,0.7161999940872192
4_0116,0.7282000064849854,6.294318959616701,6.874743326488707,130.0,18.399999618530273,185238.0,4.0,12.100000381469727,0.0,1.0,0.699999988079071
4_0116,0.7371999859809876,7.383983572895278,7.964407939767283,100.56,19.0,201029.0,4.0,12.100000381469727,1.0,1.0,0.7282000064849854
4_0116,0.8061999917030335,8.265571526351813,0.24914442162902123,176.46,19.0,149371.0,4.0,12.100000381469727,2.0,5.0,0.7371999859809876
4_0116,1.1342000007629394,8.555783709787816,0.5393566050650239,53.65,19.0,355322.0,4.0,12.100000381469727,2.0,5.0,0.8061999917030335
4_0116,0.8305999994277954,9.582477754962355,0.8350444900752909,220.67,19.299999237060547,42000.0,4.5,12.100000381469727,12.0,11.0,1.1342000007629394
4_0116,0.9258000016212463,10.60643394934976,1.8590006844626967,292.28,18.5,50000.0,4.5,12.100000381469727,1.0,4.0,0.8305999994277954
4_0116,0.9031999945640564,11.619438740588638,2.8720054757015743,415.41,18.299999237060547,51000.0,4.5,12.100000381469727,2.0,6.0,0.9258000016212463
4_0116,0.9925999999046325,12.65160848733744,3.9041752224503763,124.92,18.5,21840.0,4.5,12.100000381469727,2.0,7.0,0.9031999945640564
4_0117,0.6141999959945679,1.5742642026009583,2.1546885694729636,170.69,18.5,139087.0,7.400000095367432,8.199999809265137,0.0,0.0,0.6351999998092651
4_0117,0.6320000052452087,3.479808350444901,4.060232717316906,228.2,18.399999618530273,163009.0,7.400000095367432,8.199999809265137,0.0,0.0,0.6141999959945679
4_0117,0.6542000055313111,4.684462696783025,5.2648870636550305,225.04,17.200000762939453,176770.0,7.400000095367432,8.199999809265137,0.0,0.0,0.6320000052452087
4_0117,0.6310000061988831,5.341546885694729,5.921971252566735,225.04,17.200000762939453,176770.0,7.400000095367432,8.199999809265137,0.0,0.0,0.6542000055313111
4_0117,0.6329999923706054,6.294318959616701,6.874743326488707,130.0,18.399999618530273,185238.0,7.400000095367432,8.199999809265137,0.0,0.0,0.6310000061988831
4_0117,0.6360000014305115,7.383983572895278,7.964407939767283,100.56,19.0,201029.0,7.400000095367432,8.199999809265137,0.0,1.0,0.6329999923706054
4_0117,0.6978000044822693,8.265571526351813,0.5174537987679672,176.46,19.0,177961.5,7.400000095367432,8.199999809265137,0.0,4.0,0.6360000014305115
4_0117,0.7202000021934509,8.555783709787816,0.8076659822039699,53.65,19.0,365890.6666666667,7.400000095367432,8.199999809265137,0.0,4.0,0.6978000044822693
4_0117,0.9564000010490418,9.582477754962355,0.9144421629021219,220.67,19.299999237060547,42000.0,7.400000095367432,8.199999809265137,0.0,9.0,0.7202000021934509
4_0117,0.7043999910354615,10.60643394934976,1.9383983572895278,292.28,18.5,50000.0,7.400000095367432,8.199999809265137,1.0,13.0,0.9564000010490418
4_0117,0.9840000033378601,11.619438740588638,2.951403148528405,415.41,18.299999237060547,51000.0,7.400000095367432,8.199999809265137,6.0,12.0,0.7043999910354615
4_0117,1.1323999881744384,12.65160848733744,3.9835728952772076,124.92,18.5,21840.0,7.400000095367432,8.199999809265137,10.0,15.0,0.9840000033378601
4_0118,0.7662000060081482,1.5742642026009583,2.1546885694729636,170.69,18.5,139087.0,3.9000000953674316,11.799999713897705,0.0,0.0,0.8188000202178956
4_0118,0.8184000015258789,3.479808350444901,4.060232717316906,228.2,18.399999618530273,163009.0,3.9000000953674316,11.799999713897705,0.0,0.0,0.7662000060081482
4_0118,0.796399998664856,4.684462696783025,5.2648870636550305,225.04,17.200000762939453,176770.0,3.9000000953674316,11.799999713897705,0.0,0.0,0.8184000015258789
4_0118,0.8046000003814697,5.341546885694729,5.921971252566735,225.04,17.200000762939453,176770.0,3.9000000953674316,11.799999713897705,0.0,0.0,0.796399998664856
4_0118,0.8411999940872192,6.294318959616701,6.874743326488707,130.0,18.399999618530273,185238.0,3.9000000953674316,11.799999713897705,1.0,3.0,0.8046000003814697
4_0118,0.8736000061035156,7.383983572895278,7.964407939767283,100.56,19.0,201029.0,3.9000000953674316,11.799999713897705,2.0,6.0,0.8411999940872192
4_0118,1.0513999938964844,8.265571526351813,0.5092402464065708,176.46,19.0,177086.0,3.9000000953674316,11.799999713897705,5.0,11.0,0.8736000061035156
4_0118,1.0904000043869018,8.555783709787816,0.7994524298425736,53.65,19.0,355322.0,3.9000000953674316,11.799999713897705,5.0,11.0,1.0513999938964844
4_0118,0.9118000030517578,9.582477754962355,0.8350444900752909,220.67,19.299999237060547,42000.0,4.400000095367432,11.799999713897705,0.0,15.0,1.0904000043869018
4_0118,0.9890000104904175,10.60643394934976,1.8590006844626967,292.28,18.5,50000.0,4.400000095367432,11.799999713897705,0.0,15.0,0.9118000030517578
4_0118,0.9252000093460083,11.619438740588638,2.8720054757015743,415.41,18.299999237060547,51000.0,4.400000095367432,11.799999713897705,7.0,15.0,0.9890000104904175
4_0118,0.9605999827384949,12.65160848733744,3.9041752224503763,124.92,18.5,21000.0,4.400000095367432,11.799999713897705,7.0,15.0,0.9252000093460083
4_0119,0.8279999971389771,1.5742642026009583,2.1546885694729636,170.69,18.5,139087.0,6.300000190734863,8.699999809265137,0.0,0.0,0.8827999949455261
4_0119,0.8934000134468079,3.479808350444901,4.060232717316906,228.2,18.399999618530273,163009.0,6.300000190734863,8.699999809265137,0.0,0.0,0.8279999971389771
4_0119,0.9645999908447266,4.684462696783025,5.2648870636550305,225.04,17.200000762939453,176770.0,6.300000190734863,8.699999809265137,0.0,5.0,0.8934000134468079
4_0119,0.9816000103950501,5.341546885694729,5.921971252566735,225.04,17.200000762939453,176770.0,6.300000190734863,8.699999809265137,0.0,5.0,0.9645999908447266
4_0119,0.9317999958992005,6.294318959616701,6.874743326488707,130.0,18.399999618530273,185238.0,6.300000190734863,8.699999809265137,2.0,7.0,0.9816000103950501
4_0119,1.0092000126838685,7.383983572895278,7.964407939767283,100.56,19.0,201029.0,6.300000190734863,8.699999809265137,0.0,9.0,0.9317999958992005
4_0119,1.1393999814987184,8.265571526351813,8.845995893223819,176.46,19.0,212970.0,6.300000190734863,8.699999809265137,0.0,12.0,1.0092000126838685
4_0119,1.0557999968528748,8.555783709787816,9.136208076659821,53.65,19.0,348762.5,6.300000190734863,8.699999809265137,0.0,12.0,1.1393999814987184
4_0119,0.9716000080108642,9.582477754962355,0.9117043121149897,220.67,19.299999237060547,42000.0,6.300000190734863,8.699999809265137,1.0,16.0,1.0557999968528748
4_0119,0.9648000001907349,10.60643394934976,1.9356605065023955,292.28,18.5,50000.0,6.300000190734863,8.699999809265137,4.0,16.0,0.9716000080108642
4_0119,1.2555999994277953,11.619438740588638,2.948665297741273,415.41,18.299999237060547,51000.0,6.300000190734863,8.699999809265137,7.0,16.0,0.9648000001907349
4_0119,1.3920000076293946,12.65160848733744,3.980835044490075,124.92,18.5,21420.0,6.300000190734863,8.699999809265137,8.0,17.0,1.2555999994277953
4_0120,0.8994000077247619,1.5742642026009583,2.1546885694729636,170.69,18.5,141485.0,4.0,11.900000095367432,0.0,0.0,0.9064000010490417
4_0120,0.9856000065803527,3.479808350444901,4.060232717316906,228.2,18.399999618530273,165820.0,4.0,11.900000095367432,0.0,0.0,0.8994000077247619
4_0120,0.9700000047683716,4.684462696783025,5.2648870636550305,225.04,17.200000762939453,179817.0,4.0,11.900000095367432,0.0,2.0,0.9856000065803527
4_0120,0.976199996471405,5.341546885694729,5.921971252566735,225.04,17.200000762939453,179817.0,4.0,11.900000095367432,0.0,2.0,0.9700000047683716
4_0120,1.0498000144958497,6.294318959616701,6.874743326488707,130.0,18.399999618530273,188431.0,4.0,11.900000095367432,0.0,6.0,0.976199996471405
4_0120,1.0478000164031982,7.383983572895278,7.964407939767283,100.56,19.0,204495.0,4.0,11.900000095367432,0.0,9.0,1.0498000144958497
4_0120,1.0184000253677368,8.265571526351813,8.845995893223819,176.46,19.0,216642.0,4.0,11.900000095367432,0.0,14.0,1.0478000164031982
4_0120,1.0662000179290771,8.555783709787816,9.136208076659821,53.65,19.0,339206.0,4.0,11.900000095367432,0.0,14.0,1.0184000253677368
4_0120,1.0140000104904174,9.582477754962355,0.8350444900752909,220.67,19.299999237060547,42000.0,4.5,11.900000095367432,0.0,13.0,1.0662000179290771
4_0120,1.0313999891281127,10.60643394934976,1.8590006844626967,292.28,18.5,51000.0,4.5,11.900000095367432,0.0,14.0,1.0140000104904174
4_0120,1.0263999938964843,11.619438740588638,2.8720054757015743,415.41,18.299999237060547,51000.0,4.5,11.900000095367432,0.0,15.0,1.0313999891281127
4_0120,1.0509999990463257,12.65160848733744,3.9041752224503763,124.92,18.5,21000.0,4.5,11.900000095367432,0.0,15.0,1.0263999938964843
4_0121,0.726800000667572,1.5742642026009583,2.1546885694729636,170.69,18.5,139087.0,4.099999904632568,16.0,0.0,0.0,0.7276000022888184
4_0121,0.7447999954223633,3.479808350444901,4.060232717316906,228.2,18.399999618530273,163009.0,4.099999904632568,16.0,0.0,0.0,0.726800000667572
4_0121,0.782200014591217,4.684462696783025,5.2648870636550305,225.04,17.200000762939453,176770.0,4.099999904632568,16.0,0.0,7.0,0.7447999954223633
4_0121,0.7480000019073486,5.341546885694729,5.921971252566735,225.04,17.200000762939453,176770.0,4.099999904632568,16.0,0.0,7.0,0.782200014591217
4_0121,0.7787999987602234,6.294318959616701,6.874743326488707,130.0,18.399999618530273,185238.0,4.099999904632568,16.0,1.0,12.0,0.7480000019073486
4_0121,0.7557999849319458,7.383983572895278,7.964407939767283,100.56,19.0,201029.0,4.099999904632568,16.0,4.0,16.0,0.7787999987602234
4_0121,0.7580000042915345,8.265571526351813,8.845995893223819,176.46,19.0,212970.0,4.099999904632568,16.0,2.0,16.0,0.7557999849319458
4_0121,0.8413999915122986,8.555783709787816,9.136208076659821,53.65,19.0,333456.0,4.099999904632568,16.0,2.0,16.0,0.7580000042915345
4_0121,0.8656000137329102,9.582477754962355,0.8350444900752909,220.67,19.299999237060547,42000.0,4.599999904632568,16.0,3.0,17.0,0.8413999915122986
4_0121,0.897000002861023,10.60643394934976,1.8590006844626967,292.28,18.5,50000.0,4.599999904632568,16.0,0.0,16.0,0.8656000137329102
4_0121,0.851800000667572,11.619438740588638,2.8720054757015743,415.41,18.299999237060547,50000.0,4.599999904632568,16.0,5.0,17.0,0.897000002861023
4_0121,0.8870000004768371,12.65160848733744,3.9041752224503763,124.92,18.5,22260.0,4.599999904632568,16.0,5.0,16.0,0.851800000667572
4_0122,0.9134000182151795,1.5742642026009583,2.1546885694729636,170.69,18.5,139087.0,4.199999809265137,8.599999904632568,0.0,0.0,0.9331999897956849
4_0122,1.0020000100135804,3.479808350444901,4.060232717316906,228.2,18.399999618530273,163009.0,4.199999809265137,8.599999904632568,0.0,0.0,0.9134000182151795
4_0122,0.9688000082969666,4.684462696783025,5.2648870636550305,225.04,17.200000762939453,176770.0,4.199999809265137,8.599999904632568,0.0,0.0,1.0020000100135804
4_0122,0.96839998960495,5.341546885694729,5.921971252566735,225.04,17.200000762939453,176770.0,4.199999809265137,8.599999904632568,0.0,0.0,0.9688000082969666
4_0122,1.1245999813079834,6.294318959616701,6.874743326488707,130.0,18.399999618530273,185238.0,4.199999809265137,8.599999904632568,0.0,4.0,0.96839998960495
4_0122,1.0355999946594239,7.383983572895278,7.964407939767283,100.56,19.0,201029.0,4.199999809265137,8.599999904632568,0.0,5.0,1.1245999813079834
4_0122,1.0032000184059142,8.265571526351813,0.7282683093771389,176.46,19.0,200425.5,4.199999809265137,8.599999904632568,0.0,9.0,1.0355999946594239
4_0122,1.0367999792098999,8.555783709787816,1.0184804928131417,53.65,19.0,355322.0,4.199999809265137,8.599999904632568,0.0,9.0,1.0032000184059142
4_0122,1.0371999740600586,9.582477754962355,0.8350444900752909,220.67,19.299999237060547,42000.0,4.699999809265137,8.599999904632568,0.0,12.0,1.0367999792098999
4_0122,1.112000012397766,10.60643394934976,1.8590006844626967,292.28,18.5,50000.0,4.699999809265137,8.599999904632568,0.0,12.0,1.0371999740600586
4_0122,1.0552000284194947,11.619438740588638,2.8720054757015743,415.41,18.299999237060547,50000.0,4.699999809265137,8.599999904632568,0.0,12.0,1.112000012397766
4_0122,1.101800012588501,12.65160848733744,3.9041752224503763,124.92,18.5,22260.0,4.699999809265137,8.599999904632568,0.0,13.0,1.0552000284194947
4_0123,0.6685999989509582,1.5742642026009583,2.1546885694729636,170.69,18.5,136689.0,6.800000190734863,11.700000047683716,0.0,0.0,0.7080000042915344
4_0123,0.7349999904632568,3.479808350444901,4.060232717316906,228.2,18.399999618530273,160198.0,6.800000190734863,11.700000047683716,0.0,0.0,0.6685999989509582
4_0123,0.7295999884605407,4.684462696783025,5.2648870636550305,225.04,17.200000762939453,173722.0,6.800000190734863,11.700000047683716,0.0,1.0,0.7349999904632568
4_0123,0.725,5.341546885694729,5.921971252566735,225.04,17.200000762939453,173722.0,6.800000190734863,11.700000047683716,0.0,1.0,0.7295999884605407
4_0123,0.7589999914169312,6.294318959616701,6.874743326488707,130.0,18.399999618530273,182044.0,6.800000190734863,11.700000047683716,0.0,3.0,0.725
4_0123,0.7596000075340271,7.383983572895278,7.964407939767283,100.56,19.0,197563.0,6.800000190734863,11.700000047683716,0.0,7.0,0.7589999914169312
4_0123,0.8490000009536743,8.265571526351813,0.5174537987679672,176.46,19.0,174893.0,6.800000190734863,11.700000047683716,0.0,13.0,0.7596000075340271
4_0123,0.7640000104904174,8.555783709787816,0.8076659822039699,53.65,19.0,359582.3333333333,6.800000190734863,11.700000047683716,0.0,13.0,0.8490000009536743
4_0123,0.7446000099182128,9.582477754962355,0.9144421629021219,220.67,19.299999237060547,41000.0,6.800000190734863,11.700000047683716,0.0,16.0,0.7640000104904174
4_0123,1.0318000078201295,10.60643394934976,1.9383983572895278,292.28,18.5,49000.0,6.800000190734863,11.700000047683716,0.0,17.0,0.7446000099182128
4_0123,0.8643999934196472,11.619438740588638,2.951403148528405,415.41,18.299999237060547,50000.0,6.800000190734863,11.700000047683716,8.0,16.0,1.0318000078201295
4_0123,1.2527999877929688,12.65160848733744,3.9835728952772076,124.92,18.5,18974.0,6.800000190734863,11.700000047683716,8.0,16.0,0.8643999934196472
4_0124,0.5314000010490417,1.5742642026009583,2.1546885694729636,170.69,18.5,136689.0,6.699999809265137,15.799999713897705,0.0,0.0,0.55
4_0124,0.570799994468689,3.479808350444901,4.060232717316906,228.2,18.399999618530273,160198.0,6.699999809265137,15.799999713897705,0.0,0.0,0.5314000010490417
4_0124,0.5704000115394592,4.684462696783025,5.2648870636550305,225.04,17.200000762939453,173722.0,6.699999809265137,15.799999713897705,0.0,0.0,0.570799994468689
4_0124,0.5634000062942505,5.341546885694729,5.921971252566735,225.04,17.200000762939453,173722.0,6.699999809265137,15.799999713897705,0.0,0.0,0.5704000115394592
4_0124,0.5851999998092652,6.294318959616701,6.874743326488707,130.0,18.399999618530273,182044.0,6.699999809265137,15.799999713897705,0.0,1.0,0.5634000062942505
4_0124,0.6058000087738037,7.383983572895278,7.964407939767283,100.56,19.0,197563.0,6.699999809265137,15.799999713897705,0.0,6.0,0.5851999998092652
4_0124,0.6937999963760376,8.265571526351813,0.5174537987679672,176.46,19.0,174893.0,6.699999809265137,15.799999713897705,0.0,12.0,0.6058000087738037
4_0124,0.7416000008583069,8.555783709787816,0.8076659822039699,53.65,19.0,392174.0,6.699999809265137,15.799999713897705,0.0,12.0,0.6937999963760376
4_0124,0.8883999824523926,9.582477754962355,1.834360027378508,220.67,19.299999237060547,41000.0,6.699999809265137,15.799999713897705,3.0,16.0,0.7416000008583069
4_0124,0.9917999863624573,10.60643394934976,2.858316221765914,292.28,18.5,49000.0,6.699999809265137,15.799999713897705,3.0,17.0,0.8883999824523926
4_0124,1.2685999870300293,11.619438740588638,3.871321013004791,415.41,18.299999237060547,50000.0,6.699999809265137,15.799999713897705,9.0,16.0,0.9917999863624573
4_0124,1.3145999908447266,12.65160848733744,4.903490759753593,124.92,18.5,18974.0,6.699999809265137,15.799999713897705,14.0,20.0,1.2685999870300293
4_0161,1.154200005531311,1.5742642026009583,2.1546885694729636,170.69,18.5,146281.0,5.699999809265137,3.799999952316284,0.0,0.0,1.173799991607666
4_0161,1.1860000133514403,3.479808350444901,4.060232717316906,228.2,18.399999618530273,171440.0,5.699999809265137,3.799999952316284,0.0,0.0,1.154200005531311
4_0161,1.1601999998092651,4.684462696783025,5.2648870636550305,225.04,17.200000762939453,185913.0,5.699999809265137,3.799999952316284,0.0,0.0,1.1860000133514403
4_0161,1.1371999979019165,5.341546885694729,5.921971252566735,225.04,17.200000762939453,185913.0,5.699999809265137,3.799999952316284,0.0,0.0,1.1601999998092651
4_0161,1.195400023460388,6.294318959616701,6.874743326488707,130.0,18.399999618530273,194819.0,5.699999809265137,3.799999952316284,0.0,4.0,1.1371999979019165
4_0161,1.2130000114440918,7.383983572895278,7.964407939767283,100.56,19.0,211427.0,5.699999809265137,3.799999952316284,0.0,8.0,1.195400023460388
4_0161,1.221399998664856,8.265571526351813,0.24914442162902123,176.46,19.0,157097.0,5.699999809265137,3.799999952316284,0.0,14.0,1.2130000114440918
4_0161,1.4135999917984008,8.555783709787816,0.5393566050650239,53.65,19.0,373701.0,5.699999809265137,3.799999952316284,0.0,14.0,1.221399998664856
4_0161,1.142199993133545,9.582477754962355,0.8350444900752909,220.67,19.299999237060547,44000.0,6.199999809265137,3.799999952316284,0.0,14.0,1.4135999917984008
4_0161,1.1478000164031983,10.60643394934976,1.8590006844626967,292.28,18.5,53000.0,6.199999809265137,3.799999952316284,0.0,14.0,1.142199993133545
4_0161,1.1890000104904175,11.619438740588638,2.8720054757015743,415.41,18.299999237060547,54000.0,6.199999809265137,3.799999952316284,0.0,14.0,1.1478000164031983
4_0161,1.2359999895095826,12.65160848733744,3.9041752224503763,124.92,18.5,23520.0,6.199999809265137,3.799999952316284,5.0,10.0,1.1890000104904175
4_0162,1.197000002861023,1.5742642026009583,2.1546885694729636,170.69,18.5,146281.0,8.5,0.0,0.0,0.0,1.2082000017166137
4_0162,1.2368000030517579,3.479808350444901,4.060232717316906,228.2,18.399999618530273,171440.0,8.5,0.0,0.0,0.0,1.197000002861023
4_0162,1.2365999937057495,4.684462696783025,5.2648870636550305,225.04,17.200000762939453,185913.0,8.5,0.0,0.0,0.0,1.2368000030517579
4_0162,1.2325999975204467,5.341546885694729,5.921971252566735,225.04,17.200000762939453,185913.0,8.5,0.0,0.0,0.0,1.2365999937057495
4_0162,1.2640000104904174,6.294318959616701,6.874743326488707,130.0,18.399999618530273,194819.0,8.5,0.0,0.0,0.0,1.2325999975204467
4_0162,1.242199993133545,7.383983572895278,7.964407939767283,100.56,19.0,211427.0,8.5,0.0,0.0,0.0,1.2640000104904174
4_0162,1.2516000032424928,8.265571526351813,8.845995893223819,176.46,19.0,223986.0,8.5,0.0,0.0,0.0,1.242199993133545
4_0162,1.2544000148773193,8.555783709787816,9.136208076659821,53.65,19.0,350704.0,8.5,0.0,0.0,0.0,1.2516000032424928
4_0162,1.1144000053405763,9.582477754962355,0.8350444900752909,220.67,19.299999237060547,44000.0,9.0,0.0,0.0,1.0,1.2544000148773193
4_0162,1.1941999912261962,10.60643394934976,1.8590006844626967,292.28,18.5,52000.0,9.0,0.0,0.0,1.0,1.1144000053405763
4_0162,1.1575999975204467,11.619438740588638,2.8720054757015743,415.41,18.299999237060547,53000.0,9.0,0.0,0.0,1.0,1.1941999912261962
4_0162,1.1977999925613403,12.65160848733744,3.9041752224503763,124.92,18.5,22260.0,9.0,0.0,0.0,2.0,1.1575999975204467
4_0163,1.037999963760376,1.5742642026009583,2.1546885694729636,170.69,18.5,211028.0,1.0,0.0,0.0,0.0,1.0842000007629395
4_0163,1.1413999795913696,3.479808350444901,4.060232717316906,228.2,18.399999618530273,247324.0,1.0,0.0,0.0,0.0,1.037999963760376
4_0163,1.3441999912261964,4.684462696783025,5.2648870636550305,225.04,17.200000762939453,268202.0,1.0,0.0,0.0,0.0,1.1413999795913696
4_0163,1.3026000022888184,5.341546885694729,5.921971252566735,225.04,17.200000762939453,268202.0,1.0,0.0,0.0,0.0,1.3441999912261964
4_0163,1.4,6.294318959616701,6.874743326488707,130.0,18.399999618530273,281050.0,1.0,0.0,0.0,0.0,1.3026000022888184
4_0163,1.4339999914169312,7.383983572895278,7.964407939767283,100.56,19.0,305010.0,1.0,0.0,0.0,0.0,1.4
4_0163,1.573799991607666,8.265571526351813,0.7282683093771389,176.46,19.0,304093.5,1.0,0.0,0.0,0.0,1.4339999914169312
4_0163,1.5996000051498414,8.555783709787816,1.0184804928131417,53.65,19.0,592634.3333333334,1.0,0.0,0.0,0.0,1.573799991607666
4_0163,1.625,9.582477754962355,0.7501711156741958,220.67,19.299999237060547,57049.0,1.0,0.0,0.0,1.0,1.5996000051498414
4_0163,1.4142000198364257,10.60643394934976,1.7741273100616017,292.28,18.5,68214.0,1.0,0.0,0.0,1.0,1.625
4_0163,1.5718000173568725,11.619438740588638,2.7871321013004793,415.41,18.299999237060547,70385.0,1.0,0.0,0.0,1.0,1.4142000198364257
4_0163,1.4970000028610229,12.65160848733744,3.8193018480492813,124.92,18.5,30352.333333333332,1.0,0.0,0.0,1.0,1.5718000173568725
4_0260,1.0505999803543091,1.4236824093086926,2.1711156741957565,155.34,22.399999618530273,771763.0,9.399999618530273,4.0,0.0,0.0,0.9896000027656555
4_0260,1.0328000068664551,3.323750855578371,4.071184120465435,146.29,22.5,786940.0,9.399999618530273,4.0,0.0,0.0,1.0505999803543091
4_0260,0.996999990940094,4.175222450376454,4.922655715263518,146.29,22.5,786940.0,9.399999618530273,4.0,0.0,0.0,1.0328000068664551
4_0260,1.0125999927520752,5.1854893908282,5.932922655715264,216.26,21.200000762939453,716678.0,9.399999618530273,4.0,0.0,0.0,0.996999990940094
4_0260,1.0001999974250793,6.121834360027378,6.869267624914442,77.05,22.399999618530273,2156778.0,9.399999618530273,4.0,0.0,1.0,1.0125999927520752
4_0260,0.9857999801635742,7.17864476386037,7.926078028747433,90.34,22.799999237060547,2387579.0,9.399999618530273,4.0,2.0,2.0,1.0001999974250793
4_0260,1.0091999769210815,8.10403832991102,8.851471594798083,238.55,22.799999237060547,2628661.0,9.399999618530273,4.0,2.0,2.0,0.9857999801635742
4_0260,0.9537999987602234,9.078713210130047,9.826146475017111,62.02,22.700000762939453,2831000.0,9.399999618530273,4.0,3.0,4.0,1.0091999769210815
4_0260,0.9511999964714051,10.343600273785079,11.091033538672143,170.05,22.399999618530273,1237472.0,9.399999618530273,4.0,3.0,4.0,0.9537999987602234
4_0260,1.0203999996185302,11.197809719370294,11.945242984257359,170.05,22.399999618530273,1237472.0,9.399999618530273,4.0,3.0,4.0,0.9511999964714051
4_0260,1.199399995803833,12.865160848733744,1.0321697467488022,122.14,22.600000381469727,1284398.0,9.399999618530273,4.0,3.0,5.0,1.0203999996185302
4_0260,1.2716000080108643,14.198494182067078,0.3668720054757016,158.36,22.700000762939453,1239040.0,9.399999618530273,4.0,3.0,5.0,1.199399995803833
4_0260,1.3533999919891357,14.97056810403833,1.1389459274469542,268.72,22.100000381469727,1164000.0,9.399999618530273,4.0,4.0,6.0,1.2716000080108643
4_0260,1.4796000242233276,16.317590691307323,0.48459958932238195,249.51,22.100000381469727,1066000.0,9.399999618530273,4.0,4.0,6.0,1.3533999919891357
4_0260,1.9247999906539917,18.184804928131417,0.3531827515400411,81.2,22.299999237060547,1263349.4,9.399999618530273,4.0,5.0,6.0,1.4796000242233276
4_0260,1.692199993133545,19.208761122518823,1.377138945927447,148.03,23.299999237060547,1229606.4,9.399999618530273,4.0,5.0,7.0,1.9247999906539917
4_0260,1.6335999965667725,20.35044490075291,1.0978781656399725,222.8,23.5,1250193.3333333333,9.399999618530273,4.0,5.0,7.0,1.692199993133545
4_0260,1.681555536058214,20.35318275154004,1.1006160164271048,222.8,23.5,1250193.3333333333,9.399999618530273,4.0,5.0,7.0,1.6335999965667725
4_0260,1.7002000093460083,21.11978097193703,1.8672142368240932,222.8,23.5,1250193.3333333333,9.399999618530273,4.0,5.0,7.0,1.681555536058214
4_0260,1.7181999921798705,22.182067077344286,0.7693360711841205,227.68,23.200000762939453,1476567.2857142857,9.399999618530273,4.0,5.0,8.0,1.7002000093460083
4_0260,1.8821999788284303,23.21971252566735,0.8843258042436687,174.77,23.700000762939453,1648131.75,9.399999618530273,4.0,5.0,10.0,1.7181999921798705
4_0261,0.7582000017166137,1.4236824093086926,2.1711156741957565,155.34,22.399999618530273,781786.0,8.899999618530273,4.0,0.0,0.0,0.7204000115394592
4_0261,0.7520000100135803,3.323750855578371,4.071184120465435,146.29,22.5,797160.0,8.899999618530273,4.0,0.0,0.0,0.7582000017166137
4_0261,0.7367999911308288,4.175222450376454,4.922655715263518,146.29,22.5,797160.0,8.899999618530273,4.0,0.0,0.0,0.7520000100135803
4_0261,0.7554000020027161,5.1854893908282,5.932922655715264,216.26,21.200000762939453,725985.0,8.899999618530273,4.0,0.0,0.0,0.7367999911308288
4_0261,0.7403999924659729,6.121834360027378,6.869267624914442,77.05,22.399999618530273,2184788.0,8.899999618530273,4.0,6.0,16.0,0.7554000020027161
4_0261,0.7529999852180481,7.17864476386037,7.926078028747433,90.34,22.799999237060547,2418587.0,8.899999618530273,4.0,13.0,16.0,0.7403999924659729
4_0261,0.7627999901771545,8.10403832991102,8.851471594798083,238.55,22.799999237060547,2662799.0,8.899999618530273,4.0,13.0,16.0,0.7529999852180481
4_0261,0.7132000088691711,9.078713210130047,9.826146475017111,62.02,22.700000762939453,2831000.0,8.899999618530273,4.0,11.0,16.0,0.7627999901771545
4_0261,0.7209999918937683,10.343600273785079,11.091033538672143,170.05,22.399999618530273,655884.0,8.899999618530273,4.0,11.0,16.0,0.7132000088691711
4_0261,0.7617999911308289,11.197809719370294,11.945242984257359,170.05,22.399999618530273,655884.0,8.899999618530273,4.0,4.0,11.0,0.7209999918937683
4_0261,0.8301999926567077,12.865160848733744,1.6591375770020533,122.14,22.600000381469727,1301079.0,8.899999618530273,4.0,4.0,11.0,0.7617999911308289
4_0261,0.8733999967575073,14.198494182067078,2.9924709103353866,158.36,22.700000762939453,1556000.0,8.899999618530273,4.0,4.0,11.0,0.8301999926567077
4_0261,1.0328000068664551,14.97056810403833,3.7645448323066395,268.72,22.100000381469727,1176000.0,8.899999618530273,4.0,5.0,12.0,0.8733999967575073
4_0261,1.2759999990463258,16.317590691307323,0.48459958932238195,249.51,22.100000381469727,1082000.0,8.899999618530273,4.0,5.0,13.0,1.0328000068664551
4_0261,1.5615999937057494,18.184804928131417,0.3531827515400411,81.2,22.299999237060547,1093545.0,8.899999618530273,4.0,5.0,13.0,1.2759999990463258
4_0261,1.5628000020980835,19.208761122518823,0.9582477754962354,148.03,23.299999237060547,1245015.4,8.899999618530273,4.0,6.0,14.0,1.5615999937057494
4_0261,1.7180000066757202,20.35044490075291,2.099931553730322,222.8,23.5,1266611.2,8.899999618530273,4.0,6.0,14.0,1.5628000020980835
4_0261,1.7452221976386175,20.35318275154004,2.102669404517454,222.8,23.5,1266611.2,8.899999618530273,4.0,6.0,14.0,1.7180000066757202
4_0261,1.6798000097274781,21.117043121149898,2.86652977412731,222.8,23.5,1266611.2,8.899999618530273,4.0,6.0,14.0,1.7452221976386175
4_0261,1.6893999814987182,22.182067077344286,0.7693360711841205,227.68,23.200000762939453,1484578.3333333333,8.899999618530273,4.0,6.0,15.0,1.6798000097274781
4_0261,1.8764000177383422,23.21971252566735,0.8843258042436687,174.77,23.700000762939453,1655726.857142857,8.899999618530273,4.0,7.0,15.0,1.6893999814987182
4_0501,1.2257499694824219,23.540041067761805,5.037645448323066,424.41,21.200000762939453,304073.0,4.9999998807907104,14.199999809265137,0.0,0.0,1.2405999898910522
4_0501,1.3559999942779541,24.646132785763175,6.143737166324435,257.09,21.200000762939453,163000.0,4.9999998807907104,14.199999809265137,0.0,0.0,1.2257499694824219
4_0502,1.7289999961853026,28.594113620807665,6.792607802874743,135.36,22.200000762939453,223000.0,6.400000095367432,14.699999809265137,3.0,6.0,1.4192000150680542
4_0502,1.8889999628067016,29.440109514031484,7.638603696098563,135.36,22.200000762939453,223000.0,6.400000095367432,14.699999809265137,3.0,6.0,1.7289999961853026
4_0502,2.003600001335144,30.444900752908968,0.5393566050650239,264.97,20.899999618530273,292066.6666666667,6.500000096857548,14.699999809265137,54.0,33.0,1.8889999628067016
4_0502,2.3613999843597413,31.362080766598222,1.4565366187542779,99.11,22.299999237060547,364000.0,6.500000096857548,14.699999809265137,54.0,33.0,2.003600001335144
4_0502,2.426599931716919,32.43258042436687,2.5270362765229293,133.32,22.600000381469727,283350.0,6.500000096857548,14.699999809265137,53.0,32.0,2.3613999843597413
4_0502,2.6618000507354735,33.374401095140314,0.2299794661190965,238.11,22.5,211650.5,6.600000098347664,14.699999809265137,53.0,32.0,2.426599931716919
4_0502,2.761999988555908,34.34360027378508,0.5119780971937029,93.23,22.5,224160.0,6.600000098347664,14.699999809265137,54.0,33.0,2.6618000507354735
4_0502,2.921600008010864,35.60027378507871,0.810403832991102,147.04,22.100000381469727,392000.0,6.70000009983778,14.699999809265137,54.0,33.0,2.761999988555908
4_0502,2.716999959945679,36.45448323066393,1.6646132785763177,147.04,22.100000381469727,392000.0,6.70000009983778,14.699999809265137,50.0,32.0,2.921600008010864
4_0502,3.662999963760376,37.72758384668035,2.937713894592745,160.63,22.200000762939453,309754.0,6.70000009983778,14.699999809265137,53.0,32.0,2.716999959945679
4_0502,3.8483999729156495,40.19712525667351,5.4072553045859,364.88,21.700000762939453,495022.0,6.70000009983778,14.699999809265137,53.0,32.0,3.662999963760376
4_0503,1.0355999946594239,28.594113620807665,6.792607802874743,135.36,22.200000762939453,213000.0,8.899999618530273,16.600000381469727,0.0,0.0,0.9550000071525574
4_0503,1.0772000074386596,29.440109514031484,7.638603696098563,135.36,22.200000762939453,213000.0,8.899999618530273,16.600000381469727,0.0,1.0,1.0355999946594239
4_0503,1.0772000074386596,30.444900752908968,0.5393566050650239,264.97,20.899999618530273,280800.0,8.99999962002039,16.600000381469727,0.0,4.0,1.0772000074386596
4_0503,1.1520000219345092,31.362080766598222,1.4565366187542779,99.11,22.299999237060547,355000.0,8.99999962002039,16.600000381469727,0.0,4.0,1.0772000074386596
4_0503,1.2562000036239624,32.43258042436687,2.5270362765229293,133.32,22.600000381469727,297240.0,8.99999962002039,16.600000381469727,0.0,7.0,1.1520000219345092
4_0503,1.4642000198364258,33.374401095140314,3.468856947296372,238.11,22.5,264402.0,8.99999962002039,16.600000381469727,0.0,7.0,1.2562000036239624
4_0503,1.4276000022888184,34.34360027378508,0.5119780971937029,93.23,22.5,282458.25,8.99999962002039,16.600000381469727,0.0,10.0,1.4642000198364258
4_0503,1.6108000040054322,35.60027378507871,0.810403832991102,147.04,22.100000381469727,377000.0,9.099999621510506,16.600000381469727,0.0,11.0,1.4276000022888184
4_0503,1.6625999927520752,36.45448323066393,1.6646132785763177,147.04,22.100000381469727,377000.0,9.099999621510506,16.600000381469727,1.0,11.0,1.6108000040054322
4_0503,1.9158000230789185,37.72758384668035,2.937713894592745,160.63,22.200000762939453,324938.0,9.099999621510506,16.600000381469727,2.0,13.0,1.6625999927520752
4_0503,2.3050000190734865,40.19712525667351,5.4072553045859,364.88,21.700000762939453,519288.0,9.099999621510506,16.600000381469727,2.0,13.0,1.9158000230789185
4_0504,1.2636000156402587,28.594113620807665,6.792607802874743,135.36,22.200000762939453,212000.0,9.100000381469727,17.600000381469727,0.0,0.0,1.226200008392334
4_0504,1.2717999935150146,29.440109514031484,7.638603696098563,135.36,22.200000762939453,212000.0,9.100000381469727,17.600000381469727,0.0,0.0,1.2636000156402587
4_0504,1.2763999938964843,30.444900752908968,0.5393566050650239,264.97,20.899999618530273,279933.3333333333,9.200000382959843,17.600000381469727,0.0,0.0,1.2717999935150146
4_0504,1.290999984741211,31.362080766598222,1.4565366187542779,99.11,22.299999237060547,354000.0,9.200000382959843,17.600000381469727,0.0,0.0,1.2763999938964843
4_0504,1.3143999814987182,32.43258042436687,2.5270362765229293,133.32,22.600000381469727,294462.0,9.200000382959843,17.600000381469727,0.0,0.0,1.290999984741211
4_0504,1.3021999835968017,33.374401095140314,3.468856947296372,238.11,22.5,261931.0,9.200000382959843,17.600000381469727,0.0,0.0,1.3143999814987182
4_0504,1.3619999885559082,34.34360027378508,0.5119780971937029,93.23,22.5,279818.75,9.200000382959843,17.600000381469727,0.0,0.0,1.3021999835968017
4_0504,1.3742000102996825,35.60027378507871,0.810403832991102,147.04,22.100000381469727,375000.0,9.300000384449959,17.600000381469727,0.0,0.0,1.3619999885559082
4_0504,1.353599977493286,36.45448323066393,1.6646132785763177,147.04,22.100000381469727,375000.0,9.300000384449959,17.600000381469727,0.0,0.0,1.3742000102996825
4_0504,1.4947999954223632,37.72758384668035,2.937713894592745,160.63,22.200000762939453,321901.0,9.300000384449959,17.600000381469727,0.0,0.0,1.353599977493286
4_0504,1.7007999897003174,40.19712525667351,5.4072553045859,364.88,21.700000762939453,514435.0,9.300000384449959,17.600000381469727,0.0,0.0,1.4947999954223632
4_0505,1.3164000034332275,28.594113620807665,6.792607802874743,135.36,22.200000762939453,225000.0,6.599999904632568,12.800000190734863,11.0,6.0,1.2977999925613404
4_0505,1.3326000213623046,29.440109514031484,7.638603696098563,135.36,22.200000762939453,225000.0,6.599999904632568,12.800000190734863,10.0,5.0,1.3164000034332275
4_0505,1.376799988746643,30.444900752908968,0.5393566050650239,264.97,20.899999618530273,293800.0,6.6999999061226845,12.800000190734863,10.0,12.0,1.3326000213623046
4_0505,1.4481999635696412,31.362080766598222,1.4565366187542779,99.11,22.299999237060547,366000.0,6.6999999061226845,12.800000190734863,10.0,12.0,1.376799988746643
4_0505,1.473200011253357,32.43258042436687,2.5270362765229293,133.32,22.600000381469727,311129.0,6.6999999061226845,12.800000190734863,27.0,15.0,1.4481999635696412
4_0505,1.652999997138977,33.374401095140314,0.2299794661190965,238.11,22.5,262920.0,6.799999907612801,12.800000190734863,27.0,15.0,1.473200011253357
4_0505,1.5765999794006347,34.34360027378508,0.5119780971937029,93.23,22.5,300952.6,6.799999907612801,12.800000190734863,30.0,19.0,1.652999997138977
4_0505,1.732800006866455,35.60027378507871,0.810403832991102,147.04,22.100000381469727,395000.0,6.899999909102917,12.800000190734863,42.0,24.0,1.5765999794006347
4_0505,1.775,36.45448323066393,1.6646132785763177,147.04,22.100000381469727,395000.0,6.899999909102917,12.800000190734863,45.0,26.0,1.732800006866455
4_0505,1.8897999763488769,37.72758384668035,2.937713894592745,160.63,22.200000762939453,340122.0,6.899999909102917,12.800000190734863,55.0,27.0,1.775
4_0505,2.0681999921798706,40.19712525667351,5.4072553045859,364.88,21.700000762939453,543554.0,6.899999909102917,12.800000190734863,55.0,27.0,1.8897999763488769
4_0506,1.0812000274658202,28.594113620807665,6.792607802874743,135.36,22.200000762939453,218000.0,8.200000047683716,12.800000190734863,0.0,0.0,1.055400013923645
4_0506,1.0769999980926515,29.440109514031484,7.638603696098563,135.36,22.200000762939453,218000.0,8.200000047683716,12.800000190734863,0.0,0.0,1.0812000274658202
4_0506,1.0667999744415284,30.444900752908968,0.5393566050650239,264.97,20.899999618530273,286000.0,8.300000049173832,12.800000190734863,0.0,0.0,1.0769999980926515
4_0506,1.115400004386902,31.362080766598222,1.4565366187542779,99.11,22.299999237060547,358000.0,8.300000049173832,12.800000190734863,0.0,0.0,1.0667999744415284
4_0506,1.1172000169754028,32.43258042436687,2.5270362765229293,133.32,22.600000381469727,302795.0,8.300000049173832,12.800000190734863,0.0,1.0,1.115400004386902
4_0506,1.1114000082015991,33.374401095140314,0.2299794661190965,238.11,22.5,266280.0,8.400000050663948,12.800000190734863,0.0,1.0,1.1172000169754028
4_0506,1.1436000108718871,34.34360027378508,0.5119780971937029,93.23,22.5,292891.8,8.400000050663948,12.800000190734863,0.0,1.0,1.1114000082015991
4_0506,1.1686000108718873,35.60027378507871,0.810403832991102,147.04,22.100000381469727,384000.0,8.500000052154064,12.800000190734863,0.0,1.0,1.1436000108718871
4_0506,1.2599999904632568,36.45448323066393,1.6646132785763177,147.04,22.100000381469727,384000.0,8.500000052154064,12.800000190734863,0.0,1.0,1.1686000108718873
4_0506,1.5376000165939332,37.72758384668035,2.937713894592745,160.63,22.200000762939453,331011.0,8.500000052154064,12.800000190734863,0.0,1.0,1.2599999904632568
4_0506,2.116400051116943,40.19712525667351,1.1143052703627652,364.88,21.700000762939453,528994.0,8.500000052154064,12.800000190734863,0.0,1.0,1.5376000165939332
4_0507,1.3944000244140624,28.594113620807665,6.792607802874743,135.36,22.200000762939453,211000.0,9.200000047683716,20.700000762939453,0.0,0.0,1.2931999683380127
4_0507,1.437399983406067,29.440109514031484,7.638603696098563,135.36,22.200000762939453,211000.0,9.200000047683716,20.700000762939453,0.0,0.0,1.3944000244140624
4_0507,1.3881999969482421,30.444900752908968,0.5393566050650239,264.97,20.899999618530273,278200.0,9.300000049173832,20.700000762939453,0.0,0.0,1.437399983406067
4_0507,1.393999981880188,31.362080766598222,1.4565366187542779,99.11,22.299999237060547,354000.0,9.300000049173832,20.700000762939453,0.0,0.0,1.3881999969482421
4_0507,1.4133999824523926,32.43258042436687,2.5270362765229293,133.32,22.600000381469727,294462.0,9.300000049173832,20.700000762939453,0.0,0.0,1.393999981880188
4_0507,1.3853999853134156,33.374401095140314,3.468856947296372,238.11,22.5,261931.0,9.300000049173832,20.700000762939453,0.0,0.0,1.4133999824523926
4_0507,1.5167999744415284,34.34360027378508,4.438056125941136,93.23,22.5,304877.0,9.300000049173832,20.700000762939453,0.0,0.0,1.3853999853134156
4_0507,1.4543999910354615,35.60027378507871,0.810403832991102,147.04,22.100000381469727,373000.0,9.400000050663948,20.700000762939453,0.0,0.0,1.5167999744415284
4_0507,1.294599986076355,36.45448323066393,1.6646132785763177,147.04,22.100000381469727,373000.0,9.400000050663948,20.700000762939453,0.0,0.0,1.4543999910354615
4_0507,1.4413999795913697,37.72758384668035,2.937713894592745,160.63,22.200000762939453,321901.0,9.400000050663948,20.700000762939453,0.0,0.0,1.294599986076355
4_0507,1.5388000011444092,40.19712525667351,5.4072553045859,364.88,21.700000762939453,514435.0,9.400000050663948,20.700000762939453,0.0,0.0,1.4413999795913697
4_0508,0.9526000022888184,28.594113620807665,6.792607802874743,135.36,22.200000762939453,213000.0,9.200000047683716,15.0,0.0,0.0,0.9375999927520752
4_0508,0.9532000064849854,29.440109514031484,7.638603696098563,135.36,22.200000762939453,213000.0,9.200000047683716,15.0,0.0,0.0,0.9526000022888184
4_0508,0.9612000107765197,30.444900752908968,0.5393566050650239,264.97,20.899999618530273,281666.6666666667,9.300000049173832,15.0,0.0,0.0,0.9532000064849854
4_0508,0.9874000072479248,31.362080766598222,1.4565366187542779,99.11,22.299999237060547,355000.0,9.300000049173832,15.0,0.0,0.0,0.9612000107765197
4_0508,1.0273999929428101,32.43258042436687,2.5270362765229293,133.32,22.600000381469727,297240.0,9.300000049173832,15.0,0.0,0.0,0.9874000072479248
4_0508,1.0363999843597411,33.374401095140314,3.468856947296372,238.11,22.5,264402.0,9.300000049173832,15.0,0.0,0.0,1.0273999929428101
4_0508,1.0682000160217284,34.34360027378508,0.5119780971937029,93.23,22.5,282458.25,9.300000049173832,15.0,0.0,1.0,1.0363999843597411
4_0508,1.1283999919891357,35.60027378507871,0.810403832991102,147.04,22.100000381469727,377000.0,9.400000050663948,15.0,0.0,0.0,1.0682000160217284
4_0508,1.112599992752075,36.45448323066393,1.6646132785763177,147.04,22.100000381469727,377000.0,9.400000050663948,15.0,0.0,1.0,1.1283999919891357
4_0508,1.2717999935150146,37.72758384668035,2.937713894592745,160.63,22.200000762939453,324938.0,9.400000050663948,15.0,0.0,1.0,1.112599992752075
4_0508,1.3698000192642212,40.19712525667351,5.4072553045859,364.88,21.700000762939453,519288.0,9.400000050663948,15.0,0.0,1.0,1.2717999935150146
4_0509,1.1808000087738038,28.594113620807665,6.792607802874743,135.36,22.200000762939453,222000.0,6.499999761581421,14.800000190734863,0.0,0.0,1.0609999895095825
4_0509,1.255999994277954,29.440109514031484,7.638603696098563,135.36,22.200000762939453,222000.0,6.499999761581421,14.800000190734863,0.0,2.0,1.1808000087738038
4_0509,1.5009999990463256,30.444900752908968,0.5393566050650239,264.97,20.899999618530273,291200.0,6.599999763071537,14.800000190734863,0.0,8.0,1.255999994277954
4_0509,1.731599998474121,31.362080766598222,1.4565366187542779,99.11,22.299999237060547,363000.0,6.599999763071537,14.800000190734863,0.0,8.0,1.5009999990463256
4_0509,2.019799995422363,32.43258042436687,2.5270362765229293,133.32,22.600000381469727,305573.0,6.599999763071537,14.800000190734863,0.0,7.0,1.731599998474121
4_0509,2.5417999744415285,33.374401095140314,0.2299794661190965,238.11,22.5,263760.0,6.699999764561653,14.800000190734863,0.0,7.0,2.019799995422363
4_0509,2.1344000339508056,34.34360027378508,0.5119780971937029,93.23,22.5,295578.8,6.699999764561653,14.800000190734863,0.0,10.0,2.5417999744415285
4_0509,2.988199996948242,35.60027378507871,0.810403832991102,147.04,22.100000381469727,391000.0,6.799999766051769,14.800000190734863,3.0,11.0,2.1344000339508056
4_0509,2.4757999897003176,36.45448323066393,1.6646132785763177,147.04,22.100000381469727,391000.0,6.799999766051769,14.800000190734863,5.0,16.0,2.988199996948242
4_0509,3.671199989318848,37.72758384668035,2.937713894592745,160.63,22.200000762939453,334048.0,6.799999766051769,14.800000190734863,8.0,18.0,2.4757999897003176
4_0509,4.517199993133545,40.19712525667351,5.4072553045859,364.88,21.700000762939453,533848.0,6.799999766051769,14.800000190734863,8.0,18.0,3.671199989318848
4_0559,1.1660000085830688,28.594113620807665,6.792607802874743,135.36,22.200000762939453,219000.0,7.700000047683716,13.199999809265137,0.0,0.0,1.1766000032424926
4_0559,1.1924000024795531,29.440109514031484,7.638603696098563,135.36,22.200000762939453,219000.0,7.700000047683716,13.199999809265137,0.0,0.0,1.1660000085830688
4_0559,1.1935999870300293,30.444900752908968,0.5393566050650239,264.97,20.899999618530273,287733.3333333333,7.800000049173832,13.199999809265137,0.0,1.0,1.1924000024795531
4_0559,1.200599980354309,31.362080766598222,1.4565366187542779,99.11,22.299999237060547,360000.0,7.800000049173832,13.199999809265137,0.0,1.0,1.1935999870300293
4_0559,1.223199987411499,32.43258042436687,2.5270362765229293,133.32,22.600000381469727,302795.0,7.800000049173832,13.199999809265137,0.0,1.0,1.200599980354309
4_0559,1.2544000148773193,33.374401095140314,0.2299794661190965,238.11,22.5,265440.0,7.900000050663948,13.199999809265137,0.0,1.0,1.223199987411499
4_0559,1.2497999668121338,34.34360027378508,0.5119780971937029,93.23,22.5,292891.8,7.900000050663948,13.199999809265137,0.0,1.0,1.2544000148773193
4_0559,1.2727999925613402,35.60027378507871,0.810403832991102,147.04,22.100000381469727,386000.0,8.000000052154064,13.199999809265137,0.0,0.0,1.2497999668121338
4_0559,1.3172000169754028,36.45448323066393,1.6646132785763177,147.04,22.100000381469727,386000.0,8.000000052154064,13.199999809265137,0.0,0.0,1.2727999925613402
4_0559,1.5052000284194946,37.72758384668035,2.937713894592745,160.63,22.200000762939453,331011.0,8.000000052154064,13.199999809265137,0.0,0.0,1.3172000169754028
4_0559,1.751200008392334,40.19712525667351,5.4072553045859,364.88,21.700000762939453,528994.0,8.000000052154064,13.199999809265137,0.0,0.0,1.5052000284194946
4_0560,0.8896000027656555,28.594113620807665,6.792607802874743,135.36,22.200000762939453,224000.0,6.299999952316284,14.0,0.0,2.0,0.848199999332428
4_0560,0.9325999975204468,29.440109514031484,7.638603696098563,135.36,22.200000762939453,224000.0,6.299999952316284,14.0,14.0,7.0,0.8896000027656555
4_0560,1.0434000015258789,30.444900752908968,0.5393566050650239,264.97,20.899999618530273,293800.0,6.3999999538064,14.0,9.0,15.0,0.9325999975204468
4_0560,1.0677999973297119,31.362080766598222,1.4565366187542779,99.11,22.299999237060547,366000.0,6.3999999538064,14.0,9.0,15.0,1.0434000015258789
4_0560,1.1380000114440918,32.43258042436687,2.5270362765229293,133.32,22.600000381469727,308351.0,6.3999999538064,14.0,25.0,16.0,1.0677999973297119
4_0560,1.331000018119812,33.374401095140314,0.2299794661190965,238.11,22.5,262920.0,6.499999955296516,14.0,25.0,16.0,1.1380000114440918
4_0560,1.305999994277954,34.34360027378508,0.5119780971937029,93.23,22.5,298265.8,6.499999955296516,14.0,29.0,20.0,1.331000018119812
4_0560,1.414400005340576,35.60027378507871,0.810403832991102,147.04,22.100000381469727,395000.0,6.5999999567866325,14.0,26.0,18.0,1.305999994277954
4_0560,1.4029999732971192,36.45448323066393,1.6646132785763177,147.04,22.100000381469727,395000.0,6.5999999567866325,14.0,26.0,18.0,1.414400005340576
4_0560,1.8588000059127807,37.72758384668035,2.937713894592745,160.63,22.200000762939453,337085.0,6.5999999567866325,14.0,26.0,18.0,1.4029999732971192
4_0560,2.2165999889373778,40.19712525667351,5.4072553045859,364.88,21.700000762939453,538701.0,6.5999999567866325,14.0,26.0,18.0,1.8588000059127807
4_0603,0.9198000073432923,25.489390828199863,1.7138945927446954,512.81,9.800000190734863,1086588.0,4.0,4.199999809265137,0.0,0.0,0.8865999937057495
4_0603,0.9708000063896179,26.45037645448323,2.674880219028063,369.08,9.800000190734863,1131120.0,4.0,4.199999809265137,0.0,0.0,0.9198000073432923
4_0603,1.0423999786376954,27.38945927446954,3.6139630390143735,275.69,10.600000381469727,1440000.0,4.0,4.199999809265137,0.0,0.0,0.9708000063896179
4_0603,1.0179999828338624,28.6652977412731,0.15058179329226556,308.05,10.899999618530273,1276701.0,4.0,4.199999809265137,0.0,0.0,1.0423999786376954
4_0603,1.330400013923645,30.469541409993155,1.9548254620123204,328.22,10.699999809265137,1045320.0,4.0,4.199999809265137,0.0,0.0,1.0179999828338624
4_0603,2.11899995803833,31.6249144421629,3.1101984941820673,250.43,9.899999618530273,1526828.0,4.0,4.199999809265137,0.0,0.0,1.330400013923645
4_0603,2.180799961090088,32.498288843258045,3.9835728952772076,215.15,10.800000190734863,1558375.0,4.0,4.199999809265137,0.0,0.0,2.11899995803833
4_0603,2.5676000118255615,33.53319644079398,0.4517453798767967,224.46,11.600000381469727,3425764.0,4.0,4.199999809265137,0.0,1.0,2.180799961090088
4_0603,2.8516000270843507,33.960301163586585,0.8788501026694046,224.46,11.600000381469727,3425764.0,4.0,4.199999809265137,0.0,1.0,2.5676000118255615
4_0603,3.3306000232696533,34.43668720054757,1.3552361396303902,293.38,11.600000381469727,3484684.0,4.0,4.199999809265137,1.0,2.0,2.8516000270843507
4_0603,2.5227999687194824,35.45790554414784,0.42984257357973993,148.97,11.699999809265137,1478673.0,4.0,4.199999809265137,0.0,0.0,3.3306000232696533
4_0603,2.551200008392334,36.15605749486653,1.1279945242984257,148.97,11.699999809265137,1478673.0,4.0,4.199999809265137,0.0,0.0,2.5227999687194824
4_0604,0.8798000097274781,25.489390828199863,1.7138945927446954,512.81,9.800000190734863,1086515.0,3.999999910593033,4.900000095367432,0.0,0.0,0.8638000130653382
4_0604,0.9141999840736389,26.45037645448323,2.674880219028063,369.08,9.800000190734863,1131044.0,3.999999910593033,4.900000095367432,0.0,0.0,0.8798000097274781
4_0604,0.8833999872207642,27.38945927446954,3.6139630390143735,275.69,10.600000381469727,1440000.0,3.999999910593033,4.900000095367432,0.0,0.0,0.9141999840736389
4_0604,0.874400007724762,28.6652977412731,0.15058179329226556,308.05,10.899999618530273,1276664.0,3.999999910593033,4.900000095367432,0.0,0.0,0.8833999872207642
4_0604,1.00660001039505,30.469541409993155,1.9548254620123204,328.22,10.699999809265137,1045126.0,3.999999910593033,4.900000095367432,0.0,0.0,0.874400007724762
4_0604,1.4020000219345092,31.6249144421629,3.1101984941820673,250.43,9.899999618530273,1526664.0,3.999999910593033,4.900000095367432,0.0,0.0,1.00660001039505
4_0604,1.2832000017166139,32.498288843258045,3.9835728952772076,215.15,10.800000190734863,1917000.0,3.999999910593033,4.900000095367432,0.0,0.0,1.4020000219345092
4_0604,1.4092000007629395,33.53319644079398,5.018480492813142,224.46,11.600000381469727,3425537.0,3.999999910593033,4.900000095367432,0.0,0.0,1.2832000017166139
4_0604,1.5065999984741212,33.960301163586585,5.44558521560575,224.46,11.600000381469727,3425537.0,3.999999910593033,4.900000095367432,0.0,0.0,1.4092000007629395
4_0604,1.6072000026702882,34.43668720054757,5.921971252566735,293.38,11.600000381469727,3484454.0,3.999999910593033,4.900000095367432,0.0,1.0,1.5065999984741212
4_0604,1.9154000282287598,35.45790554414784,6.9431895961670085,148.97,11.699999809265137,1476754.0,3.999999910593033,4.900000095367432,0.0,0.0,1.6072000026702882
4_0604,1.9705999612808227,36.15605749486653,7.641341546885695,148.97,11.699999809265137,1476754.0,3.999999910593033,4.900000095367432,0.0,0.0,1.9154000282287598
4_0606,0.9846000075340271,25.489390828199863,1.7138945927446954,512.81,9.800000190734863,1092437.0,4.700000196695328,3.9000000953674316,0.0,0.0,0.9907999992370605
4_0606,1.0579999923706054,26.45037645448323,2.674880219028063,369.08,9.800000190734863,1137209.0,4.700000196695328,3.9000000953674316,0.0,0.0,0.9846000075340271
4_0606,1.0342000246047973,27.38945927446954,3.6139630390143735,275.69,10.600000381469727,1440000.0,4.700000196695328,3.9000000953674316,0.0,0.0,1.0579999923706054
4_0606,1.0555999994277954,28.6652977412731,0.15331964407939766,308.05,10.899999618530273,1283482.0,4.700000196695328,3.9000000953674316,0.0,0.0,1.0342000246047973
4_0606,1.1365999937057496,30.469541409993155,1.9575633127994525,328.22,10.699999809265137,1051266.0,4.700000196695328,3.9000000953674316,0.0,0.0,1.0555999994277954
4_0606,1.5266000032424927,31.6249144421629,3.1129363449691994,250.43,9.899999618530273,1535329.0,4.700000196695328,3.9000000953674316,0.0,0.0,1.1365999937057496
4_0606,1.549999976158142,32.498288843258045,3.9863107460643397,215.15,10.800000190734863,1924000.0,4.700000196695328,3.9000000953674316,0.0,0.0,1.5266000032424927
4_0606,1.5843999862670899,33.53319644079398,5.021218343600274,224.46,11.600000381469727,3444199.0,4.700000196695328,3.9000000953674316,0.0,0.0,1.549999976158142
4_0606,1.7271999835968017,33.960301163586585,5.448323066392882,224.46,11.600000381469727,3444199.0,4.700000196695328,3.9000000953674316,0.0,0.0,1.5843999862670899
4_0606,1.7721999883651733,34.43668720054757,5.924709103353867,293.38,11.600000381469727,3503431.0,4.700000196695328,3.9000000953674316,0.0,0.0,1.7271999835968017
4_0606,2.177799940109253,35.45790554414784,6.945927446954141,148.97,11.699999809265137,1492029.0,4.700000196695328,3.9000000953674316,0.0,0.0,1.7721999883651733
4_0606,2.079800033569336,36.15605749486653,7.644079397672827,148.97,11.699999809265137,1492029.0,4.700000196695328,3.9000000953674316,0.0,0.0,2.177799940109253
4_0607,0.8448000073432922,25.489390828199863,1.7138945927446954,512.81,9.800000190734863,1092437.0,4.600000202655792,4.099999904632568,0.0,0.0,0.8019999980926513
4_0607,0.8850000023841857,26.45037645448323,2.674880219028063,369.08,9.800000190734863,1137209.0,4.600000202655792,4.099999904632568,0.0,0.0,0.8448000073432922
4_0607,0.8555999875068665,27.38945927446954,3.6139630390143735,275.69,10.600000381469727,1440000.0,4.600000202655792,4.099999904632568,0.0,0.0,0.8850000023841857
4_0607,0.855400002002716,28.6652977412731,0.15331964407939766,308.05,10.899999618530273,1283482.0,4.600000202655792,4.099999904632568,0.0,0.0,0.8555999875068665
4_0607,1.01839998960495,30.469541409993155,1.9575633127994525,328.22,10.699999809265137,1051266.0,4.600000202655792,4.099999904632568,0.0,0.0,0.855400002002716
4_0607,1.4065999746322633,31.6249144421629,3.1129363449691994,250.43,9.899999618530273,1535329.0,4.600000202655792,4.099999904632568,0.0,1.0,1.01839998960495
4_0607,1.5389999866485595,32.498288843258045,3.9863107460643397,215.15,10.800000190734863,1924000.0,4.600000202655792,4.099999904632568,0.0,1.0,1.4065999746322633
4_0607,1.8959999799728393,33.53319644079398,5.021218343600274,224.46,11.600000381469727,3444199.0,4.600000202655792,4.099999904632568,1.0,1.0,1.5389999866485595
4_0607,1.9879999876022338,33.960301163586585,0.29568788501026694,224.46,11.600000381469727,3444199.0,4.600000202655792,4.099999904632568,1.0,1.0,1.8959999799728393
4_0607,2.3736000061035156,34.43668720054757,0.7720739219712526,293.38,11.600000381469727,3503431.0,4.600000202655792,4.099999904632568,0.0,2.0,1.9879999876022338
4_0607,2.930400037765503,35.45790554414784,1.7932922655715264,148.97,11.699999809265137,1492029.0,4.600000202655792,4.099999904632568,0.0,1.0,2.3736000061035156
4_0607,3.072599983215332,36.15605749486653,2.4914442162902124,148.97,11.699999809265137,1492029.0,4.600000202655792,4.099999904632568,1.0,2.0,2.930400037765503
4_0608,0.9480000138282776,25.489390828199863,1.7138945927446954,512.81,9.800000190734863,1097971.0,8.799999624490738,3.9000000953674316,0.0,0.0,0.901199996471405
4_0608,0.9863999962806702,26.45037645448323,2.674880219028063,369.08,9.800000190734863,1142965.0,8.799999624490738,3.9000000953674316,0.0,0.0,0.9480000138282776
4_0608,0.9514000058174134,27.38945927446954,3.6139630390143735,275.69,10.600000381469727,1440000.0,8.799999624490738,3.9000000953674316,0.0,0.0,0.9863999962806702
4_0608,0.9705999970436097,28.6652977412731,0.15331964407939766,308.05,10.899999618530273,1289582.0,8.799999624490738,3.9000000953674316,0.0,0.0,0.9514000058174134
4_0608,0.9883999943733215,30.469541409993155,1.9575633127994525,328.22,10.699999809265137,1057252.0,8.799999624490738,3.9000000953674316,0.0,0.0,0.9705999970436097
4_0608,1.0080000042915345,31.6249144421629,3.1129363449691994,250.43,9.899999618530273,1543629.0,8.799999624490738,3.9000000953674316,0.0,1.0,0.9883999943733215
4_0608,1.0868000030517577,32.498288843258045,3.9863107460643397,215.15,10.800000190734863,1932000.0,8.799999624490738,3.9000000953674316,0.0,1.0,1.0080000042915345
4_0608,1.3628000020980835,33.53319644079398,5.021218343600274,224.46,11.600000381469727,3461632.0,8.799999624490738,3.9000000953674316,0.0,1.0,1.0868000030517577
4_0608,1.4121999979019164,33.960301163586585,0.29568788501026694,224.46,11.600000381469727,3461632.0,8.799999624490738,3.9000000953674316,0.0,1.0,1.3628000020980835
4_0608,1.4880000114440919,34.43668720054757,0.7720739219712526,293.38,11.600000381469727,3521155.0,8.799999624490738,3.9000000953674316,0.0,1.0,1.4121999979019164
4_0608,1.7132000207901001,35.45790554414784,1.7932922655715264,148.97,11.699999809265137,931560.0,8.799999624490738,3.9000000953674316,0.0,1.0,1.4880000114440919
4_0608,1.8685999631881713,36.15605749486653,2.4914442162902124,148.97,11.699999809265137,931560.0,8.799999624490738,3.9000000953674316,1.0,1.0,1.7132000207901001
4_0659,1.0949999809265136,25.489390828199863,1.7138945927446954,512.81,9.800000190734863,1086716.0,4.5,2.700000047683716,0.0,0.0,1.0610000133514403
4_0659,1.1091999769210816,26.45037645448323,2.674880219028063,369.08,9.800000190734863,1131252.0,4.5,2.700000047683716,0.0,0.0,1.0949999809265136
4_0659,1.0785999774932862,27.38945927446954,3.6139630390143735,275.69,10.600000381469727,1440000.0,4.5,2.700000047683716,0.0,0.0,1.1091999769210816
4_0659,1.1119999885559082,28.6652977412731,0.15331964407939766,308.05,10.899999618530273,1276748.0,4.5,2.700000047683716,0.0,0.0,1.0785999774932862
4_0659,1.1315999984741212,30.469541409993155,1.9575633127994525,328.22,10.699999809265137,1045656.0,4.5,2.700000047683716,0.0,0.0,1.1119999885559082
4_0659,1.5539999961853028,31.6249144421629,0.6324435318275154,250.43,9.899999618530273,1527160.0,4.5,2.700000047683716,0.0,0.0,1.1315999984741212
4_0659,1.5797999858856202,32.498288843258045,1.5058179329226558,215.15,10.800000190734863,1636692.0,4.5,2.700000047683716,0.0,0.0,1.5539999961853028
4_0659,1.648199987411499,33.53319644079398,0.459958932238193,224.46,11.600000381469727,3426159.0,4.5,2.700000047683716,0.0,0.0,1.5797999858856202
4_0659,1.69520001411438,33.960301163586585,0.29568788501026694,224.46,11.600000381469727,3426159.0,4.5,2.700000047683716,0.0,0.0,1.648199987411499
4_0659,2.07979998588562,34.43668720054757,0.7720739219712526,293.38,11.600000381469727,3485082.0,4.5,2.700000047683716,1.0,1.0,1.69520001411438
4_0659,2.738800048828125,35.45790554414784,0.42984257357973993,148.97,11.699999809265137,910560.0,4.5,2.700000047683716,1.0,1.0,2.07979998588562
4_0659,2.6835999965667723,36.15605749486653,1.1279945242984257,148.97,11.699999809265137,910560.0,4.5,2.700000047683716,1.0,1.0,2.738800048828125
4_0661,0.775,25.489390828199863,1.7138945927446954,512.81,9.800000190734863,1081460.0,4.5,4.199999809265137,0.0,0.0,0.7148000001907349
4_0661,0.8526000022888184,26.45037645448323,2.674880219028063,369.08,9.800000190734863,1125784.0,4.5,4.199999809265137,0.0,0.0,0.775
4_0661,0.8230000019073487,27.38945927446954,3.6139630390143735,275.69,10.600000381469727,1440000.0,4.5,4.199999809265137,0.0,0.0,0.8526000022888184
4_0661,0.8843999981880188,28.6652977412731,0.15058179329226556,308.05,10.899999618530273,1271058.0,4.5,4.199999809265137,0.0,0.0,0.8230000019073487
4_0661,0.902999997138977,30.469541409993155,1.9548254620123204,328.22,10.699999809265137,1039794.0,4.5,4.199999809265137,0.0,0.0,0.8843999981880188
4_0661,1.0284000158309936,31.6249144421629,3.1101984941820673,250.43,9.899999618530273,1518911.0,4.5,4.199999809265137,0.0,0.0,0.902999997138977
4_0661,1.082200002670288,32.498288843258045,3.9835728952772076,215.15,10.800000190734863,1908000.0,4.5,4.199999809265137,0.0,0.0,1.0284000158309936
4_0661,1.097000002861023,33.53319644079398,5.018480492813142,224.46,11.600000381469727,3409605.0,4.5,4.199999809265137,1.0,1.0,1.082200002670288
4_0661,1.334599995613098,33.960301163586585,5.44558521560575,224.46,11.600000381469727,3409605.0,4.5,4.199999809265137,1.0,1.0,1.097000002861023
4_0661,1.3929999828338624,34.43668720054757,5.921971252566735,293.38,11.600000381469727,3468256.0,4.5,4.199999809265137,2.0,1.0,1.334599995613098
4_0661,1.5164000034332275,35.45790554414784,0.42984257357973993,148.97,11.699999809265137,1464617.0,4.5,4.199999809265137,2.0,3.0,1.3929999828338624
4_0661,1.4766000032424926,36.15605749486653,1.1279945242984257,148.97,11.699999809265137,1464617.0,4.5,4.199999809265137,4.0,4.0,1.5164000034332275
4_0662,0.8023999929428101,25.489390828199863,1.7138945927446954,512.81,9.800000190734863,1076055.0,4.5,3.9000000953674316,0.0,0.0,0.7700000047683716
4_0662,0.8435999989509583,26.45037645448323,2.674880219028063,369.08,9.800000190734863,1120159.0,4.5,3.9000000953674316,0.0,0.0,0.8023999929428101
4_0662,0.8871999979019165,27.38945927446954,3.6139630390143735,275.69,10.600000381469727,1440000.0,4.5,3.9000000953674316,0.0,0.0,0.8435999989509583
4_0662,0.9867999911308288,28.6652977412731,0.15058179329226556,308.05,10.899999618530273,1264926.0,4.5,3.9000000953674316,0.0,1.0,0.8871999979019165
4_0662,1.1872000217437744,30.469541409993155,1.9548254620123204,328.22,10.699999809265137,1034348.0,4.5,3.9000000953674316,0.0,1.0,0.9867999911308288
4_0662,2.0179999828338624,31.6249144421629,3.1101984941820673,250.43,9.899999618530273,1511038.0,4.5,3.9000000953674316,1.0,3.0,1.1872000217437744
4_0662,2.029800033569336,32.498288843258045,3.9835728952772076,215.15,10.800000190734863,1902000.0,4.5,3.9000000953674316,1.0,3.0,2.0179999828338624
4_0662,2.0796000003814696,33.53319644079398,5.018480492813142,224.46,11.600000381469727,3392567.0,4.5,3.9000000953674316,1.0,3.0,2.029800033569336
4_0662,2.4173999786376954,33.960301163586585,0.2108145106091718,224.46,11.600000381469727,3392567.0,4.5,3.9000000953674316,1.0,3.0,2.0796000003814696
4_0662,2.6785999298095704,34.43668720054757,0.6872005475701575,293.38,11.600000381469727,3450929.0,4.5,3.9000000953674316,2.0,5.0,2.4173999786376954
4_0662,2.014799952507019,35.45790554414784,0.7939767282683093,148.97,11.699999809265137,1453711.0,4.5,3.9000000953674316,0.0,0.0,2.6785999298095704
4_0662,2.0453999996185304,36.15605749486653,1.4921286789869952,148.97,11.699999809265137,1453711.0,4.5,3.9000000953674316,0.0,1.0,2.014799952507019
4_0664,0.7116000056266785,25.489390828199863,1.7138945927446954,512.81,9.800000190734863,1081369.0,6.0,2.700000047683716,0.0,0.0,0.6856000065803528
4_0664,0.7639999985694885,26.45037645448323,2.674880219028063,369.08,9.800000190734863,1125689.0,6.0,2.700000047683716,0.0,0.0,0.7116000056266785
4_0664,0.7570000052452087,27.38945927446954,3.6139630390143735,275.69,10.600000381469727,1440000.0,6.0,2.700000047683716,0.0,0.0,0.7639999985694885
4_0664,0.7366000056266785,28.6652977412731,4.889801505817933,308.05,10.899999618530273,1271018.0,6.0,2.700000047683716,0.0,0.0,0.7570000052452087
4_0664,0.7483999967575073,30.469541409993155,6.694045174537988,328.22,10.699999809265137,1039553.0,6.0,2.700000047683716,0.0,0.0,0.7366000056266785
4_0664,0.7450000047683716,31.6249144421629,7.8494182067077345,250.43,9.899999618530273,1518692.0,6.0,2.700000047683716,0.0,0.0,0.7483999967575073
4_0664,0.7708000063896179,32.498288843258045,8.722792607802875,215.15,10.800000190734863,1908000.0,6.0,2.700000047683716,0.0,0.0,0.7450000047683716
4_0664,0.7560000061988831,33.53319644079398,9.757700205338809,224.46,11.600000381469727,3409323.0,6.0,2.700000047683716,0.0,0.0,0.7708000063896179
4_0664,0.7560000061988831,33.960301163586585,10.184804928131417,224.46,11.600000381469727,3409323.0,6.0,2.700000047683716,0.0,0.0,0.7560000061988831
4_0664,0.7666000127792358,34.43668720054757,10.661190965092402,293.38,11.600000381469727,3467971.0,6.0,2.700000047683716,0.0,0.0,0.7560000061988831
4_0664,0.769599997997284,35.45790554414784,11.682409308692677,148.97,11.699999809265137,1461796.0,6.0,2.700000047683716,0.0,0.0,0.7666000127792358
4_0664,0.7507999897003174,36.15605749486653,12.380561259411362,148.97,11.699999809265137,1461796.0,6.0,2.700000047683716,0.0,0.0,0.769599997997284
4_0665,0.691599988937378,25.489390828199863,1.7138945927446954,512.81,9.800000190734863,1081369.0,6.0,2.700000047683716,0.0,0.0,0.6861999869346619
4_0665,0.7367999911308288,26.45037645448323,2.674880219028063,369.08,9.800000190734863,1125689.0,6.0,2.700000047683716,0.0,0.0,0.691599988937378
4_0665,0.7314000129699707,27.38945927446954,3.6139630390143735,275.69,10.600000381469727,1440000.0,6.0,2.700000047683716,0.0,0.0,0.7367999911308288
4_0665,0.7467999935150147,28.6652977412731,4.889801505817933,308.05,10.899999618530273,1271018.0,6.0,2.700000047683716,0.0,0.0,0.7314000129699707
4_0665,0.7508000016212464,30.469541409993155,6.694045174537988,328.22,10.699999809265137,1039553.0,6.0,2.700000047683716,0.0,0.0,0.7467999935150147
4_0665,0.7453999876976013,31.6249144421629,7.8494182067077345,250.43,9.899999618530273,1518692.0,6.0,2.700000047683716,0.0,0.0,0.7508000016212464
4_0665,0.7694000005722046,32.498288843258045,8.722792607802875,215.15,10.800000190734863,1908000.0,6.0,2.700000047683716,0.0,0.0,0.7453999876976013
4_0665,0.7776000142097473,33.53319644079398,9.757700205338809,224.46,11.600000381469727,3409323.0,6.0,2.700000047683716,0.0,0.0,0.7694000005722046
4_0665,0.7890000224113465,33.960301163586585,10.184804928131417,224.46,11.600000381469727,3409323.0,6.0,2.700000047683716,0.0,0.0,0.7776000142097473
4_0665,0.820799994468689,34.43668720054757,10.661190965092402,293.38,11.600000381469727,3467971.0,6.0,2.700000047683716,0.0,0.0,0.7890000224113465
4_0665,0.7806000113487244,35.45790554414784,11.682409308692677,148.97,11.699999809265137,1461796.0,6.0,2.700000047683716,0.0,0.0,0.820799994468689
4_0665,0.7752000093460083,36.15605749486653,12.380561259411362,148.97,11.699999809265137,1461796.0,6.0,2.700000047683716,0.0,0.0,0.7806000113487244
4_0666,0.645200002193451,25.489390828199863,1.7138945927446954,512.81,9.800000190734863,1081369.0,6.0,2.700000047683716,0.0,0.0,0.6266000032424927
4_0666,0.6680000066757202,26.45037645448323,2.674880219028063,369.08,9.800000190734863,1125689.0,6.0,2.700000047683716,0.0,0.0,0.645200002193451
4_0666,0.6579999923706055,27.38945927446954,3.6139630390143735,275.69,10.600000381469727,1440000.0,6.0,2.700000047683716,0.0,0.0,0.6680000066757202
4_0666,0.6812000036239624,28.6652977412731,4.889801505817933,308.05,10.899999618530273,1271018.0,6.0,2.700000047683716,0.0,0.0,0.6579999923706055
4_0666,0.7017999887466431,30.469541409993155,6.694045174537988,328.22,10.699999809265137,1039553.0,6.0,2.700000047683716,0.0,0.0,0.6812000036239624
4_0666,0.7049999952316284,31.6249144421629,7.8494182067077345,250.43,9.899999618530273,1518692.0,6.0,2.700000047683716,0.0,0.0,0.7017999887466431
4_0666,0.723800003528595,32.498288843258045,8.722792607802875,215.15,10.800000190734863,1908000.0,6.0,2.700000047683716,0.0,0.0,0.7049999952316284
4_0666,0.7514000058174133,33.53319644079398,9.757700205338809,224.46,11.600000381469727,3409323.0,6.0,2.700000047683716,0.0,0.0,0.723800003528595
4_0666,0.7656000018119812,33.960301163586585,10.184804928131417,224.46,11.600000381469727,3409323.0,6.0,2.700000047683716,0.0,0.0,0.7514000058174133
4_0666,0.7500000119209289,34.43668720054757,10.661190965092402,293.38,11.600000381469727,3467971.0,6.0,2.700000047683716,0.0,0.0,0.7656000018119812
4_0666,0.751200008392334,35.45790554414784,11.682409308692677,148.97,11.699999809265137,1461796.0,6.0,2.700000047683716,0.0,0.0,0.7500000119209289
4_0666,0.7357999801635742,36.15605749486653,12.380561259411362,148.97,11.699999809265137,1461796.0,6.0,2.700000047683716,0.0,0.0,0.751200008392334
4_0667,1.0675999879837037,25.489390828199863,1.7138945927446954,512.81,9.800000190734863,1081369.0,6.0,2.700000047683716,0.0,0.0,1.0489999771118164
4_0667,1.1088000059127807,26.45037645448323,2.674880219028063,369.08,9.800000190734863,1125689.0,6.0,2.700000047683716,0.0,0.0,1.0675999879837037
4_0667,1.0357999801635742,27.38945927446954,3.6139630390143735,275.69,10.600000381469727,1440000.0,6.0,2.700000047683716,0.0,0.0,1.1088000059127807
4_0667,1.0691999912261962,28.6652977412731,4.889801505817933,308.05,10.899999618530273,1271018.0,6.0,2.700000047683716,0.0,0.0,1.0357999801635742
4_0667,1.1239999771118163,30.469541409993155,6.694045174537988,328.22,10.699999809265137,1039553.0,6.0,2.700000047683716,0.0,0.0,1.0691999912261962
4_0667,1.103600025177002,31.6249144421629,7.8494182067077345,250.43,9.899999618530273,1518692.0,6.0,2.700000047683716,0.0,0.0,1.1239999771118163
4_0667,1.1259999990463256,32.498288843258045,8.722792607802875,215.15,10.800000190734863,1908000.0,6.0,2.700000047683716,0.0,0.0,1.103600025177002
4_0667,1.1411999702453612,33.53319644079398,9.757700205338809,224.46,11.600000381469727,3409323.0,6.0,2.700000047683716,0.0,0.0,1.1259999990463256
4_0667,1.1351999759674072,33.960301163586585,10.184804928131417,224.46,11.600000381469727,3409323.0,6.0,2.700000047683716,0.0,0.0,1.1411999702453612
4_0667,1.13439998626709,34.43668720054757,10.661190965092402,293.38,11.600000381469727,3467971.0,6.0,2.700000047683716,0.0,0.0,1.1351999759674072
4_0667,1.1319999933242797,35.45790554414784,11.682409308692677,148.97,11.699999809265137,1461796.0,6.0,2.700000047683716,0.0,0.0,1.13439998626709
4_0667,1.1221999883651734,36.15605749486653,12.380561259411362,148.97,11.699999809265137,1461796.0,6.0,2.700000047683716,0.0,0.0,1.1319999933242797
4_0668,0.6169999957084655,25.489390828199863,1.7138945927446954,512.81,9.800000190734863,1081369.0,6.0,2.700000047683716,0.0,0.0,0.605400002002716
4_0668,0.6575999975204467,26.45037645448323,2.674880219028063,369.08,9.800000190734863,1125689.0,6.0,2.700000047683716,0.0,0.0,0.6169999957084655
4_0668,0.6439999938011169,27.38945927446954,3.6139630390143735,275.69,10.600000381469727,1440000.0,6.0,2.700000047683716,0.0,0.0,0.6575999975204467
4_0668,0.6383999824523926,28.6652977412731,4.889801505817933,308.05,10.899999618530273,1271018.0,6.0,2.700000047683716,0.0,0.0,0.6439999938011169
4_0668,0.6779999971389771,30.469541409993155,6.694045174537988,328.22,10.699999809265137,1039553.0,6.0,2.700000047683716,0.0,0.0,0.6383999824523926
4_0668,0.623199999332428,31.6249144421629,7.8494182067077345,250.43,9.899999618530273,1518692.0,6.0,2.700000047683716,0.0,0.0,0.6779999971389771
4_0668,0.6167999982833863,32.498288843258045,8.722792607802875,215.15,10.800000190734863,1908000.0,6.0,2.700000047683716,0.0,0.0,0.623199999332428
4_0668,0.6335999965667725,33.53319644079398,9.757700205338809,224.46,11.600000381469727,3409323.0,6.0,2.700000047683716,0.0,0.0,0.6167999982833863
4_0668,0.651199996471405,33.960301163586585,10.184804928131417,224.46,11.600000381469727,3409323.0,6.0,2.700000047683716,0.0,0.0,0.6335999965667725
4_0668,0.6419999957084656,34.43668720054757,10.661190965092402,293.38,11.600000381469727,3467971.0,6.0,2.700000047683716,0.0,0.0,0.651199996471405
4_0668,0.6508000016212463,35.45790554414784,11.682409308692677,148.97,11.699999809265137,1461796.0,6.0,2.700000047683716,0.0,0.0,0.6419999957084656
4_0668,0.6855999946594238,36.15605749486653,12.380561259411362,148.97,11.699999809265137,1461796.0,6.0,2.700000047683716,0.0,0.0,0.6508000016212463
4_0669,0.8016000032424927,25.489390828199863,1.7138945927446954,512.81,9.800000190734863,1081369.0,6.0,2.700000047683716,0.0,0.0,0.7722000002861023
4_0669,0.8409999966621399,26.45037645448323,2.674880219028063,369.08,9.800000190734863,1125689.0,6.0,2.700000047683716,0.0,0.0,0.8016000032424927
4_0669,0.8302000045776368,27.38945927446954,3.6139630390143735,275.69,10.600000381469727,1440000.0,6.0,2.700000047683716,0.0,0.0,0.8409999966621399
4_0669,0.8388000011444092,28.6652977412731,4.889801505817933,308.05,10.899999618530273,1271018.0,6.0,2.700000047683716,0.0,0.0,0.8302000045776368
4_0669,0.8620000123977661,30.469541409993155,6.694045174537988,328.22,10.699999809265137,1039553.0,6.0,2.700000047683716,0.0,0.0,0.8388000011444092
4_0669,0.880400013923645,31.6249144421629,7.8494182067077345,250.43,9.899999618530273,1518692.0,6.0,2.700000047683716,0.0,0.0,0.8620000123977661
4_0669,0.8796000003814697,32.498288843258045,8.722792607802875,215.15,10.800000190734863,1908000.0,6.0,2.700000047683716,0.0,0.0,0.880400013923645
4_0669,0.8842000007629395,33.53319644079398,9.757700205338809,224.46,11.600000381469727,3409323.0,6.0,2.700000047683716,0.0,0.0,0.8796000003814697
4_0669,0.9095999956130981,33.960301163586585,10.184804928131417,224.46,11.600000381469727,3409323.0,6.0,2.700000047683716,0.0,0.0,0.8842000007629395
4_0669,0.8911999821662903,34.43668720054757,10.661190965092402,293.38,11.600000381469727,3467971.0,6.0,2.700000047683716,0.0,0.0,0.9095999956130981
4_0669,0.8962000012397766,35.45790554414784,11.682409308692677,148.97,11.699999809265137,1461796.0,6.0,2.700000047683716,0.0,0.0,0.8911999821662903
4_0669,0.8730000019073486,36.15605749486653,12.380561259411362,148.97,11.699999809265137,1461796.0,6.0,2.700000047683716,0.0,0.0,0.8962000012397766
4_0902,0.8137999892234802,3.479808350444901,4.227241615331964,228.2,18.399999618530273,237000.0,7.0,4.0,0.0,0.0,0.7789999961853027
4_0902,0.899399995803833,4.684462696783025,5.431895961670089,225.04,17.200000762939453,257000.0,7.0,4.0,32.0,21.0,0.8137999892234802
4_0902,0.839799988269806,5.341546885694729,6.0889801505817935,225.04,17.200000762939453,257000.0,7.0,4.0,32.0,21.0,0.899399995803833
4_0902,0.8674000024795532,6.294318959616701,7.041752224503765,130.0,18.399999618530273,258000.0,7.0,4.0,47.0,29.0,0.839799988269806
4_0902,0.8648000001907349,7.383983572895278,8.131416837782341,100.56,19.0,314000.0,7.0,4.0,47.0,29.0,0.8674000024795532
4_0902,1.001799988746643,8.555783709787816,9.30321697467488,53.65,19.0,482937.0,7.0,4.0,47.0,29.0,0.8648000001907349
4_0902,0.9682000041007995,10.60643394934976,1.8590006844626967,292.28,18.5,67637.0,7.5,4.0,68.0,33.0,1.001799988746643
4_0902,0.9596000075340271,12.65160848733744,3.9041752224503763,124.92,18.5,27962.0,7.5,4.0,1.0,4.0,0.9682000041007995
4_0903,1.1967999935150146,4.684462696783025,5.431895961670089,225.04,17.200000762939453,260000.0,6.599999904632568,4.0,54.0,33.0,1.1200000047683716
4_0903,1.1561999797821045,5.341546885694729,6.0889801505817935,225.04,17.200000762939453,260000.0,6.599999904632568,4.0,54.0,33.0,1.1967999935150146
4_0903,1.141000008583069,6.294318959616701,7.041752224503765,130.0,18.399999618530273,261000.0,6.599999904632568,4.0,54.0,33.0,1.1561999797821045
4_0903,1.1169999837875366,7.383983572895278,8.131416837782341,100.56,19.0,317000.0,6.599999904632568,4.0,54.0,33.0,1.141000008583069
4_0903,1.1511999845504761,8.555783709787816,9.30321697467488,53.65,19.0,577941.0,6.599999904632568,4.0,54.0,33.0,1.1169999837875366
4_0903,1.2401999711990357,10.603696098562628,11.351129363449692,292.28,18.5,67637.0,6.599999904632568,4.0,73.0,33.0,1.1511999845504761
4_0903,1.25,12.65160848733744,13.399041752224504,124.92,18.5,27962.0,6.599999904632568,4.0,73.0,33.0,1.2401999711990357
4_1002,0.5878000020980835,17.22381930184805,0.5749486652977412,315.27,13.300000190734863,1100000.0,10.400000005960464,0.0,0.0,0.0,2.6210000038146974
4_1002,0.6149999976158143,18.368240930869266,1.7193702943189597,338.06,12.199999809265137,1197000.0,10.400000005960464,0.0,0.0,0.0,0.5878000020980835
4_1002,0.6459999918937683,19.249828884325805,2.6009582477754964,172.86,13.399999618530273,1199372.0,10.400000005960464,0.0,0.0,0.0,0.6149999976158143
4_1003,0.5673999905586242,20.00273785078713,1.4154688569472964,135.44,22.200000762939453,981609.0,13.899999737739563,6.0,0.0,0.0,1.0965999841690064
4_1003,0.6489999890327454,21.911019849418206,3.323750855578371,168.4,22.0,1007477.0,13.899999737739563,6.0,0.0,0.0,0.5673999905586242
4_1003,0.6600000143051148,22.76249144421629,4.175222450376454,168.4,22.0,1007477.0,13.899999737739563,6.0,0.0,0.0,0.6489999890327454
4_1003,0.700600004196167,23.772758384668034,5.1854893908282,218.83,20.899999618530273,1071454.0,13.899999737739563,6.0,0.0,0.0,0.6600000143051148
4_1003,0.6839999914169311,24.692676249144423,6.105407255304586,84.01,22.0,1299000.0,13.899999737739563,6.0,0.0,0.0,0.700600004196167
4_1003,0.7148000001907349,26.694045174537987,8.106776180698152,183.89,22.299999237060547,1530000.0,13.899999737739563,6.0,0.0,0.0,0.6839999914169311
4_1003,0.7458000183105469,28.941820670773442,10.354551676933607,155.21,22.0,1428000.0,13.899999737739563,6.0,0.0,0.0,0.7148000001907349
4_1003,0.7615999937057495,36.77754962354552,18.190280629705683,85.95,21.799999237060547,2390213.0,13.899999737739563,6.0,0.0,0.0,0.7458000183105469
4_1003,0.7687999963760376,37.78507871321013,19.197809719370294,227.97,22.899999618530273,2549325.0,13.899999737739563,6.0,0.0,0.0,0.7615999937057495
4_1003,0.7386000156402588,38.94318959616701,1.103353867214237,214.29,23.200000762939453,2876492.0,13.899999737739563,6.0,0.0,0.0,0.7687999963760376
4_1003,0.7425999999046325,39.709787816563995,1.8699520876112252,214.29,23.200000762939453,2876492.0,13.899999737739563,6.0,0.0,0.0,0.7386000156402588
4_1003,0.8001999974250793,40.77481177275838,0.7748117727583846,166.47,22.799999237060547,2359456.0,13.899999737739563,6.0,0.0,0.0,0.7425999999046325
4_1003,0.8104000091552734,41.79603011635866,1.7960301163586585,131.72,23.299999237060547,2516456.0,13.899999737739563,6.0,0.0,0.0,0.8001999974250793
4_1003,0.8182000160217285,44.20807665982204,4.20807665982204,329.51,22.0,1199390.0,13.899999737739563,6.0,0.0,0.0,0.8104000091552734
4_1003,0.8311999917030335,45.894592744695416,5.894592744695414,205.09,23.200000762939453,1357800.0,13.899999737739563,6.0,0.0,0.0,0.8182000160217285
4_1006,0.8019999980926513,20.164271047227928,1.4154688569472964,155.34,22.399999618530273,319959.0,12.000000059604645,8.5,0.0,0.0,1.0794000148773193
4_1006,0.8348000049591064,22.075290896646134,3.326488706365503,146.29,22.5,343085.0,12.000000059604645,8.5,0.0,0.0,0.8019999980926513
4_1006,0.8381999850273132,22.924024640657084,4.175222450376454,146.29,22.5,343085.0,12.000000059604645,8.5,0.0,0.0,0.8348000049591064
4_1006,0.8587999939918518,23.93429158110883,5.1854893908282,216.26,21.200000762939453,354780.0,12.000000059604645,8.5,0.0,0.0,0.8381999850273132
4_1006,0.8860000014305115,24.854209445585216,6.105407255304586,77.05,22.399999618530273,366343.0,12.000000059604645,8.5,0.0,0.0,0.8587999939918518
4_1006,0.8569999933242798,26.855578370978783,8.106776180698152,238.55,22.799999237060547,389470.0,12.000000059604645,8.5,0.0,0.0,0.8860000014305115
4_1006,0.8584000110626221,29.089664613278575,10.340862422997947,170.05,22.399999618530273,425453.0,12.000000059604645,8.5,0.0,0.0,0.8569999933242798
4_1006,0.8868000030517578,32.06023271731691,13.311430527036277,158.36,22.700000762939453,459112.0,12.000000059604645,8.5,0.0,0.0,0.8584000110626221
4_1006,0.909000015258789,35.06639288158795,16.317590691307323,249.51,22.100000381469727,493933.0,12.000000059604645,8.5,0.0,0.0,0.8868000030517578
4_1006,0.9525999903678894,36.93908281998631,18.190280629705683,81.2,22.299999237060547,505496.0,12.000000059604645,8.5,0.0,0.0,0.909000015258789
4_1006,0.9601999998092652,37.946611909650926,19.197809719370294,148.03,23.299999237060547,518476.0,12.000000059604645,8.5,0.0,0.0,0.9525999903678894
4_1006,0.9818000078201294,39.1047227926078,1.103353867214237,222.8,23.5,540317.0,12.000000059604645,8.5,0.0,0.0,0.9601999998092652
4_1006,1.0126000046730042,39.87132101300479,1.8699520876112252,222.8,23.5,540317.0,12.000000059604645,8.5,0.0,0.0,0.9818000078201294
4_1006,1.0100000023841857,40.936344969199176,0.7748117727583846,227.68,23.200000762939453,551880.0,12.000000059604645,8.5,0.0,0.0,1.0126000046730042
4_1006,1.0335999965667724,41.95756331279945,1.7960301163586585,174.77,23.700000762939453,564987.0,12.000000059604645,8.5,0.0,0.0,1.0100000023841857
4_1006,1.0762000322341918,44.3668720054757,4.205338809034908,541.19,22.5,598264.0,12.000000059604645,8.5,0.0,1.0,1.0335999965667724
4_1006,1.1228000164031982,46.05612594113621,0.6406570841889117,223.01,23.5,621391.0,12.000000059604645,8.5,0.0,2.0,1.0762000322341918
4_1007,1.8234000205993652,13.806981519507186,2.0533880903490758,366.75,21.5,772992.0,6.600000001490116,10.800000190734863,1.0,1.0,1.3348000049591064
4_1007,1.8075999975204469,14.885694729637235,3.132101300479124,336.64,21.299999237060547,477946.0,6.600000001490116,10.800000190734863,1.0,1.0,1.8234000205993652
4_1007,1.252666672070821,16.922655715263517,0.1697467488021903,155.34,22.399999618530273,274848.75,10.800000190734863,10.800000190734863,0.0,0.0,1.8075999975204469
4_1007,0.8335999965667724,18.84188911704312,2.088980150581793,146.29,22.5,1078000.0,10.800000190734863,10.800000190734863,0.0,0.0,1.252666672070821
4_1007,0.8480000019073486,19.679671457905545,2.926762491444216,146.29,22.5,1078000.0,10.800000190734863,10.800000190734863,0.0,0.0,0.8335999965667724
4_1007,0.8771999955177308,20.684462696783026,3.9315537303216974,216.26,21.200000762939453,1098000.0,10.800000190734863,10.800000190734863,0.0,0.0,0.8480000019073486
4_1007,0.8620000004768371,21.609856262833677,4.856947296372348,77.05,22.399999618530273,1175271.0,10.800000190734863,10.800000190734863,0.0,1.0,0.8771999955177308
4_1007,1.0227999806404113,23.616700889801507,6.863791923340178,238.55,22.799999237060547,1448000.0,10.800000190734863,10.800000190734863,0.0,1.0,0.8620000004768371
4_1007,1.6790000200271606,25.859000684462696,0.6926762491444216,170.05,22.399999618530273,1180000.0,10.800000190734863,10.800000190734863,16.0,25.0,1.0227999806404113
4_1007,1.8385999917984008,26.70773442847365,1.541409993155373,170.05,22.399999618530273,1180000.0,10.800000190734863,10.800000190734863,16.0,25.0,1.6790000200271606
4_1015,0.4688000023365021,18.00958247775496,0.09308692676249145,297.52,18.299999237060547,141841.0,12.199999630451202,10.100000381469727,23.0,16.0,1.0950000047683717
4_1015,0.47639999985694886,18.874743326488705,0.9582477754962354,297.52,18.299999237060547,141841.0,12.199999630451202,10.100000381469727,23.0,16.0,0.4688000023365021
4_1015,0.5271999955177307,19.854893908281998,1.9383983572895278,326.34,17.200000762939453,153946.0,12.199999630451202,10.100000381469727,23.0,16.0,0.47639999985694886
4_1015,0.5399999976158142,20.774811772758383,2.858316221765914,160.78,18.5,209000.0,12.199999630451202,10.100000381469727,0.0,0.0,0.5271999955177307
4_1015,0.5871999979019165,22.784394250513348,4.867898699520876,439.37,18.200000762939453,223270.0,12.199999630451202,10.100000381469727,0.0,0.0,0.5399999976158142
4_1015,0.6166000008583069,23.761806981519506,5.845311430527036,192.42,18.600000381469727,244608.0,12.199999630451202,10.100000381469727,0.0,0.0,0.5871999979019165
4_1015,0.6839999914169311,25.856262833675565,7.939767282683094,232.93,18.0,291618.0,12.199999630451202,10.100000381469727,0.0,0.0,0.6166000008583069
4_1015,0.6944000005722046,27.134839151266256,9.218343600273785,326.66,18.5,391000.0,12.199999630451202,10.100000381469727,0.0,0.0,0.6839999914169311
4_1015,1.0229999780654908,32.84325804243669,14.926762491444217,238.24,18.299999237060547,534962.0,12.199999630451202,10.100000381469727,0.0,0.0,0.6944000005722046
4_1015,1.0789999961853027,33.856262833675565,15.939767282683095,373.36,18.799999237060547,585648.0,12.199999630451202,10.100000381469727,4.0,12.0,1.0229999780654908
4_1015,1.154200005531311,35.030800821355236,17.114305270362767,500.65,19.0,694321.0,12.199999630451202,10.100000381469727,4.0,12.0,1.0789999961853027
4_1015,1.1568000078201295,35.77275838466804,17.856262833675565,500.65,19.0,694321.0,12.199999630451202,10.100000381469727,4.0,12.0,1.154200005531311
4_1016,1.444000005722046,17.68104038329911,6.094455852156058,297.52,18.299999237060547,139959.0,10.0,6.699999809265137,1.0,3.0,0.953000009059906
4_1016,1.657200002670288,18.546201232032853,6.959616700889802,297.52,18.299999237060547,139959.0,10.0,6.699999809265137,1.0,3.0,1.444000005722046
4_1016,0.5697999954223633,19.526351813826146,0.6105407255304586,326.34,17.200000762939453,155084.66666666666,11.60000029206276,6.699999809265137,1.0,3.0,1.657200002670288
4_1016,0.7537999868392944,20.449007529089666,1.5331964407939767,160.78,18.5,165126.0,11.60000029206276,6.699999809265137,0.0,0.0,0.5697999954223633
4_1016,0.8430000066757202,22.455852156057496,3.540041067761807,439.37,18.200000762939453,191516.0,11.60000029206276,6.699999809265137,0.0,0.0,0.7537999868392944
4_1016,0.8639999985694885,23.433264887063654,4.517453798767967,192.42,18.600000381469727,206554.0,11.60000029206276,6.699999809265137,0.0,0.0,0.8430000066757202
4_1016,0.8959999918937683,25.52498288843258,6.609171800136893,232.93,18.0,196000.0,11.60000029206276,6.699999809265137,0.0,0.0,0.8639999985694885
4_1016,0.8465999960899353,26.806297056810404,7.8904859685147155,326.66,18.5,276575.0,11.60000029206276,6.699999809265137,0.0,0.0,0.8959999918937683
4_1016,1.029800009727478,32.51471594798083,13.598904859685147,238.24,18.299999237060547,399949.0,11.60000029206276,6.699999809265137,1.0,14.0,0.8465999960899353
4_1016,1.0642000198364259,33.52772073921971,14.611909650924025,373.36,18.799999237060547,432725.0,11.60000029206276,6.699999809265137,1.0,19.0,1.029800009727478
4_1016,1.1926000118255615,34.70225872689939,15.786447638603697,500.65,19.0,499393.0,11.60000029206276,6.699999809265137,1.0,19.0,1.0642000198364259
4_1016,1.2647999763488769,35.44421629021218,16.528405201916495,500.65,19.0,499393.0,11.60000029206276,6.699999809265137,1.0,19.0,1.1926000118255615
4_1016,1.308199977874756,36.5284052019165,17.61259411362081,466.49,18.600000381469727,538211.0,11.60000029206276,6.699999809265137,1.0,25.0,1.2647999763488769
4_1016,1.2930000305175782,37.541409993155376,18.625598904859686,368.76,19.399999618530273,580319.0,11.60000029206276,6.699999809265137,1.0,25.0,1.308199977874756
4_1016,1.5166000127792358,39.73716632443532,20.82135523613963,546.09,18.299999237060547,237250.0,11.60000029206276,6.699999809265137,2.0,28.0,1.2930000305175782
4_1016,1.5068000316619874,41.69472963723477,22.77891854893908,500.74,19.200000762939453,256230.0,11.60000029206276,6.699999809265137,3.0,31.0,1.5166000127792358
4_1017,1.348799991607666,18.2943189596167,5.87542778918549,413.37,19.200000762939453,82151.0,8.899999797344208,11.199999809265137,17.0,16.0,1.3288000106811524
4_1017,1.3282000064849853,20.514715947980836,8.095824777549623,198.72,19.399999618530273,70266.66666666667,8.899999797344208,11.199999809265137,18.0,14.0,1.348799991607666
4_1017,0.5871999979019165,21.377138945927445,0.5995893223819302,198.72,19.399999618530273,70266.66666666667,8.699999809265137,11.199999809265137,18.0,14.0,1.3282000064849853
4_1017,0.548199999332428,22.357289527720738,1.5797399041752225,282.78,18.200000762939453,190000.0,8.699999809265137,11.199999809265137,0.0,0.0,0.5871999979019165
4_1017,0.5660000085830689,23.279945242984258,2.5023956194387407,101.63,19.600000381469727,200582.0,8.699999809265137,11.199999809265137,0.0,0.0,0.548199999332428
4_1017,0.5614000082015991,25.286789869952088,4.509240246406571,380.79,19.5,136572.0,8.699999809265137,11.199999809265137,0.0,0.0,0.5660000085830689
4_1017,0.545199990272522,26.26694045174538,5.489390828199863,139.1,19.799999237060547,143569.0,8.699999809265137,11.199999809265137,0.0,0.0,0.5614000082015991
4_1017,0.5847999930381775,28.355920602327174,7.578370978781656,148.78,19.200000762939453,194000.0,8.699999809265137,11.199999809265137,0.0,0.0,0.545199990272522
4_1017,0.6122000098228455,29.639972621492127,8.862422997946611,219.31,19.5,221573.0,8.699999809265137,11.199999809265137,0.0,0.0,0.5847999930381775
4_1017,0.7603999972343445,33.45653661875428,12.678986995208762,283.4,19.0,284806.0,8.699999809265137,11.199999809265137,0.0,1.0,0.6122000098228455
4_1017,0.7913999915122986,35.34565366187543,14.568104038329912,156.4,19.5,299837.0,8.699999809265137,11.199999809265137,0.0,1.0,0.7603999972343445
4_1017,0.7977999925613404,36.3586584531143,0.5256673511293635,291.41,20.100000381469727,250992.0,8.699999809265137,11.199999809265137,0.0,1.0,0.7913999915122986
4_1017,0.8401999831199646,37.53319644079398,1.700205338809035,369.03,20.299999237060547,350371.0,8.699999809265137,11.199999809265137,0.0,1.0,0.7977999925613404
4_1017,0.8977999925613404,38.275154004106774,2.4421629021218343,369.03,20.299999237060547,350371.0,8.699999809265137,11.199999809265137,0.0,1.0,0.8401999831199646
4_1017,0.9809999942779541,39.35934291581109,3.5263518138261465,366.12,19.799999237060547,369030.0,8.699999809265137,11.199999809265137,1.0,2.0,0.8977999925613404
4_1017,1.0710000038146972,40.37234770704997,4.539356605065024,264.13,20.600000381469727,389530.0,8.699999809265137,11.199999809265137,1.0,2.0,0.9809999942779541
4_1018,1.0289999961853027,15.446954140999315,1.0294318959616702,441.31,18.600000381469727,125000.0,8.50000000745058,7.199999809265137,18.0,16.0,0.9636000156402588
4_1018,1.072000002861023,16.566735112936346,2.1492128678986995,288.61,18.700000762939453,115402.0,8.50000000745058,7.199999809265137,18.0,16.0,1.0289999961853027
4_1018,1.0656000137329102,20.514715947980836,6.09719370294319,198.72,19.399999618530273,156359.75,8.50000000745058,7.199999809265137,54.0,33.0,1.072000002861023
4_1018,0.5358000040054322,21.374401095140314,0.04106776180698152,198.72,19.399999618530273,156359.75,9.100000262260437,7.199999809265137,54.0,33.0,1.0656000137329102
4_1018,0.5344000101089478,22.357289527720738,1.0239561943874058,282.78,18.200000762939453,166560.0,9.100000262260437,7.199999809265137,0.0,0.0,0.5358000040054322
4_1018,0.5416000008583068,23.279945242984258,1.946611909650924,101.63,19.600000381469727,209000.0,9.100000262260437,7.199999809265137,0.0,0.0,0.5344000101089478
4_1018,0.5587999939918518,25.286789869952088,3.9534565366187544,380.79,19.5,194016.0,9.100000262260437,7.199999809265137,0.0,0.0,0.5416000008583068
4_1018,0.567199993133545,26.26694045174538,4.933607118412047,139.1,19.799999237060547,203261.0,9.100000262260437,7.199999809265137,0.0,1.0,0.5587999939918518
4_1018,0.5945999979972839,28.35318275154004,7.019849418206708,148.78,19.200000762939453,190000.0,9.100000262260437,7.199999809265137,1.0,2.0,0.567199993133545
4_1018,0.6185999870300293,29.639972621492127,8.306639288158795,219.31,19.5,247134.0,9.100000262260437,7.199999809265137,1.0,2.0,0.5945999979972839
4_1018,0.9320000052452088,35.34565366187543,14.012320328542094,156.4,19.5,316473.0,9.100000262260437,7.199999809265137,1.0,3.0,0.6185999870300293
4_1018,0.9498000025749207,36.36139630390144,0.5284052019164955,291.41,20.100000381469727,333496.0,9.100000262260437,7.199999809265137,8.0,19.0,0.9320000052452088
4_1018,0.9108000040054322,37.53319644079398,1.700205338809035,369.03,20.299999237060547,366913.0,9.100000262260437,7.199999809265137,8.0,19.0,0.9498000025749207
4_1018,0.9449999928474426,38.27789185489391,2.4449007529089664,369.03,20.299999237060547,366913.0,9.100000262260437,7.199999809265137,8.0,19.0,0.9108000040054322
4_1018,1.0509999990463257,39.35934291581109,3.5263518138261465,366.12,19.799999237060547,385020.0,9.100000262260437,7.199999809265137,13.0,20.0,0.9449999928474426
4_1018,1.1073999881744385,40.37234770704997,4.539356605065024,264.13,20.600000381469727,404946.0,9.100000262260437,7.199999809265137,13.0,20.0,1.0509999990463257
4_1021,1.2980000019073485,16.720054757015742,0.8870636550308009,326.79,17.0,556607.0,5.299999810755253,8.399999618530273,67.0,28.0,1.2607999563217163
4_1021,0.7527999877929688,18.64476386036961,0.13963039014373715,390.02,16.700000762939453,127725.6,9.79999977350235,8.399999618530273,11.0,4.0,1.2980000019073485
4_1021,0.780400013923645,19.79192334017796,1.2867898699520877,446.49,15.399999618530273,697369.0,9.79999977350235,8.399999618530273,0.0,0.0,0.7527999877929688
4_1021,0.7948000073432923,20.670773442847366,2.1656399726214923,177.5,16.799999237060547,467000.0,9.79999977350235,8.399999618530273,0.0,0.0,0.780400013923645
4_1021,0.8431999921798706,21.7056810403833,3.2005475701574264,175.7,17.299999237060547,484000.0,9.79999977350235,8.399999618530273,0.0,0.0,0.7948000073432923
4_1021,0.8343999981880188,23.638603696098563,5.13347022587269,87.43,17.200000762939453,552000.0,9.79999977350235,8.399999618530273,0.0,0.0,0.8431999921798706
4_1021,0.8574000000953674,25.697467488021903,7.19233401779603,431.0,16.700000762939453,851184.0,9.79999977350235,8.399999618530273,0.0,0.0,0.8343999981880188
4_1021,1.2955999851226807,33.412731006160165,3.9069130732375084,230.4,16.200000762939453,944700.0,10.099999785423279,8.399999618530273,0.0,0.0,0.8574000000953674
4_1021,1.2697999715805053,34.43394934976044,4.9281314168377826,254.68,17.5,974841.0,10.099999785423279,8.399999618530273,0.0,0.0,1.2955999851226807
4_1021,1.334000015258789,35.63860369609856,6.132785763175907,332.08,17.600000381469727,1027174.0,10.099999785423279,8.399999618530273,0.0,0.0,1.2697999715805053
4_1021,1.3027999877929688,36.35044490075291,6.844626967830253,332.08,17.600000381469727,1027174.0,10.099999785423279,8.399999618530273,2.0,4.0,1.334000015258789
4_1021,1.3630000114440919,37.42368240930869,7.917864476386037,296.82,17.299999237060547,1054651.0,10.099999785423279,8.399999618530273,2.0,4.0,1.3027999877929688
4_1022,0.6682000041007996,14.395619438740589,1.1444216290212184,448.32,16.100000381469727,467078.0,8.300000101327896,6.099999904632568,0.0,0.0,0.6568000078201294
4_1022,0.745800006389618,15.359342915811089,2.108145106091718,580.86,15.600000381469727,513763.0,8.300000101327896,6.099999904632568,0.0,0.0,0.6682000041007996
4_1022,0.734333316485087,17.470225872689937,4.219028062970568,326.79,17.0,513763.0,8.300000101327896,6.099999904632568,0.0,0.0,0.745800006389618
4_1022,0.5018000066280365,19.392197125256672,1.1170431211498972,390.02,16.700000762939453,585591.0,8.500000059604645,6.099999904632568,0.0,0.0,0.734333316485087
4_1022,0.5307999968528747,20.539356605065024,2.2642026009582477,446.49,15.399999618530273,607192.0,8.500000059604645,6.099999904632568,0.0,0.0,0.5018000066280365
4_1022,0.5388000011444092,21.418206707734427,3.143052703627652,177.5,16.799999237060547,635326.0,8.500000059604645,6.099999904632568,0.0,0.0,0.5307999968528747
4_1022,0.5425999879837036,22.45311430527036,4.177960301163586,175.7,17.299999237060547,666270.0,8.500000059604645,6.099999904632568,0.0,0.0,0.5388000011444092
4_1022,0.554800009727478,24.386036960985628,6.11088295687885,87.43,17.200000762939453,720313.0,8.500000059604645,6.099999904632568,0.0,0.0,0.5425999879837036
4_1022,0.571999990940094,26.444900752908968,8.16974674880219,431.0,16.700000762939453,779141.0,8.500000059604645,6.099999904632568,0.0,0.0,0.554800009727478
4_1022,0.7578000068664551,32.27926078028747,14.004106776180699,514.97,16.299999237060547,946230.0,8.500000059604645,6.099999904632568,1.0,1.0,0.571999990940094
4_1022,1.004800021648407,34.16290212183436,15.887748117727584,230.4,16.200000762939453,974371.0,8.500000059604645,6.099999904632568,2.0,3.0,0.7578000068664551
4_1022,1.2335999965667725,35.181382614647504,16.906228610540726,254.68,17.5,1005556.0,8.500000059604645,6.099999904632568,8.0,17.0,1.004800021648407
4_1022,1.50239999294281,36.38603696098563,18.11088295687885,332.08,17.600000381469727,1059066.0,8.500000059604645,6.099999904632568,8.0,17.0,1.2335999965667725
4_1022,1.2454000234603881,37.097878165639976,18.822724161533195,332.08,17.600000381469727,1059066.0,8.500000059604645,6.099999904632568,21.0,21.0,1.50239999294281
4_1022,1.3276000022888184,38.171115674195754,0.15605749486652978,296.82,17.299999237060547,1088149.0,8.5,6.099999904632568,21.0,21.0,1.2454000234603881
4_1024,1.0275999784469605,18.833675564681723,1.834360027378508,226.19,13.699999809265137,692582.25,10.800000369548798,6.300000190734863,0.0,4.0,0.9646000027656555
4_1024,1.0640000104904175,19.104722792607802,2.105407255304586,226.19,13.699999809265137,692582.25,10.800000369548798,6.300000190734863,2.0,4.0,1.0275999784469605
4_1024,1.085599994659424,19.641341546885695,2.642026009582478,400.6,13.100000381469727,751526.3333333334,10.800000369548798,6.300000190734863,3.0,5.0,1.0640000104904175
4_1024,1.0913999795913696,20.539356605065024,0.5229295003422314,390.53,11.899999618530273,811842.4285714285,10.800000369548798,6.300000190734863,3.0,5.0,1.085599994659424
4_1024,1.154800009727478,20.78576317590691,0.19164955509924708,390.53,11.899999618530273,811842.4285714285,10.900000371038914,6.300000190734863,0.0,5.0,1.0913999795913696
4_1024,1.184600019454956,21.018480492813143,0.4243668720054757,390.53,11.899999618530273,811842.4285714285,10.900000371038914,6.300000190734863,15.0,17.0,1.154800009727478
4_1024,1.2651999711990356,21.251197809719372,0.6570841889117043,390.53,11.899999618530273,811842.4285714285,10.900000371038914,6.300000190734863,15.0,17.0,1.184600019454956
4_1024,1.4486000061035156,21.66461327857632,1.0704996577686516,204.45,13.100000381469727,759528.375,10.900000371038914,6.300000190734863,15.0,18.0,1.2651999711990356
4_1024,0.46760000586509703,22.699520876112253,0.9500342231348392,214.06,13.699999809265137,347023.0,10.99999988079071,6.300000190734863,0.0,0.0,1.4486000061035156
4_1024,0.5357999920845031,24.62422997946612,2.8747433264887063,153.18,13.800000190734863,316725.0,10.99999988079071,6.300000190734863,0.0,0.0,0.46760000586509703
4_1024,0.601800000667572,26.694045174537987,4.944558521560575,339.45,13.199999809265137,336793.0,10.99999988079071,6.300000190734863,0.0,0.0,0.5357999920845031
4_1024,0.6336000084877014,29.544147843942504,7.794661190965092,289.0,13.600000381469727,364595.0,10.99999988079071,6.300000190734863,1.0,3.0,0.601800000667572
4_1024,0.753600001335144,32.5201916495551,10.770704996577686,467.44,12.800000190734863,393317.0,10.99999988079071,6.300000190734863,3.0,6.0,0.6336000084877014
4_1024,0.7682000041007996,34.42573579739904,12.676249144421629,238.74,12.600000381469727,402891.0,10.99999988079071,6.300000190734863,3.0,6.0,0.753600001335144
4_1024,0.7748000025749207,35.43326488706366,13.683778234086242,243.74,13.899999618530273,413595.0,10.99999988079071,6.300000190734863,2.0,7.0,0.7682000041007996
4_1024,0.7823999881744385,36.63518138261465,14.885694729637235,342.78,14.0,431613.0,10.99999988079071,6.300000190734863,2.0,7.0,0.7748000025749207
4_1024,0.8177999973297119,37.347022587268995,15.597535934291582,342.78,14.0,431613.0,10.99999988079071,6.300000190734863,2.0,7.0,0.7823999881744385
4_1024,0.8679999828338623,38.42026009582478,16.670773442847366,350.41,13.699999809265137,441186.0,10.99999988079071,6.300000190734863,3.0,8.0,0.8177999973297119
4_1024,0.8730000019073486,38.95687885010267,17.207392197125255,449.4,13.800000190734863,451995.0,10.99999988079071,6.300000190734863,3.0,8.0,0.8679999828338623
4_1024,1.0618000268936156,41.659137577002056,19.90965092402464,573.32,12.800000190734863,479482.0,10.99999988079071,6.300000190734863,4.0,11.0,0.8730000019073486
4_1024,1.1100000143051147,43.61670088980151,21.867214236824093,494.63,14.300000190734863,498630.0,10.99999988079071,6.300000190734863,5.0,11.0,1.0618000268936156
4_1025,1.1061999797821045,17.856262833675565,5.604380561259411,226.19,13.699999809265137,1173367.0,7.600000202655792,4.900000095367432,2.0,1.0,1.006599986553192
4_1025,1.157200026512146,18.390143737166323,0.46269678302532513,400.6,13.100000381469727,1100000.0,7.700000204145908,4.900000095367432,2.0,1.0,1.1061999797821045
4_1025,1.1546000003814698,19.534565366187543,1.6071184120465434,390.53,11.899999618530273,1200000.0,7.700000204145908,4.900000095367432,2.0,1.0,1.157200026512146
4_1025,1.2656000137329102,20.418891170431213,2.4914442162902124,204.45,13.100000381469727,1313879.2,7.700000204145908,4.900000095367432,0.0,0.0,1.1546000003814698
4_1025,0.5906000018119812,21.453798767967147,0.7885010266940452,214.06,13.699999809265137,671000.0,8.300000071525574,4.900000095367432,0.0,0.0,1.2656000137329102
4_1025,0.7275999903678894,23.38672142368241,2.7214236824093088,153.18,13.800000190734863,2348268.0,8.300000071525574,4.900000095367432,0.0,0.0,0.5906000018119812
4_1025,0.815399992465973,25.44284736481862,4.777549623545517,339.45,13.199999809265137,1598110.0,8.300000071525574,4.900000095367432,0.0,0.0,0.7275999903678894
4_1025,0.8904000043869018,28.295687885010267,7.630390143737166,289.0,13.600000381469727,1705835.0,8.300000071525574,4.900000095367432,0.0,0.0,0.815399992465973
4_1025,1.3392000198364258,33.17453798767967,0.5092402464065708,238.74,12.600000381469727,2359703.0,8.300000071525574,4.900000095367432,0.0,0.0,0.8904000043869018
4_1025,1.4829999923706054,34.182067077344286,1.516769336071184,243.74,13.899999618530273,2502057.0,8.300000071525574,4.900000095367432,0.0,0.0,1.3392000198364258
4_1025,2.09520001411438,35.383983572895275,2.7186858316221767,342.78,14.0,2787698.0,8.300000071525574,4.900000095367432,0.0,0.0,1.4829999923706054
4_1025,2.050399994850159,36.09582477754962,3.430527036276523,342.78,14.0,2787698.0,8.300000071525574,4.900000095367432,2.0,1.0,2.09520001411438
4_1025,2.1145999908447264,37.16906228610541,4.503764544832307,350.41,13.699999809265137,2948758.0,8.300000071525574,4.900000095367432,2.0,1.0,2.050399994850159
4_1025,3.1802000522613527,37.7056810403833,0.038329911019849415,449.4,13.800000190734863,3125102.0,8.300000071525574,4.900000095367432,2.0,1.0,2.1145999908447264
4_1034,1.3385999917984008,21.73305954825462,0.8158795345653662,205.71,22.399999618530273,28580.0,4.099999979138374,11.100000381469727,46.0,26.0,1.467799997329712
4_1034,1.4593999862670899,22.507871321013006,1.5906913073237507,205.71,22.399999618530273,28580.0,4.099999979138374,11.100000381469727,46.0,26.0,1.3385999917984008
4_1034,1.8142000198364259,23.509924709103355,0.8350444900752909,151.81,21.200000762939453,97750.0,4.099999979138374,11.100000381469727,27.0,29.0,1.4593999862670899
4_1034,1.689800000190735,24.438056125941138,1.7631759069130732,67.42,22.399999618530273,115800.0,4.099999979138374,11.100000381469727,27.0,29.0,1.8142000198364259
4_1034,0.7456000089645386,26.43668720054757,0.3531827515400411,128.84,23.0,41954.8,4.999999955296516,11.100000381469727,35.0,32.0,1.689800000190735
4_1034,0.7432000041007996,26.704996577686515,0.621492128678987,18.52,22.799999237060547,40858.0,4.999999955296516,11.100000381469727,0.0,0.0,0.7456000089645386
4_1034,0.7640000104904174,28.810403832991103,2.726899383983573,184.81,22.399999618530273,238178.0,4.999999955296516,11.100000381469727,0.0,0.0,0.7432000041007996
4_1036,1.9621999740600586,11.745379876796715,1.4483230663928817,170.69,18.5,200000.0,4.799999982118607,18.600000381469727,87.0,32.0,1.9303999662399292
4_1036,1.88439998626709,13.645448323066393,3.34839151266256,228.2,18.399999618530273,236000.0,4.799999982118607,18.600000381469727,50.0,31.0,1.9621999740600586
4_1036,1.7338000297546388,14.850102669404517,4.553045859000685,225.04,17.200000762939453,64989.0,4.799999982118607,18.600000381469727,53.0,32.0,1.88439998626709
4_1037,2.415399980545044,11.482546201232033,3.564681724845996,225.38,19.799999237060547,78953.0,3.0999999344348907,16.100000381469727,38.0,23.0,2.51540002822876
4_1037,2.466999959945679,12.70362765229295,4.785763175906913,244.13,18.5,91619.0,3.0999999344348907,16.100000381469727,38.0,23.0,2.415399980545044
4_1037,2.2779999732971192,13.579739904175222,5.661875427789186,105.15,19.899999618530273,420641.0,3.0999999344348907,16.100000381469727,27.0,22.0,2.466999959945679
4_1037,2.247399997711182,14.622861054072553,6.704996577686516,90.69,20.299999237060547,123500.0,3.0999999344348907,16.100000381469727,14.0,10.0,2.2779999732971192
4_1062,0.8805999994277954,19.392197125256672,4.39151266255989,476.78,14.199999809265137,629000.0,6.0,11.199999809265137,0.0,0.0,0.800600004196167
4_1062,0.8473999977111817,20.53388090349076,5.533196440793977,520.06,13.0,708633.0,6.0,11.199999809265137,0.0,0.0,0.8805999994277954
4_1062,0.9474000096321106,21.418206707734427,6.417522245037645,218.8,14.199999809265137,740140.0,6.0,11.199999809265137,0.0,0.0,0.8473999977111817
4_1062,0.3304000020027161,22.45311430527036,0.5366187542778919,268.95,14.800000190734863,772864.0,5.199999928474426,11.199999809265137,0.0,0.0,0.9474000096321106
4_1062,0.31959999799728395,24.386036960985628,2.4695414099931554,176.77,14.899999618530273,834186.0,5.199999928474426,11.199999809265137,0.0,0.0,0.3304000020027161
4_1062,0.34739999771118163,26.444900752908968,4.528405201916495,470.62,14.300000190734863,899672.0,5.199999928474426,11.199999809265137,0.0,0.0,0.31959999799728395
4_1062,0.41479999423027036,29.297741273100616,7.381245722108145,328.52,14.699999809265137,993121.0,5.199999928474426,11.199999809265137,3.0,7.0,0.34739999771118163
4_1062,0.6235999941825867,32.27926078028747,10.362765229295004,655.3,13.899999618530273,1087762.0,5.199999928474426,11.199999809265137,4.0,11.0,0.41479999423027036
4_1062,0.9876000046730041,34.16290212183436,12.24640657084189,285.04,13.899999618530273,1118269.0,5.199999928474426,11.199999809265137,4.0,11.0,0.6235999941825867
4_1062,1.2026000022888184,35.181382614647504,0.5147159479808351,287.59,15.0,1153551.0,5.199999928474426,11.199999809265137,5.0,18.0,0.9876000046730041
4_1062,1.6941999912261962,36.38329911019849,1.7166324435318274,359.11,15.100000381469727,1213428.0,5.199999928474426,11.199999809265137,5.0,18.0,1.2026000022888184
4_1062,1.8539999961853026,37.09514031485284,2.428473648186174,359.11,15.100000381469727,1213428.0,5.199999928474426,11.199999809265137,9.0,22.0,1.6941999912261962
4_1062,0.4072000026702881,38.171115674195754,0.15605749486652978,408.42,14.699999809265137,1243380.857142857,5.80000002682209,11.199999809265137,9.0,22.0,1.8539999961853026
4_1062,0.41119999885559083,39.200547570157426,1.1854893908281998,562.52,15.0,1268933.0,5.80000002682209,11.199999809265137,0.0,0.0,0.4072000026702881
4_1065,0.9386000037193298,15.36208076659822,0.3613963039014374,648.94,13.199999809265137,596000.0,6.6000001430511475,13.699999809265137,0.0,0.0,1.075599980354309
4_1065,0.9839999914169312,17.571526351813826,2.5708418891170433,348.79,14.399999618530273,536061.0,6.6000001430511475,13.699999809265137,0.0,0.0,0.9386000037193298
4_1065,1.0344000101089477,19.38945927446954,4.388774811772758,476.78,14.199999809265137,593924.0,6.6000001430511475,13.699999809265137,0.0,0.0,0.9839999914169312
4_1065,1.1325999975204468,20.53388090349076,5.533196440793977,520.06,13.0,621920.0,6.6000001430511475,13.699999809265137,0.0,0.0,1.0344000101089477
4_1065,1.1494000196456908,21.412731006160165,6.412046543463381,218.8,14.199999809265137,650569.0,6.6000001430511475,13.699999809265137,0.0,0.0,1.1325999975204468
4_1065,0.3388000071048737,22.4476386036961,0.5311430527036276,268.95,14.800000190734863,681441.0,6.100000083446503,13.699999809265137,0.0,0.0,1.1494000196456908
4_1065,0.33640000224113464,24.372347707049965,2.455852156057495,176.77,14.899999618530273,737406.0,6.100000083446503,13.699999809265137,0.0,0.0,0.3388000071048737
4_1065,0.3319999992847443,26.442162902121833,4.525667351129363,470.62,14.300000190734863,797283.0,6.100000083446503,13.699999809265137,0.0,0.0,0.33640000224113464
4_1065,0.3706000030040741,29.295003422313485,7.378507871321013,328.52,14.699999809265137,881588.0,6.100000083446503,13.699999809265137,0.0,0.0,0.3319999992847443
4_1065,0.39740000367164613,32.26830937713895,10.351813826146476,655.3,13.899999618530273,967465.0,6.100000083446503,13.699999809265137,0.0,1.0,0.3706000030040741
4_1065,0.4593999981880188,34.16290212183436,12.24640657084189,285.04,13.899999618530273,995720.0,6.100000083446503,13.699999809265137,1.0,2.0,0.39740000367164613
4_1065,0.5083999991416931,35.181382614647504,13.264887063655031,287.59,15.0,1027783.0,6.100000083446503,13.699999809265137,1.0,3.0,0.4593999981880188
4_1065,0.5748000144958496,36.38329911019849,14.466803559206022,359.11,15.100000381469727,1082105.0,6.100000083446503,13.699999809265137,1.0,3.0,0.5083999991416931
4_1065,0.6318000078201294,37.09514031485284,15.178644763860369,359.11,15.100000381469727,1082105.0,6.100000083446503,13.699999809265137,1.0,3.0,0.5748000144958496
4_1065,0.7703999876976013,38.168377823408626,16.251882272416154,408.42,14.699999809265137,1110983.0,6.100000083446503,13.699999809265137,3.0,10.0,0.6318000078201294
4_1065,1.2015999794006347,39.200547570157426,17.284052019164957,562.52,15.0,1142432.0,6.100000083446503,13.699999809265137,5.0,15.0,0.7703999876976013
4_1065,1.8486000061035157,41.4072553045859,19.49075975359343,701.33,13.899999618530273,1225952.0,6.100000083446503,13.699999809265137,7.0,21.0,1.2015999794006347
4_6053,1.604200005531311,29.09240246406571,7.091033538672143,276.36,17.399999618530273,759750.0,7.999999858438969,11.399999618530273,0.0,0.0,1.3925999879837037
4_6054,0.9871999859809876,25.95208761122519,3.9534565366187544,413.37,19.200000762939453,100000.0,9.099999964237213,31.399999618530273,1.0,8.0,0.9304000020027161
4_6054,1.0699999809265137,28.095824777549623,6.09719370294319,198.72,19.399999618530273,150694.0,9.099999964237213,31.399999618530273,1.0,8.0,0.9871999859809876
4_6054,1.1965999841690063,28.955509924709105,6.95687885010267,198.72,19.399999618530273,150694.0,9.099999964237213,31.399999618530273,1.0,8.0,1.0699999809265137
4_6054,1.242799997329712,29.935660506502394,7.9370294318959616,282.78,18.200000762939453,164181.0,9.099999964237213,31.399999618530273,20.0,13.0,1.1965999841690063
4_6054,1.3163999795913697,30.86652977412731,8.867898699520875,101.63,19.600000381469727,149201.0,9.099999964237213,31.399999618530273,20.0,13.0,1.242799997329712
4_6055,0.7592000007629395,22.075290896646134,4.276522929500342,108.74,22.100000381469727,275221.0,4.299999929964542,11.800000190734863,10.0,20.0,0.6887999892234802
4_6055,0.7799999952316284,22.934976043805612,5.136208076659822,108.74,22.100000381469727,275221.0,4.299999929964542,11.800000190734863,72.0,31.0,0.7592000007629395
4_6055,0.7646000027656555,23.93702943189596,6.138261464750171,186.56,20.899999618530273,293274.0,4.299999929964542,11.800000190734863,72.0,31.0,0.7799999952316284
4_6055,0.4590000033378601,24.854209445585216,0.5256673511293635,74.26,22.100000381469727,295250.6666666667,6.099999904632568,11.800000190734863,51.0,31.0,0.7646000027656555
4_6055,0.6414000034332276,29.10335386721424,4.774811772758385,133.25,22.100000381469727,312033.0,6.099999904632568,11.800000190734863,51.0,31.0,0.4590000033378601
4_6060,0.7110000133514405,30.094455852156056,4.093086926762491,297.52,18.299999237060547,141000.0,8.299999929964542,10.0,0.0,6.0,0.729800009727478
4_6060,0.8449999928474426,30.9596167008898,4.958247775496235,297.52,18.299999237060547,141000.0,8.299999929964542,10.0,0.0,6.0,0.7110000133514405
4_6060,0.5022000074386597,31.939767282683093,0.19164955509924708,326.34,17.200000762939453,180050.0,8.099999696016312,10.0,0.0,6.0,0.8449999928474426
4_6060,0.5059999942779541,32.85968514715948,1.111567419575633,160.78,18.5,243856.0,8.099999696016312,10.0,0.0,0.0,0.5022000074386597
4_6060,0.6909999847412109,37.94113620807666,6.193018480492813,232.93,18.0,178000.0,8.099999696016312,10.0,6.0,15.0,0.5059999942779541
4_6060,0.8689999938011169,39.62217659137577,7.874058863791923,326.66,18.5,250000.0,8.099999696016312,10.0,6.0,15.0,0.6909999847412109
4_A310,0.929200005531311,11.745379876796715,4.514715947980835,170.69,18.5,200000.0,5.900000244379044,18.600000381469727,63.0,25.0,0.7960000038146973
4_A310,1.1832000255584716,13.645448323066393,6.414784394250513,228.2,18.399999618530273,227000.0,5.900000244379044,18.600000381469727,72.0,31.0,0.929200005531311
4_A310,1.5853999853134155,14.850102669404517,7.619438740588638,225.04,17.200000762939453,61819.0,5.900000244379044,18.600000381469727,100.0,32.0,1.1832000255584716
4_A320,0.792799997329712,11.745379876796715,4.514715947980835,170.69,18.5,200000.0,4.1999999061226845,18.600000381469727,77.0,33.0,0.7437999963760376
4_A320,0.8510000109672546,13.645448323066393,6.414784394250513,228.2,18.399999618530273,237000.0,4.1999999061226845,18.600000381469727,51.0,31.0,0.792799997329712
4_A320,0.9751999855041504,14.850102669404517,7.619438740588638,225.04,17.200000762939453,64989.0,4.1999999061226845,18.600000381469727,91.0,32.0,0.8510000109672546
4_A330,1.2431999921798706,11.745379876796715,4.514715947980835,170.69,18.5,200000.0,4.100000023841858,18.600000381469727,70.0,29.0,1.1047999620437623
4_A330,1.5729999780654906,13.645448323066393,6.414784394250513,228.2,18.399999618530273,78540.0,4.100000023841858,18.600000381469727,77.0,29.0,1.2431999921798706
4_A350,2.0971999645233153,13.645448323066393,6.414784394250513,228.2,18.399999618530273,236000.0,4.400000050663948,18.600000381469727,72.0,31.0,1.194000005722046
4_A350,1.8460000276565551,14.850102669404517,7.619438740588638,225.04,17.200000762939453,64989.0,4.400000050663948,18.600000381469727,74.0,32.0,2.0971999645233153
4_A901,0.6388000249862671,3.479808350444901,4.060232717316906,228.2,18.399999618530273,238000.0,6.900000095367432,4.0,0.0,0.0,0.5879999995231628
4_A901,0.6453999996185302,4.684462696783025,5.2648870636550305,225.04,17.200000762939453,258000.0,6.900000095367432,4.0,0.0,0.0,0.6388000249862671
4_A901,0.65,5.341546885694729,5.921971252566735,225.04,17.200000762939453,258000.0,6.900000095367432,4.0,0.0,0.0,0.6453999996185302
4_A901,0.6714000105857849,6.294318959616701,6.874743326488707,130.0,18.399999618530273,259000.0,6.900000095367432,4.0,0.0,0.0,0.65
4_A901,0.6656000018119812,7.383983572895278,7.964407939767283,100.56,19.0,315000.0,6.900000095367432,4.0,0.0,0.0,0.6714000105857849
4_A901,0.7034000039100647,8.555783709787816,9.136208076659821,53.65,19.0,577941.0,6.900000095367432,4.0,0.0,0.0,0.6656000018119812
4_A901,0.7098000049591064,10.60643394934976,11.186858316221766,292.28,18.5,67637.0,6.900000095367432,4.0,0.0,1.0,0.7034000039100647
4_A901,0.8033999800682068,12.65160848733744,13.232032854209445,124.92,18.5,27962.0,6.900000095367432,4.0,0.0,1.0,0.7098000049591064
4_A902,1.1857999801635741,3.479808350444901,4.227241615331964,228.2,18.399999618530273,241000.0,6.5,4.0,0.0,0.0,1.1825999736785888
4_A902,1.2988000154495238,4.684462696783025,5.431895961670089,225.04,17.200000762939453,261000.0,6.5,4.0,41.0,25.0,1.1857999801635741
4_A902,1.217799997329712,5.341546885694729,6.0889801505817935,225.04,17.200000762939453,261000.0,6.5,4.0,41.0,25.0,1.2988000154495238
4_A902,1.2579999923706056,6.294318959616701,7.041752224503765,130.0,18.399999618530273,263000.0,6.5,4.0,42.0,26.0,1.217799997329712
4_A902,1.268999981880188,7.383983572895278,8.131416837782341,100.56,19.0,318000.0,6.5,4.0,42.0,26.0,1.2579999923706056
4_A902,1.3315999984741211,8.555783709787816,0.8076659822039699,53.65,19.0,520731.0,6.5,4.0,42.0,26.0,1.268999981880188
4_A902,1.1182000160217285,10.60643394934976,1.8590006844626967,292.28,18.5,68442.0,7.0,4.0,45.0,28.0,1.3315999984741211
4_A902,1.123199987411499,12.65160848733744,3.9041752224503763,124.92,18.5,28295.0,7.0,4.0,0.0,4.0,1.1182000160217285
4_A903,1.2516000032424928,4.684462696783025,5.431895961670089,225.04,17.200000762939453,259000.0,6.699999809265137,4.0,37.0,24.0,1.0861999988555908
4_A903,1.346399998664856,5.341546885694729,6.0889801505817935,225.04,17.200000762939453,259000.0,6.699999809265137,4.0,37.0,24.0,1.2516000032424928
4_A903,1.402999997138977,6.294318959616701,7.041752224503765,130.0,18.399999618530273,260000.0,6.699999809265137,4.0,60.0,33.0,1.346399998664856
4_A903,1.4754000186920166,7.383983572895278,8.131416837782341,100.56,19.0,316000.0,6.699999809265137,4.0,60.0,33.0,1.402999997138977
4_A903,1.608799982070923,8.555783709787816,9.30321697467488,53.65,19.0,577941.0,6.699999809265137,4.0,60.0,33.0,1.4754000186920166
4_A903,1.570799994468689,10.603696098562628,11.351129363449692,292.28,18.5,67637.0,6.699999809265137,4.0,61.0,33.0,1.608799982070923
4_A903,1.676199984550476,12.65160848733744,13.399041752224504,124.92,18.5,27962.0,6.699999809265137,4.0,75.0,32.0,1.570799994468689
4_AA01,0.6553999900817871,19.537303216974674,0.06297056810403832,365.93,13.699999809265137,656494.0,12.100000143051147,0.0,0.0,0.0,1.3619999885559082
4_AA01,0.6491999983787536,20.035592060232716,0.5612594113620808,365.93,13.699999809265137,656494.0,12.100000143051147,0.0,0.0,0.0,0.6553999900817871
4_AA01,0.681000006198883,20.424366872005475,0.9500342231348392,245.58,14.399999618530273,602305.0,12.100000143051147,0.0,0.0,0.0,0.6491999983787536
4_AA01,0.7064000010490418,21.451060917180012,1.9767282683093772,330.46,14.100000381469727,754565.0,12.100000143051147,0.0,0.0,0.0,0.681000006198883
4_AA01,0.646999990940094,22.584531143052704,3.1101984941820673,362.76,13.100000381469727,652401.0,12.100000143051147,0.0,0.0,0.0,0.7064000010490418
4_AA01,0.675600004196167,23.57015742642026,4.095824777549623,310.77,14.199999809265137,701293.0,12.100000143051147,0.0,0.0,0.0,0.646999990940094
4_AA01,0.6635999917984009,24.27378507871321,4.799452429842574,312.1,14.100000381469727,799076.0,12.100000143051147,0.0,0.0,0.0,0.675600004196167
4_AA01,0.7021999955177307,25.37987679671458,5.905544147843942,450.67,13.399999618530273,437000.0,12.100000143051147,0.0,0.0,0.0,0.6635999917984009
4_AA01,0.8456000089645386,27.983572895277206,8.509240246406572,324.18,14.5,562000.0,12.100000143051147,0.0,0.0,1.0,0.7021999955177307
4_AA02,0.554800009727478,19.537303216974674,0.06297056810403832,365.93,13.699999809265137,656494.0,12.400000095367432,0.0,0.0,0.0,1.2333999872207642
4_AA02,0.5509999990463257,20.035592060232716,0.5612594113620808,365.93,13.699999809265137,656494.0,12.400000095367432,0.0,0.0,0.0,0.554800009727478
4_AA02,0.5580000042915344,20.424366872005475,0.9500342231348392,245.58,14.399999618530273,602305.0,12.400000095367432,0.0,0.0,0.0,0.5509999990463257
4_AA02,0.5721999883651734,21.451060917180012,1.9767282683093772,330.46,14.100000381469727,754565.0,12.400000095367432,0.0,0.0,0.0,0.5580000042915344
4_AA02,0.5922000050544739,22.584531143052704,3.1101984941820673,362.76,13.100000381469727,652401.0,12.400000095367432,0.0,0.0,0.0,0.5721999883651734
4_AA02,0.5973999857902527,23.57015742642026,4.095824777549623,310.77,14.199999809265137,701293.0,12.400000095367432,0.0,0.0,0.0,0.5922000050544739
4_AA02,0.598199987411499,24.27378507871321,4.799452429842574,312.1,14.100000381469727,799076.0,12.400000095367432,0.0,0.0,0.0,0.5973999857902527
4_AA02,0.6120000004768371,25.37987679671458,5.905544147843942,450.67,13.399999618530273,434000.0,12.400000095367432,0.0,0.0,0.0,0.598199987411499
4_AA02,0.8325999855995179,27.983572895277206,8.509240246406572,324.18,14.5,559000.0,12.400000095367432,0.0,0.0,0.0,0.6120000004768371
4_AA03,0.6840000033378602,19.537303216974674,0.06297056810403832,365.93,13.699999809265137,656494.0,11.600000143051147,0.0,0.0,0.0,1.5976000070571899
4_AA03,0.6932000041007995,20.035592060232716,0.5612594113620808,365.93,13.699999809265137,656494.0,11.600000143051147,0.0,0.0,0.0,0.6840000033378602
4_AA03,0.7045999884605407,20.424366872005475,0.9500342231348392,245.58,14.399999618530273,602305.0,11.600000143051147,0.0,0.0,0.0,0.6932000041007995
4_AA03,0.7320000052452087,21.451060917180012,1.9767282683093772,330.46,14.100000381469727,754565.0,11.600000143051147,0.0,0.0,0.0,0.7045999884605407
4_AA03,0.7677999973297119,22.584531143052704,3.1101984941820673,362.76,13.100000381469727,652401.0,11.600000143051147,0.0,0.0,0.0,0.7320000052452087
4_AA03,0.7855999946594239,23.57015742642026,4.095824777549623,310.77,14.199999809265137,701293.0,11.600000143051147,0.0,0.0,0.0,0.7677999973297119
4_AA03,0.8149999976158142,24.27378507871321,4.799452429842574,312.1,14.100000381469727,799076.0,11.600000143051147,0.0,1.0,2.0,0.7855999946594239
4_AA03,0.9057999968528747,25.37987679671458,5.905544147843942,450.67,13.399999618530273,441000.0,11.600000143051147,0.0,1.0,2.0,0.8149999976158142
4_AA03,1.26419997215271,27.983572895277206,8.509240246406572,324.18,14.5,565000.0,11.600000143051147,0.0,3.0,4.0,0.9057999968528747
4_AA59,0.5305999994277955,19.537303216974674,0.06297056810403832,365.93,13.699999809265137,656494.0,12.299999833106995,0.0,0.0,0.0,0.9934000134468078
4_AA59,0.5247999906539917,20.035592060232716,0.5612594113620808,365.93,13.699999809265137,656494.0,12.299999833106995,0.0,0.0,0.0,0.5305999994277955
4_AA59,0.5414000034332276,20.424366872005475,0.9500342231348392,245.58,14.399999618530273,602305.0,12.299999833106995,0.0,0.0,0.0,0.5247999906539917
4_AA59,0.545799994468689,21.451060917180012,1.9767282683093772,330.46,14.100000381469727,754565.0,12.299999833106995,0.0,0.0,0.0,0.5414000034332276
4_AA59,0.545799994468689,22.584531143052704,3.1101984941820673,362.76,13.100000381469727,652401.0,12.299999833106995,0.0,0.0,0.0,0.545799994468689
4_AA59,0.5644000053405762,23.57015742642026,4.095824777549623,310.77,14.199999809265137,701293.0,12.299999833106995,0.0,0.0,0.0,0.545799994468689
4_AA59,0.55,24.27378507871321,4.799452429842574,312.1,14.100000381469727,799076.0,12.299999833106995,0.0,0.0,0.0,0.5644000053405762
4_AA59,0.5944000005722045,25.37987679671458,5.905544147843942,450.67,13.399999618530273,436000.0,12.299999833106995,0.0,0.0,0.0,0.55
4_AA59,0.649399995803833,27.983572895277206,8.509240246406572,324.18,14.5,561000.0,12.299999833106995,0.0,0.0,0.0,0.5944000005722045
4_AA60,0.8192000031471253,19.537303216974674,0.06297056810403832,365.93,13.699999809265137,641905.0,14.000000238418579,0.0,0.0,0.0,1.8121999979019165
4_AA60,0.8973999977111816,20.035592060232716,0.5612594113620808,365.93,13.699999809265137,641905.0,14.000000238418579,0.0,0.0,0.0,0.8192000031471253
4_AA60,0.9132000088691712,20.424366872005475,0.9500342231348392,245.58,14.399999618530273,588920.0,14.000000238418579,0.0,0.0,0.0,0.8973999977111816
4_AA60,0.9946000099182128,21.451060917180012,1.9767282683093772,330.46,14.100000381469727,737796.0,14.000000238418579,0.0,0.0,0.0,0.9132000088691712
4_AA60,1.0492000102996826,22.584531143052704,3.1101984941820673,362.76,13.100000381469727,637903.0,14.000000238418579,0.0,0.0,0.0,0.9946000099182128
4_AA60,1.1401999950408936,23.57015742642026,4.095824777549623,310.77,14.199999809265137,685708.0,14.000000238418579,0.0,0.0,0.0,1.0492000102996826
4_AA60,1.2194000244140626,24.27378507871321,4.799452429842574,312.1,14.100000381469727,781319.0,14.000000238418579,0.0,0.0,0.0,1.1401999950408936
4_AA60,1.3210000038146972,25.37987679671458,5.905544147843942,450.67,13.399999618530273,426000.0,14.000000238418579,0.0,0.0,0.0,1.2194000244140626
4_AA60,1.5772000074386596,27.983572895277206,8.509240246406572,324.18,14.5,552000.0,14.000000238418579,0.0,0.0,0.0,1.3210000038146972
4_AA61,1.0109999895095825,19.537303216974674,0.06297056810403832,365.93,13.699999809265137,641905.0,13.40000033378601,0.0,0.0,0.0,2.5761999607086183
4_AA61,1.0319999694824218,20.035592060232716,0.5612594113620808,365.93,13.699999809265137,641905.0,13.40000033378601,0.0,0.0,0.0,1.0109999895095825
4_AA61,1.0546000003814697,20.424366872005475,0.9500342231348392,245.58,14.399999618530273,588920.0,13.40000033378601,0.0,0.0,0.0,1.0319999694824218
4_AA61,1.0851999998092652,21.451060917180012,1.9767282683093772,330.46,14.100000381469727,737796.0,13.40000033378601,0.0,0.0,0.0,1.0546000003814697
4_AA61,1.0661999940872193,22.584531143052704,3.1101984941820673,362.76,13.100000381469727,637903.0,13.40000033378601,0.0,0.0,0.0,1.0851999998092652
4_AA61,1.1034000158309936,23.57015742642026,4.095824777549623,310.77,14.199999809265137,685708.0,13.40000033378601,0.0,0.0,0.0,1.0661999940872193
4_AA61,1.1151999950408935,24.27378507871321,4.799452429842574,312.1,14.100000381469727,781319.0,13.40000033378601,0.0,0.0,0.0,1.1034000158309936
4_AA61,1.1839999914169312,25.37987679671458,5.905544147843942,450.67,13.399999618530273,429000.0,13.40000033378601,0.0,0.0,0.0,1.1151999950408935
4_AA61,1.5170000076293946,27.983572895277206,8.509240246406572,324.18,14.5,555000.0,13.40000033378601,0.0,0.0,0.0,1.1839999914169312
4_B320,2.212000052134196,16.720054757015742,1.8863791923340179,326.79,17.0,550471.0,6.200000010430813,8.399999618530273,86.0,32.0,1.4058000087738036
4_B330,1.6165000200271606,16.720054757015742,4.563997262149213,326.79,17.0,556607.0,5.299999810755253,8.399999618530273,0.0,0.0,1.501200008392334
4_B350,2.0052000522613525,16.720054757015742,1.8863791923340179,326.79,17.0,550471.0,6.399999924004078,8.399999618530273,25.0,15.0,1.7154000043869018
4_B901,0.9861999869346618,18.830937713894592,1.8809034907597535,146.29,22.5,1076000.0,10.700000047683716,10.800000190734863,0.0,0.0,1.2973333597183228
4_B901,0.9853999972343445,19.679671457905545,2.729637234770705,146.29,22.5,1076000.0,10.700000047683716,10.800000190734863,0.0,0.0,0.9861999869346618
4_B901,1.0118000149726867,20.684462696783026,3.7344284736481863,216.26,21.200000762939453,1191000.0,10.700000047683716,10.800000190734863,0.0,0.0,0.9853999972343445
4_B901,1.0180000066757202,21.609856262833677,4.659822039698836,77.05,22.399999618530273,1228692.0,10.700000047683716,10.800000190734863,4.0,11.0,1.0118000149726867
4_B901,1.1046000003814698,23.616700889801507,6.666666666666667,238.55,22.799999237060547,1448000.0,10.700000047683716,10.800000190734863,4.0,11.0,1.0180000066757202
4_B901,1.6324000120162965,25.859000684462696,8.908966461327857,170.05,22.399999618530273,1181000.0,10.700000047683716,10.800000190734863,14.0,24.0,1.1046000003814698
4_B901,1.4426000118255615,26.713210130047912,9.763175906913073,170.05,22.399999618530273,1181000.0,10.700000047683716,10.800000190734863,14.0,24.0,1.6324000120162965
4_B902,0.9110000014305115,18.830937713894592,1.8809034907597535,146.29,22.5,1076000.0,10.800000190734863,10.800000190734863,0.0,0.0,1.1868000030517578
4_B902,0.8666000008583069,19.679671457905545,2.729637234770705,146.29,22.5,1076000.0,10.800000190734863,10.800000190734863,0.0,0.0,0.9110000014305115
4_B902,0.8694000005722046,20.684462696783026,3.7344284736481863,216.26,21.200000762939453,1190000.0,10.800000190734863,10.800000190734863,0.0,0.0,0.8666000008583069
4_B902,0.9265999913215637,21.609856262833677,4.659822039698836,77.05,22.399999618530273,1228692.0,10.800000190734863,10.800000190734863,0.0,1.0,0.8694000005722046
4_B902,1.042799985408783,23.616700889801507,6.666666666666667,238.55,22.799999237060547,1448000.0,10.800000190734863,10.800000190734863,0.0,1.0,0.9265999913215637
4_B902,1.505999994277954,25.859000684462696,0.6926762491444216,170.05,22.399999618530273,1180000.0,10.800000190734863,10.800000190734863,14.0,27.0,1.042799985408783
4_B902,1.26419997215271,26.71047227926078,1.5441478439425051,170.05,22.399999618530273,1180000.0,10.800000190734863,10.800000190734863,14.0,27.0,1.505999994277954
4_B903,0.9693999886512756,18.830937713894592,1.8809034907597535,146.29,22.5,1074000.0,11.400000095367432,10.800000190734863,0.0,0.0,1.055999994277954
4_B903,0.9391999959945678,19.679671457905545,2.729637234770705,146.29,22.5,1074000.0,11.400000095367432,10.800000190734863,0.0,0.0,0.9693999886512756
4_B903,0.9827999949455262,20.684462696783026,3.7344284736481863,216.26,21.200000762939453,1188000.0,11.400000095367432,10.800000190734863,0.0,0.0,0.9391999959945678
4_B903,0.9603999972343444,21.609856262833677,4.659822039698836,77.05,22.399999618530273,1215337.0,11.400000095367432,10.800000190734863,0.0,0.0,0.9827999949455262
4_B903,0.9859999775886535,23.616700889801507,6.666666666666667,238.55,22.799999237060547,1447000.0,11.400000095367432,10.800000190734863,0.0,0.0,0.9603999972343444
4_B903,1.412999963760376,25.859000684462696,8.908966461327857,170.05,22.399999618530273,1177000.0,11.400000095367432,10.800000190734863,8.0,27.0,0.9859999775886535
4_B903,1.2288000106811523,26.71047227926078,9.760438056125942,170.05,22.399999618530273,1177000.0,11.400000095367432,10.800000190734863,8.0,27.0,1.412999963760376
4_B959,0.7319999933242798,18.830937713894592,1.8809034907597535,146.29,22.5,1079000.0,10.0,10.800000190734863,0.0,0.0,0.9060000061988831
4_B959,0.7473999977111816,19.679671457905545,2.729637234770705,146.29,22.5,1079000.0,10.0,10.800000190734863,0.0,0.0,0.7319999933242798
4_B959,0.7679999947547913,20.684462696783026,3.7344284736481863,216.26,21.200000762939453,1194000.0,10.0,10.800000190734863,0.0,0.0,0.7473999977111816
4_B959,0.7799999952316284,21.609856262833677,4.659822039698836,77.05,22.399999618530273,1228692.0,10.0,10.800000190734863,0.0,0.0,0.7679999947547913
4_B959,0.8283999919891357,23.616700889801507,6.666666666666667,238.55,22.799999237060547,1450000.0,10.0,10.800000190734863,0.0,0.0,0.7799999952316284
4_B959,0.8333999991416932,25.859000684462696,8.908966461327857,170.05,22.399999618530273,1185000.0,10.0,10.800000190734863,0.0,1.0,0.8283999919891357
4_B959,0.8825999975204468,26.71047227926078,9.760438056125942,170.05,22.399999618530273,1185000.0,10.0,10.800000190734863,0.0,1.0,0.8333999991416932
4_B960,0.6995999932289123,18.830937713894592,1.8809034907597535,146.29,22.5,1079000.0,10.0,10.800000190734863,0.0,0.0,1.0901999950408936
4_B960,0.69339998960495,19.679671457905545,2.729637234770705,146.29,22.5,1079000.0,10.0,10.800000190734863,0.0,0.0,0.6995999932289123
4_B960,0.7204000115394592,20.684462696783026,3.7344284736481863,216.26,21.200000762939453,1194000.0,10.0,10.800000190734863,0.0,0.0,0.69339998960495
4_B960,0.7234000086784362,21.609856262833677,4.659822039698836,77.05,22.399999618530273,1228692.0,10.0,10.800000190734863,0.0,0.0,0.7204000115394592
4_B960,0.701800000667572,23.616700889801507,6.666666666666667,238.55,22.799999237060547,1450000.0,10.0,10.800000190734863,0.0,0.0,0.7234000086784362
4_B960,0.7521999955177308,25.859000684462696,8.908966461327857,170.05,22.399999618530273,1185000.0,10.0,10.800000190734863,0.0,0.0,0.701800000667572
4_B960,0.7708000183105469,26.71047227926078,9.760438056125942,170.05,22.399999618530273,1185000.0,10.0,10.800000190734863,0.0,0.0,0.7521999955177308
4_B961,0.8308000087738037,18.830937713894592,1.8809034907597535,146.29,22.5,1079000.0,10.0,10.800000190734863,0.0,0.0,1.132800006866455
4_B961,0.8362000107765197,19.679671457905545,2.729637234770705,146.29,22.5,1079000.0,10.0,10.800000190734863,0.0,0.0,0.8308000087738037
4_B961,0.8880000114440918,20.684462696783026,3.7344284736481863,216.26,21.200000762939453,1194000.0,10.0,10.800000190734863,0.0,0.0,0.8362000107765197
4_B961,0.8501999974250793,21.609856262833677,4.659822039698836,77.05,22.399999618530273,1228692.0,10.0,10.800000190734863,0.0,0.0,0.8880000114440918
4_B961,0.8398000121116638,23.616700889801507,6.666666666666667,238.55,22.799999237060547,1450000.0,10.0,10.800000190734863,0.0,0.0,0.8501999974250793
4_B961,0.8735999941825867,25.859000684462696,8.908966461327857,170.05,22.399999618530273,1185000.0,10.0,10.800000190734863,0.0,0.0,0.8398000121116638
4_B961,0.9044000148773194,26.71047227926078,9.760438056125942,170.05,22.399999618530273,1185000.0,10.0,10.800000190734863,0.0,0.0,0.8735999941825867
4_B964,0.6195999979972839,18.84188911704312,1.891854893908282,146.29,22.5,1079000.0,10.0,10.800000190734863,0.0,0.0,1.0413999795913695
4_B964,0.65,19.679671457905545,2.729637234770705,146.29,22.5,1079000.0,10.0,10.800000190734863,0.0,0.0,0.6195999979972839
4_B964,0.6879999995231628,20.684462696783026,3.7344284736481863,216.26,21.200000762939453,1194000.0,10.0,10.800000190734863,0.0,0.0,0.65
4_B964,0.6944000005722046,21.609856262833677,4.659822039698836,77.05,22.399999618530273,1228692.0,10.0,10.800000190734863,0.0,0.0,0.6879999995231628
4_B964,0.7160000085830689,23.616700889801507,6.666666666666667,238.55,22.799999237060547,1450000.0,10.0,10.800000190734863,0.0,0.0,0.6944000005722046
4_B964,0.7253999948501587,25.859000684462696,8.908966461327857,170.05,22.399999618530273,1185000.0,10.0,10.800000190734863,0.0,0.0,0.7160000085830689
4_B964,0.7663999915122985,26.713210130047912,9.763175906913073,170.05,22.399999618530273,1185000.0,10.0,10.800000190734863,0.0,0.0,0.7253999948501587
4_BA01,0.830400002002716,19.887748117727583,0.013689253935660506,156.07,22.600000381469727,853453.0,11.700000002980232,0.0,0.0,0.0,1.087600016593933
4_BA01,0.8181999921798706,20.05475701574264,0.1806981519507187,156.07,22.600000381469727,853453.0,11.700000002980232,0.0,0.0,0.0,0.830400002002716
4_BA01,0.8197999954223633,20.421629021218344,0.5475701574264202,172.45,22.799999237060547,1080867.0,11.700000002980232,0.0,0.0,0.0,0.8181999921798706
4_BA01,0.8307999968528748,21.470225872689937,1.596167008898015,165.76,22.399999618530273,829046.0,11.700000002980232,0.0,0.0,0.0,0.8197999954223633
4_BA01,0.8656000018119812,22.60369609856263,2.729637234770705,263.82,21.299999237060547,890366.0,11.700000002980232,0.0,0.0,0.0,0.8307999968528748
4_BA01,0.8543999910354614,23.59753593429158,0.09856262833675565,173.29,22.399999618530273,938717.0,11.800000004470348,0.0,0.0,0.0,0.8656000018119812
4_BA01,0.8697999954223633,24.268309377138944,0.7693360711841205,162.81,22.5,1046937.0,11.800000004470348,0.0,0.0,0.0,0.8543999910354614
4_BA01,0.8840000033378601,25.404517453798768,1.9055441478439425,97.29,22.100000381469727,1722000.0,11.800000004470348,0.0,0.0,0.0,0.8697999954223633
4_BA01,0.9790000081062317,27.876796714579054,4.37782340862423,126.27,22.799999237060547,514000.0,11.800000004470348,0.0,0.0,0.0,0.8840000033378601
4_BA02,0.8487999916076661,19.887748117727583,0.013689253935660506,156.07,22.600000381469727,838213.0,12.99999988079071,0.0,0.0,0.0,1.4527999877929687
4_BA02,0.8167999982833862,20.05475701574264,0.1806981519507187,156.07,22.600000381469727,838213.0,12.99999988079071,0.0,0.0,0.0,0.8487999916076661
4_BA02,0.8092000007629394,20.421629021218344,0.5475701574264202,172.45,22.799999237060547,1061566.0,12.99999988079071,0.0,0.0,0.0,0.8167999982833862
4_BA02,0.7657999992370605,21.470225872689937,1.596167008898015,165.76,22.399999618530273,814242.0,12.99999988079071,0.0,0.0,0.0,0.8092000007629394
4_BA02,0.801199996471405,22.60369609856263,2.729637234770705,263.82,21.299999237060547,874467.0,12.99999988079071,0.0,0.0,0.0,0.7657999992370605
4_BA02,0.7802000045776367,23.59753593429158,0.09856262833675565,173.29,22.399999618530273,921954.0,13.099999882280827,0.0,0.0,0.0,0.801199996471405
4_BA02,0.8023999929428101,24.268309377138944,0.7693360711841205,162.81,22.5,1028242.0,13.099999882280827,0.0,0.0,0.0,0.7802000045776367
4_BA02,0.8056000113487244,25.404517453798768,1.9055441478439425,97.29,22.100000381469727,1680000.0,13.099999882280827,0.0,0.0,0.0,0.8023999929428101
4_BA02,0.8447999954223633,27.876796714579054,4.37782340862423,126.27,22.799999237060547,505000.0,13.099999882280827,0.0,0.0,0.0,0.8056000113487244
4_BA03,0.7866000056266784,19.887748117727583,0.013689253935660506,156.07,22.600000381469727,853453.0,11.799999952316284,0.0,0.0,0.0,1.2091999769210815
4_BA03,0.776800000667572,20.05475701574264,0.1806981519507187,156.07,22.600000381469727,853453.0,11.799999952316284,0.0,0.0,0.0,0.7866000056266784
4_BA03,0.7881999969482422,20.421629021218344,0.5475701574264202,172.45,22.799999237060547,1080867.0,11.799999952316284,0.0,0.0,0.0,0.776800000667572
4_BA03,0.7921999931335449,21.470225872689937,1.596167008898015,165.76,22.399999618530273,829046.0,11.799999952316284,0.0,0.0,0.0,0.7881999969482422
4_BA03,0.7966000199317932,22.60369609856263,2.729637234770705,263.82,21.299999237060547,890366.0,11.799999952316284,0.0,0.0,0.0,0.7921999931335449
4_BA03,0.7940000176429749,23.59753593429158,0.09856262833675565,173.29,22.399999618530273,938717.0,11.8999999538064,0.0,0.0,0.0,0.7966000199317932
4_BA03,0.7888000011444092,24.268309377138944,0.7693360711841205,162.81,22.5,1046937.0,11.8999999538064,0.0,0.0,0.0,0.7940000176429749
4_BA03,0.7948000073432923,25.404517453798768,1.9055441478439425,97.29,22.100000381469727,1714000.0,11.8999999538064,0.0,0.0,0.0,0.7888000011444092
4_BA03,0.8395999908447266,27.876796714579054,4.37782340862423,126.27,22.799999237060547,512000.0,11.8999999538064,0.0,0.0,0.0,0.7948000073432923
4_BA59,0.9158000111579895,19.887748117727583,0.013689253935660506,156.07,22.600000381469727,868694.0,10.599999964237213,0.0,0.0,0.0,2.4573999881744384
4_BA59,0.8585999846458435,20.05475701574264,0.1806981519507187,156.07,22.600000381469727,868694.0,10.599999964237213,0.0,0.0,0.0,0.9158000111579895
4_BA59,0.8478000044822693,20.421629021218344,0.5475701574264202,172.45,22.799999237060547,1100168.0,10.599999964237213,0.0,0.0,0.0,0.8585999846458435
4_BA59,0.8543999910354614,21.470225872689937,1.596167008898015,165.76,22.399999618530273,843851.0,10.599999964237213,0.0,0.0,0.0,0.8478000044822693
4_BA59,0.9222000002861023,22.60369609856263,2.729637234770705,263.82,21.299999237060547,906266.0,10.599999964237213,0.0,0.0,0.0,0.8543999910354614
4_BA59,0.8884000062942505,23.59753593429158,0.09856262833675565,173.29,22.399999618530273,955480.0,10.69999996572733,0.0,0.0,0.0,0.9222000002861023
4_BA59,0.9139999985694885,24.268309377138944,0.7693360711841205,162.81,22.5,1065632.0,10.69999996572733,0.0,0.0,0.0,0.8884000062942505
4_BA59,0.9196000099182129,25.404517453798768,1.9055441478439425,97.29,22.100000381469727,1761000.0,10.69999996572733,0.0,0.0,0.0,0.9139999985694885
4_BA59,0.9644000053405761,27.876796714579054,4.37782340862423,126.27,22.799999237060547,523000.0,10.69999996572733,0.0,0.0,0.0,0.9196000099182129
4_BA60,0.826200008392334,19.887748117727583,0.013689253935660506,156.07,22.600000381469727,868694.0,10.700000047683716,0.0,0.0,0.0,2.498400020599365
4_BA60,0.8029999971389771,20.05475701574264,0.1806981519507187,156.07,22.600000381469727,868694.0,10.700000047683716,0.0,0.0,0.0,0.826200008392334
4_BA60,0.8184000015258789,20.421629021218344,0.5475701574264202,172.45,22.799999237060547,1100168.0,10.700000047683716,0.0,0.0,0.0,0.8029999971389771
4_BA60,0.8247999906539917,21.470225872689937,1.596167008898015,165.76,22.399999618530273,843851.0,10.700000047683716,0.0,0.0,0.0,0.8184000015258789
4_BA60,0.8908000111579895,22.60369609856263,2.729637234770705,263.82,21.299999237060547,906266.0,10.700000047683716,0.0,0.0,0.0,0.8247999906539917
4_BA60,0.9013999938964844,23.59753593429158,0.09856262833675565,173.29,22.399999618530273,955480.0,10.800000049173832,0.0,0.0,0.0,0.8908000111579895
4_BA60,0.9235999941825866,24.268309377138944,0.7693360711841205,162.81,22.5,1065632.0,10.800000049173832,0.0,0.0,0.0,0.9013999938964844
4_BA60,0.9302000045776367,25.404517453798768,1.9055441478439425,97.29,22.100000381469727,1761000.0,10.800000049173832,0.0,0.0,0.0,0.9235999941825866
4_BA60,1.048799991607666,27.876796714579054,4.37782340862423,126.27,22.799999237060547,523000.0,10.800000049173832,0.0,0.0,0.0,0.9302000045776367
4_BA61,0.8811999917030334,19.887748117727583,0.013689253935660506,156.07,22.600000381469727,883934.0,10.300000011920929,0.0,0.0,0.0,4.4529999732971195
4_BA61,0.8559999942779541,20.05475701574264,0.1806981519507187,156.07,22.600000381469727,883934.0,10.300000011920929,0.0,0.0,0.0,0.8811999917030334
4_BA61,0.8696000099182128,20.421629021218344,0.5475701574264202,172.45,22.799999237060547,1119470.0,10.300000011920929,0.0,0.0,0.0,0.8559999942779541
4_BA61,0.8853999972343445,21.470225872689937,1.596167008898015,165.76,22.399999618530273,858655.0,10.300000011920929,0.0,0.0,0.0,0.8696000099182128
4_BA61,0.8699999809265136,22.60369609856263,2.729637234770705,263.82,21.299999237060547,922165.0,10.300000011920929,0.0,0.0,0.0,0.8853999972343445
4_BA61,0.9076000094413758,23.59753593429158,0.09856262833675565,173.29,22.399999618530273,972242.0,10.400000013411045,0.0,0.0,0.0,0.8699999809265136
4_BA61,0.8902000069618226,24.268309377138944,0.7693360711841205,162.81,22.5,1084327.0,10.400000013411045,0.0,0.0,0.0,0.9076000094413758
4_BA61,0.9312000155448914,25.404517453798768,1.9055441478439425,97.29,22.100000381469727,1784000.0,10.400000013411045,0.0,0.0,0.0,0.8902000069618226
4_BA61,1.0089999914169312,27.876796714579054,4.37782340862423,126.27,22.799999237060547,528000.0,10.400000013411045,0.0,0.0,0.0,0.9312000155448914
4_C310,0.989199984073639,15.45242984257358,1.6098562628336757,441.31,18.600000381469727,128100.0,10.20000022649765,11.199999809265137,8.0,9.0,1.0089999914169312
4_C310,1.0594000101089478,16.569472963723477,0.15058179329226556,288.61,18.700000762939453,41136.0,10.20000022649765,11.199999809265137,8.0,9.0,0.989199984073639
4_C310,1.0701999902725219,18.2943189596167,1.8754277891854894,413.37,19.200000762939453,80994.0,10.20000022649765,11.199999809265137,0.0,0.0,1.0594000101089478
4_C310,1.088199996948242,20.514715947980836,4.095824777549623,198.72,19.399999618530273,16720.0,10.20000022649765,11.199999809265137,0.0,0.0,1.0701999902725219
4_C320,2.2769999504089355,16.125941136208077,2.0314852840520192,441.31,18.600000381469727,126903.0,8.100000120699406,11.199999809265137,3.0,9.0,1.7773999929428101
4_C320,2.318599987030029,16.569472963723477,0.15058179329226556,288.61,18.700000762939453,35952.0,8.100000120699406,11.199999809265137,3.0,9.0,2.2769999504089355
4_C330,1.5814000368118286,18.2943189596167,1.8754277891854894,413.37,19.200000762939453,82151.0,8.899999618530273,11.199999809265137,46.0,33.0,1.5293999910354614
4_C330,1.5113999843597412,20.514715947980836,4.095824777549623,198.72,19.399999618530273,16940.0,8.899999618530273,11.199999809265137,25.0,25.0,1.5814000368118286
4_C340,1.0669999837875366,20.514715947980836,9.097878165639973,198.72,19.399999618530273,17380.0,7.5000001192092896,11.199999809265137,48.0,29.0,1.0992000102996826
4_C350,2.336199951171875,16.569472963723477,2.4722792607802875,288.61,18.700000762939453,41723.0,8.800000131130219,11.199999809265137,0.0,0.0,1.960800004005432
4_C350,2.916800022125244,18.2943189596167,4.1971252566735116,413.37,19.200000762939453,82151.0,8.800000131130219,11.199999809265137,0.0,0.0,2.336199951171875
4_D310,0.895199990272522,12.618754277891854,1.6071184120465434,539.14,17.5,150000.0,12.09999966621399,6.699999809265137,0.0,2.0,1.2045999765396118
4_D310,0.9498000025749207,13.741273100616016,2.729637234770705,422.74,17.600000381469727,83000.0,12.09999966621399,6.699999809265137,0.0,2.0,0.895199990272522
4_D310,1.350600004196167,17.68104038329911,6.669404517453799,297.52,18.299999237060547,137043.0,12.09999966621399,6.699999809265137,5.0,2.0,0.9498000025749207
4_D320,3.5434000492095947,13.741273100616016,1.8261464750171115,422.74,17.600000381469727,84000.0,10.200000025331974,6.699999809265137,9.0,10.0,2.4621999740600584
4_D330,2.323600006103516,17.68104038329911,2.0944558521560577,297.52,18.299999237060547,137167.0,10.099999815225601,6.699999809265137,3.0,4.0,1.9186000108718873
4_D350,2.0843999862670897,13.741273100616016,2.4750171115674195,422.74,17.600000381469727,84000.0,9.99999962747097,6.699999809265137,1.0,4.0,1.4184000015258789
53_1007,1.4702000379562379,13.722108145106091,1.9356605065023955,488.95,11.699999809265137,112194.0,6.700000107288361,13.0,0.0,0.0,1.4851999759674073
53_1007,1.4882000207901,14.704996577686517,2.91854893908282,571.75,12.699999809265137,112592.0,6.700000107288361,13.0,0.0,0.0,1.4702000379562379
53_1007,1.516599988937378,15.67419575633128,3.887748117727584,407.65,12.100000381469727,138000.0,6.700000107288361,13.0,0.0,0.0,1.4882000207901
53_1007,1.4947999954223632,17.689253935660506,5.90280629705681,360.71,12.0,156355.0,6.700000107288361,13.0,0.0,0.0,1.516599988937378
53_1007,1.483400011062622,18.376454483230663,6.590006844626968,325.15,12.300000190734863,83528.66666666667,6.700000107288361,13.0,1.0,1.0,1.4947999954223632
53_1007,0.7490000009536744,19.37577002053388,0.5174537987679672,420.78,13.0,174258.0,8.899999856948853,13.0,0.0,0.0,1.483400011062622
53_1007,0.7429999947547913,19.698836413415467,0.840520191649555,420.78,13.0,174258.0,8.899999856948853,13.0,0.0,0.0,0.7490000009536744
53_1007,0.7139999985694885,20.67898699520876,1.8206707734428473,409.44,12.699999809265137,191092.0,8.899999856948853,13.0,0.0,0.0,0.7429999947547913
53_1007,0.729200005531311,23.860369609856264,5.002053388090349,354.06,12.0,208000.0,8.899999856948853,13.0,0.0,0.0,0.7139999985694885
53_1007,0.7396000027656555,25.639972621492127,6.781656399726215,360.48,11.699999809265137,194000.0,8.899999856948853,13.0,0.0,0.0,0.729200005531311
53_1007,0.7370000004768371,26.910335386721425,8.05201916495551,509.4,11.899999618530273,222000.0,8.899999856948853,13.0,0.0,0.0,0.7396000027656555
53_1007,0.7411999940872193,27.64955509924709,8.791238877481177,361.24,11.199999809265137,207000.0,8.899999856948853,13.0,0.0,0.0,0.7370000004768371
53_1007,0.744599986076355,28.62422997946612,9.765913757700206,500.78,12.399999618530273,187000.0,8.899999856948853,13.0,0.0,0.0,0.7411999940872193
53_1007,0.749400007724762,29.472963723477072,10.614647501711156,393.63,12.0,204495.0,8.899999856948853,13.0,0.0,0.0,0.744599986076355
53_1007,0.7544000029563904,30.809034907597535,11.950718685831623,507.54,12.800000190734863,200914.0,8.899999856948853,13.0,0.0,0.0,0.749400007724762
53_1007,0.7680000185966491,31.471594798083505,12.61327857631759,393.43,13.800000190734863,206086.0,8.899999856948853,13.0,0.0,0.0,0.7544000029563904
53_1007,0.7732000112533569,32.54209445585216,13.683778234086242,438.3,13.100000381469727,176046.0,8.899999856948853,13.0,0.0,0.0,0.7680000185966491
53_1007,0.8379999995231628,33.07597535934291,0.3203285420944558,438.3,13.100000381469727,176046.0,9.099999859929085,13.0,0.0,0.0,0.7732000112533569
53_1007,0.8144000053405762,35.58932238193019,2.833675564681725,405.37,11.699999809265137,644.0,9.099999859929085,13.0,0.0,0.0,0.8379999995231628
53_1007,0.8089999914169311,38.88569472963724,6.1300479123887746,569.35,12.100000381469727,129000.0,9.099999859929085,13.0,0.0,0.0,0.8144000053405762
53_1007,0.8263999938964843,41.021218343600275,8.265571526351813,426.68,12.399999618530273,116000.0,9.099999859929085,13.0,0.0,1.0,0.8089999914169311
6_0501,1.1230000019073487,26.67488021902806,0.944558521560575,202.83,16.200000762939453,863000.0,7.1000001430511475,5.0,0.0,0.0,3.8896000385284424
6_0501,1.2378000020980835,28.840520191649556,3.1101984941820673,190.45,17.5,791000.0,7.1000001430511475,5.0,0.0,0.0,1.1230000019073487
6_0501,1.3509999811649323,30.743326488706366,5.0130047912388775,179.38,17.600000381469727,744000.0,7.1000001430511475,5.0,12.0,6.0,1.2378000020980835
6_0501,1.4375999689102172,31.698836413415467,5.968514715947981,165.63,15.899999618530273,949956.0,7.1000001430511475,5.0,12.0,6.0,1.3509999811649323
6_0501,1.7332000017166138,32.75838466803559,7.028062970568104,89.76,17.200000762939453,1003217.0,7.1000001430511475,5.0,45.0,28.0,1.4375999689102172
6_0501,1.9154000282287598,33.7741273100616,0.0054757015742642025,87.16,17.799999237060547,841500.0,7.1000001430511475,5.0,56.0,28.0,1.7332000017166138
6_0501,1.4026000022888183,34.71594798083505,0.6078028747433265,169.7,18.0,1239000.0,7.400000154972076,5.0,56.0,28.0,1.9154000282287598
6_0501,1.6549999952316283,35.7015742642026,1.593429158110883,48.04,17.899999618530273,1322000.0,7.400000154972076,5.0,34.0,27.0,1.4026000022888183
6_0501,1.545800018310547,36.75838466803559,2.650239561943874,162.01,18.200000762939453,1301000.0,7.400000154972076,5.0,64.0,27.0,1.6549999952316283
6_0501,1.9187999963760376,37.81519507186858,3.707049965776865,163.21,17.600000381469727,1293000.0,7.400000154972076,5.0,61.0,28.0,1.545800018310547
6_0501,2.4043999671936036,38.77891854893908,4.670773442847365,152.14,17.200000762939453,1072550.0,7.400000154972076,5.0,65.0,28.0,1.9187999963760376
6_0501,3.078000020980835,40.799452429842574,1.9657768651608487,53.5,17.899999618530273,405300.0,7.400000154972076,5.0,46.0,22.0,2.4043999671936036
6_0502,0.9533999919891357,26.67488021902806,0.944558521560575,202.83,16.200000762939453,857000.0,7.5,5.5,0.0,0.0,3.132800006866455
6_0502,1.000600004196167,28.840520191649556,3.1101984941820673,190.45,17.5,784000.0,7.5,5.5,0.0,0.0,0.9533999919891357
6_0502,1.256500005722046,30.743326488706366,5.0130047912388775,179.38,17.600000381469727,737000.0,7.5,5.5,10.0,7.0,1.000600004196167
6_0502,1.4020000219345092,31.698836413415467,5.968514715947981,165.63,15.899999618530273,941623.0,7.5,5.5,10.0,7.0,1.256500005722046
6_0502,1.9764000177383423,32.75838466803559,7.028062970568104,89.76,17.200000762939453,994417.0,7.5,5.5,52.0,28.0,1.4020000219345092
6_0502,2.286999988555908,33.7741273100616,0.0054757015742642025,87.16,17.799999237060547,834900.0,7.5,5.5,52.0,28.0,1.9764000177383423
6_0502,1.3117999792099,34.71594798083505,0.6078028747433265,169.7,18.0,1232000.0,7.700000002980232,5.5,52.0,28.0,2.286999988555908
6_0502,1.866600012779236,35.7015742642026,1.593429158110883,48.04,17.899999618530273,1314000.0,7.700000002980232,5.5,64.0,33.0,1.3117999792099
6_0502,2.0375999927520754,36.75838466803559,2.650239561943874,162.01,18.200000762939453,1293000.0,7.700000002980232,5.5,64.0,26.0,1.866600012779236
6_0502,2.7681999683380125,37.81519507186858,3.707049965776865,163.21,17.600000381469727,1285000.0,7.700000002980232,5.5,66.0,26.0,2.0375999927520754
6_0502,4.112799978256225,38.77891854893908,4.670773442847365,152.14,17.200000762939453,1120000.0,7.700000002980232,5.5,67.0,29.0,2.7681999683380125
6_0502,3.3642000198364257,40.799452429842574,6.691307323750856,53.5,17.899999618530273,401520.0,7.700000002980232,5.5,75.0,30.0,4.112799978256225
6_0503,1.0789999961853027,26.67488021902806,0.944558521560575,202.83,16.200000762939453,851000.0,9.5,5.5,0.0,0.0,1.7775999784469605
6_0503,1.0972000122070313,28.840520191649556,3.1101984941820673,190.45,17.5,777000.0,9.5,5.5,0.0,0.0,1.0789999961853027
6_0503,1.1220000386238098,30.743326488706366,5.0130047912388775,179.38,17.600000381469727,729000.0,9.5,5.5,1.0,1.0,1.0972000122070313
6_0503,1.126199984550476,31.698836413415467,5.968514715947981,165.63,15.899999618530273,946476.3333333334,9.5,5.5,1.0,1.0,1.1220000386238098
6_0503,1.19760000705719,32.75838466803559,0.5065023956194388,89.76,17.200000762939453,998272.6666666666,9.5,5.5,9.0,6.0,1.126199984550476
6_0503,1.3338000059127808,33.7741273100616,0.0054757015742642025,87.16,17.799999237060547,878059.0,9.5,5.5,14.0,10.0,1.19760000705719
6_0503,1.0435999870300292,34.71594798083505,0.6078028747433265,169.7,18.0,1196286.0,9.700000002980232,5.5,14.0,10.0,1.3338000059127808
6_0503,1.0733999967575074,35.7015742642026,1.593429158110883,48.04,17.899999618530273,1092472.4,9.700000002980232,5.5,5.0,4.0,1.0435999870300292
6_0503,1.158799982070923,36.75838466803559,2.650239561943874,162.01,18.200000762939453,1254696.6,9.700000002980232,5.5,6.0,5.0,1.0733999967575074
6_0503,1.1314000129699706,37.81519507186858,3.707049965776865,163.21,17.600000381469727,1250522.2,9.700000002980232,5.5,6.0,5.0,1.158799982070923
6_0503,1.293400025367737,38.77891854893908,4.670773442847365,152.14,17.200000762939453,1129979.0,9.700000002980232,5.5,9.0,6.0,1.1314000129699706
6_0503,1.685199999809265,40.799452429842574,6.691307323750856,53.5,17.899999618530273,552841.4,9.700000002980232,5.5,13.0,8.0,1.293400025367737
6_0504,1.023799991607666,26.67488021902806,0.944558521560575,202.83,16.200000762939453,853000.0,8.299999952316284,4.900000095367432,0.0,0.0,1.8892000198364258
6_0504,1.0305999994277955,28.840520191649556,3.1101984941820673,190.45,17.5,779000.0,8.299999952316284,4.900000095367432,0.0,0.0,1.023799991607666
6_0504,1.0699999928474426,30.743326488706366,5.0130047912388775,179.38,17.600000381469727,732000.0,8.299999952316284,4.900000095367432,0.0,1.0,1.0305999994277955
6_0504,1.069599986076355,31.698836413415467,5.968514715947981,165.63,15.899999618530273,941623.0,8.299999952316284,4.900000095367432,0.0,1.0,1.0699999928474426
6_0504,1.1240000009536744,32.75838466803559,7.028062970568104,89.76,17.200000762939453,994417.0,8.299999952316284,4.900000095367432,1.0,4.0,1.069599986076355
6_0504,1.1095999956130982,33.7741273100616,8.043805612594113,87.16,17.799999237060547,1006000.0,8.299999952316284,4.900000095367432,1.0,4.0,1.1240000009536744
6_0504,1.173200011253357,34.71594798083505,8.985626283367557,169.7,18.0,1227000.0,8.299999952316284,4.900000095367432,1.0,4.0,1.1095999956130982
6_0504,1.1983999967575074,35.7015742642026,9.971252566735114,48.04,17.899999618530273,946120.0,8.299999952316284,4.900000095367432,1.0,8.0,1.173200011253357
6_0504,1.2447999954223632,36.75838466803559,0.3394934976043806,162.01,18.200000762939453,1287000.0,8.299999952316284,4.900000095367432,12.0,15.0,1.1983999967575074
6_0504,1.2813999891281127,37.81519507186858,1.3963039014373717,163.21,17.600000381469727,1279000.0,8.299999952316284,4.900000095367432,13.0,16.0,1.2447999954223632
6_0504,1.2812000036239624,38.77891854893908,2.3600273785078714,152.14,17.200000762939453,1113000.0,8.299999952316284,4.900000095367432,23.0,26.0,1.2813999891281127
6_0504,1.5175999879837037,40.799452429842574,4.380561259411362,53.5,17.899999618530273,398580.0,8.299999952316284,4.900000095367432,39.0,32.0,1.2812000036239624
6_0505,0.7172000169754028,26.67488021902806,0.944558521560575,202.83,16.200000762939453,860000.0,6.099999904632568,5.199999809265137,0.0,0.0,1.553600001335144
6_0505,0.9588000059127808,28.840520191649556,3.1101984941820673,190.45,17.5,787000.0,6.099999904632568,5.199999809265137,0.0,0.0,0.7172000169754028
6_0505,1.277999997138977,30.743326488706366,5.0130047912388775,179.38,17.600000381469727,740000.0,6.099999904632568,5.199999809265137,12.0,9.0,0.9588000059127808
6_0505,1.4325999975204469,31.698836413415467,5.968514715947981,165.63,15.899999618530273,949956.0,6.099999904632568,5.199999809265137,12.0,9.0,1.277999997138977
6_0505,1.7997999668121338,32.75838466803559,7.028062970568104,89.76,17.200000762939453,1003217.0,6.099999904632568,5.199999809265137,35.0,17.0,1.4325999975204469
6_0505,2.0654000282287597,33.7741273100616,0.0054757015742642025,87.16,17.799999237060547,837375.0,6.099999904632568,5.199999809265137,19.0,20.0,1.7997999668121338
6_0505,1.1914000272750855,34.71594798083505,0.6050650239561944,169.7,18.0,1235000.0,6.299999907612801,5.199999809265137,19.0,20.0,2.0654000282287597
6_0505,1.402999997138977,35.7015742642026,1.5906913073237507,48.04,17.899999618530273,1317000.0,6.299999907612801,5.199999809265137,27.0,20.0,1.1914000272750855
6_0505,1.5264000177383423,36.75838466803559,2.647501711156742,162.01,18.200000762939453,1296000.0,6.299999907612801,5.199999809265137,25.0,17.0,1.402999997138977
6_0505,1.8342000246047974,37.81519507186858,3.704312114989733,163.21,17.600000381469727,1288000.0,6.299999907612801,5.199999809265137,25.0,20.0,1.5264000177383423
6_0505,2.355399990081787,38.861054072553046,4.7501711156741955,152.14,17.200000762939453,1124000.0,6.299999907612801,5.199999809265137,31.0,24.0,1.8342000246047974
6_0505,3.3047999858856203,40.80219028062971,6.691307323750856,53.5,17.899999618530273,403200.0,6.299999907612801,5.199999809265137,67.0,30.0,2.355399990081787
6_0506,0.8075999855995178,26.67488021902806,0.944558521560575,202.83,16.200000762939453,853000.0,8.200000047683716,5.300000190734863,0.0,0.0,1.8082000017166138
6_0506,0.9230000019073487,28.840520191649556,3.1101984941820673,190.45,17.5,780000.0,8.200000047683716,5.300000190734863,0.0,0.0,0.8075999855995178
6_0506,1.0366000175476073,30.743326488706366,5.0130047912388775,179.38,17.600000381469727,733000.0,8.200000047683716,5.300000190734863,10.0,12.0,0.9230000019073487
6_0506,1.0508000135421753,31.698836413415467,5.968514715947981,165.63,15.899999618530273,941623.0,8.200000047683716,5.300000190734863,10.0,12.0,1.0366000175476073
6_0506,1.1436000108718871,32.75838466803559,7.028062970568104,89.76,17.200000762939453,994417.0,8.200000047683716,5.300000190734863,12.0,9.0,1.0508000135421753
6_0506,1.2151999711990356,33.7741273100616,0.0027378507871321013,87.16,17.799999237060547,828257.5,8.200000047683716,5.300000190734863,14.0,15.0,1.1436000108718871
6_0506,0.87739999294281,34.71594798083505,0.6050650239561944,169.7,18.0,1227000.0,8.400000050663948,5.300000190734863,14.0,15.0,1.2151999711990356
6_0506,1.0618000030517578,35.7015742642026,1.5906913073237507,48.04,17.899999618530273,1309000.0,8.400000050663948,5.300000190734863,5.0,8.0,0.87739999294281
6_0506,1.126799988746643,36.75838466803559,2.647501711156742,162.01,18.200000762939453,1287000.0,8.400000050663948,5.300000190734863,6.0,5.0,1.0618000030517578
6_0506,1.4422000169754028,37.81519507186858,3.704312114989733,163.21,17.600000381469727,1171564.0,8.400000050663948,5.300000190734863,7.0,6.0,1.126799988746643
6_0506,1.8271999835968018,38.77891854893908,0.7775496235455168,152.14,17.200000762939453,1114000.0,8.400000050663948,5.300000190734863,10.0,9.0,1.4422000169754028
6_0506,3.115999937057495,40.80219028062971,2.8008213552361396,53.5,17.899999618530273,399000.0,8.400000050663948,5.300000190734863,16.0,12.0,1.8271999835968018
6_0507,0.8340000033378601,26.67488021902806,0.944558521560575,202.83,16.200000762939453,850000.0,10.099999904632568,5.400000095367432,0.0,0.0,2.3506000518798826
6_0507,0.9748000025749206,28.840520191649556,3.1101984941820673,190.45,17.5,777000.0,10.099999904632568,5.400000095367432,0.0,1.0,0.8340000033378601
6_0507,1.0592000126838683,30.743326488706366,5.0130047912388775,179.38,17.600000381469727,729000.0,10.099999904632568,5.400000095367432,2.0,5.0,0.9748000025749206
6_0507,1.1118000030517579,31.698836413415467,5.968514715947981,165.63,15.899999618530273,933290.0,10.099999904632568,5.400000095367432,2.0,5.0,1.0592000126838683
6_0507,1.169600009918213,32.75838466803559,7.028062970568104,89.76,17.200000762939453,985617.0,10.099999904632568,5.400000095367432,2.0,15.0,1.1118000030517579
6_0507,1.105799961090088,33.7741273100616,8.043805612594113,87.16,17.799999237060547,1003000.0,10.099999904632568,5.400000095367432,8.0,18.0,1.169600009918213
6_0507,1.1875999927520753,34.71594798083505,8.985626283367557,169.7,18.0,1224000.0,10.099999904632568,5.400000095367432,8.0,18.0,1.105799961090088
6_0507,1.171399998664856,35.7015742642026,9.971252566735114,48.04,17.899999618530273,1086182.0,10.099999904632568,5.400000095367432,15.0,21.0,1.1875999927520753
6_0507,1.0935999631881714,36.75838466803559,11.028062970568104,162.01,18.200000762939453,1283000.0,10.099999904632568,5.400000095367432,24.0,25.0,1.171399998664856
6_0507,1.2501999855041503,37.81519507186858,12.084873374401095,163.21,17.600000381469727,1275000.0,10.099999904632568,5.400000095367432,12.0,22.0,1.0935999631881714
6_0507,1.321399974822998,38.77891854893908,13.048596851471595,152.14,17.200000762939453,1110000.0,10.099999904632568,5.400000095367432,25.0,27.0,1.2501999855041503
6_0507,1.607800006866455,40.80219028062971,15.071868583162217,53.5,17.899999618530273,396900.0,10.099999904632568,5.400000095367432,23.0,26.0,1.321399974822998
6_0508,0.747000002861023,26.67488021902806,0.944558521560575,202.83,16.200000762939453,850000.0,10.5,5.599999904632568,0.0,0.0,2.056599998474121
6_0508,0.8095999956130981,28.840520191649556,3.1101984941820673,190.45,17.5,776000.0,10.5,5.599999904632568,0.0,0.0,0.747000002861023
6_0508,0.9422000050544739,30.743326488706366,5.0130047912388775,179.38,17.600000381469727,728000.0,10.5,5.599999904632568,9.0,7.0,0.8095999956130981
6_0508,1.0112000107765198,31.698836413415467,5.968514715947981,165.63,15.899999618530273,933290.0,10.5,5.599999904632568,9.0,7.0,0.9422000050544739
6_0508,1.0703999996185303,32.75838466803559,7.028062970568104,89.76,17.200000762939453,985617.0,10.5,5.599999904632568,1.0,2.0,1.0112000107765198
6_0508,1.1100000143051147,33.7741273100616,8.043805612594113,87.16,17.799999237060547,824980.0,10.5,5.599999904632568,1.0,3.0,1.0703999996185303
6_0508,0.8064000010490417,34.71594798083505,0.6023271731690623,169.7,18.0,1223000.0,10.600000001490116,5.599999904632568,1.0,3.0,1.1100000143051147
6_0508,0.8571999907493592,35.7015742642026,1.5879534565366187,48.04,17.899999618530273,1304000.0,10.600000001490116,5.599999904632568,1.0,2.0,0.8064000010490417
6_0508,0.9251999974250793,36.75838466803559,2.64476386036961,162.01,18.200000762939453,1282000.0,10.600000001490116,5.599999904632568,2.0,4.0,0.8571999907493592
6_0508,0.9938000082969666,37.81519507186858,3.701574264202601,163.21,17.600000381469727,1275000.0,10.600000001490116,5.599999904632568,3.0,3.0,0.9251999974250793
6_0508,1.1959999799728394,38.77891854893908,4.6652977412731005,152.14,17.200000762939453,1109000.0,10.600000001490116,5.599999904632568,3.0,3.0,0.9938000082969666
6_0508,1.8240000009536743,40.80219028062971,6.6885694729637235,53.5,17.899999618530273,396480.0,10.600000001490116,5.599999904632568,3.0,5.0,1.1959999799728394
6_0509,1.0103999972343445,26.67488021902806,0.944558521560575,202.83,16.200000762939453,859000.0,6.3999998569488525,5.300000190734863,0.0,0.0,2.1274999380111694
6_0509,1.1222000122070312,28.840520191649556,3.1101984941820673,190.45,17.5,786000.0,6.3999998569488525,5.300000190734863,0.0,3.0,1.0103999972343445
6_0509,1.3101999759674072,30.743326488706366,5.0130047912388775,179.38,17.600000381469727,739000.0,6.3999998569488525,5.300000190734863,35.0,18.0,1.1222000122070312
6_0509,1.4947999954223632,31.698836413415467,5.968514715947981,165.63,15.899999618530273,941623.0,6.3999998569488525,5.300000190734863,35.0,18.0,1.3101999759674072
6_0509,2.049400043487549,32.75838466803559,7.028062970568104,89.76,17.200000762939453,994417.0,6.3999998569488525,5.300000190734863,36.0,21.0,1.4947999954223632
6_0509,2.542400026321411,33.7741273100616,8.043805612594113,87.16,17.799999237060547,834860.0,6.3999998569488525,5.300000190734863,42.0,21.0,2.049400043487549
6_0509,1.3848000288009643,34.71594798083505,0.6023271731690623,169.7,18.0,1234000.0,6.6999998688697815,5.300000190734863,42.0,21.0,2.542400026321411
6_0509,2.1167999744415282,35.7015742642026,1.5879534565366187,48.04,17.899999618530273,1095880.0,6.6999998688697815,5.300000190734863,41.0,25.0,1.3848000288009643
6_0509,2.148799991607666,36.75838466803559,2.64476386036961,162.01,18.200000762939453,1295000.0,6.6999998688697815,5.300000190734863,45.0,31.0,2.1167999744415282
6_0509,2.9830000400543213,37.81519507186858,3.701574264202601,163.21,17.600000381469727,1287000.0,6.6999998688697815,5.300000190734863,47.0,31.0,2.148799991607666
6_0509,3.5420000076293947,38.77891854893908,4.6652977412731005,152.14,17.200000762939453,1123000.0,6.6999998688697815,5.300000190734863,67.0,30.0,2.9830000400543213
6_0509,5.261400032043457,40.80219028062971,0.8021902806297057,53.5,17.899999618530273,402360.0,6.6999998688697815,5.300000190734863,73.0,32.0,3.5420000076293947
6_0559,0.9233999967575073,26.67488021902806,0.944558521560575,185.23,18.299999237060547,850000.0,10.0,5.800000190734863,0.0,0.0,2.967999982833862
6_0559,1.0851999998092652,28.840520191649556,3.1101984941820673,146.11,19.600000381469727,776000.0,10.0,5.800000190734863,0.0,0.0,0.9233999967575073
6_0559,1.2644000053405762,30.743326488706366,5.0130047912388775,225.22,19.700000762939453,729000.0,10.0,5.800000190734863,5.0,5.0,1.0851999998092652
6_0559,1.2526000022888184,31.698836413415467,5.968514715947981,146.01,18.200000762939453,779020.3333333334,10.0,5.800000190734863,5.0,5.0,1.2644000053405762
6_0559,0.8074000000953674,32.75838466803559,0.676249144421629,93.84,19.299999237060547,985617.0,10.300000011920929,5.800000190734863,1.0,3.0,1.2526000022888184
6_0559,0.8978000044822693,33.7741273100616,1.6919917864476386,61.25,20.0,1002000.0,10.300000011920929,5.800000190734863,1.0,3.0,0.8074000000953674
6_0559,0.998800003528595,34.71594798083505,2.6338124572210813,153.38,20.299999237060547,1223000.0,10.300000011920929,5.800000190734863,1.0,3.0,0.8978000044822693
6_0559,1.0309999942779542,35.7015742642026,3.619438740588638,32.95,20.0,1086182.0,10.300000011920929,5.800000190734863,1.0,4.0,0.998800003528595
6_0559,0.9336000084877014,36.75838466803559,4.676249144421629,153.04,20.5,1283000.0,10.300000011920929,5.800000190734863,1.0,4.0,1.0309999942779542
6_0559,1.0829999923706055,37.81519507186858,5.73305954825462,196.98,19.799999237060547,1275000.0,10.300000011920929,5.800000190734863,1.0,4.0,0.9336000084877014
6_0559,1.1342000007629394,38.77891854893908,6.69678302532512,116.23,19.5,1109000.0,10.300000011920929,5.800000190734863,3.0,8.0,1.0829999923706055
6_0559,1.2362000226974488,40.80219028062971,8.720054757015742,43.19,20.100000381469727,396480.0,10.300000011920929,5.800000190734863,3.0,8.0,1.1342000007629394
6_0560,1.1574000120162964,26.67488021902806,0.944558521560575,185.23,18.299999237060547,857000.0,7.000000059604645,5.800000190734863,0.0,0.0,3.028599977493286
6_0560,1.571999979019165,28.840520191649556,3.1101984941820673,146.11,19.600000381469727,784000.0,7.000000059604645,5.800000190734863,0.0,0.0,1.1574000120162964
6_0560,1.6213999748229981,30.743326488706366,5.0130047912388775,225.22,19.700000762939453,737000.0,7.000000059604645,5.800000190734863,0.0,0.0,1.571999979019165
6_0560,2.7896000385284423,31.698836413415467,5.968514715947981,146.01,18.200000762939453,933290.0,7.000000059604645,5.800000190734863,0.0,0.0,1.6213999748229981
6_0561,1.022599995136261,26.67488021902806,0.944558521560575,185.23,18.299999237060547,858000.0,6.4999998807907104,5.599999904632568,0.0,0.0,2.6303999423980713
6_0561,1.1953999996185303,28.840520191649556,3.1101984941820673,146.11,19.600000381469727,784000.0,6.4999998807907104,5.599999904632568,0.0,0.0,1.022599995136261
6_0561,1.3288000106811524,30.743326488706366,5.0130047912388775,225.22,19.700000762939453,738000.0,6.4999998807907104,5.599999904632568,16.0,11.0,1.1953999996185303
6_0561,1.3675999879837035,31.698836413415467,5.968514715947981,146.01,18.200000762939453,941623.0,6.4999998807907104,5.599999904632568,16.0,11.0,1.3288000106811524
6_0561,1.4431999921798706,32.75838466803559,7.028062970568104,93.84,19.299999237060547,994417.0,6.4999998807907104,5.599999904632568,20.0,17.0,1.3675999879837035
6_0561,1.4019999980926514,33.7741273100616,8.043805612594113,61.25,20.0,1012000.0,6.4999998807907104,5.599999904632568,13.0,16.0,1.4431999921798706
6_0561,1.6777999877929688,34.71594798083505,8.985626283367557,153.38,20.299999237060547,1063626.6666666667,6.4999998807907104,5.599999904632568,13.0,16.0,1.4019999980926514
6_0561,1.9095999956130982,35.7015742642026,0.7008898015058179,32.95,20.0,1267417.75,6.4999998807907104,5.599999904632568,34.0,27.0,1.6777999877929688
6_0561,1.6312000036239624,36.75838466803559,0.676249144421629,153.04,20.5,1257694.75,6.4999998807907104,5.599999904632568,33.0,27.0,1.9095999956130982
6_0561,2.617799997329712,37.81519507186858,1.73305954825462,196.98,19.799999237060547,1254521.5,6.4999998807907104,5.599999904632568,33.0,27.0,1.6312000036239624
6_0561,3.288200044631958,38.77891854893908,2.6967830253251197,116.23,19.5,1084144.2,6.4999998807907104,5.599999904632568,33.0,27.0,2.617799997329712
6_0561,2.3191999912261965,40.80219028062971,1.9685147159479808,43.19,20.100000381469727,558628.0,6.799999892711639,5.599999904632568,23.0,19.0,3.288200044631958
6_0562,1.025600004196167,26.67488021902806,0.944558521560575,185.23,18.299999237060547,856000.0,7.200000047683716,4.099999904632568,0.0,0.0,2.0727999687194822
6_0562,1.1399999856948853,28.840520191649556,3.1101984941820673,146.11,19.600000381469727,783000.0,7.200000047683716,4.099999904632568,0.0,0.0,1.025600004196167
6_0562,1.4592000007629395,30.743326488706366,5.0130047912388775,225.22,19.700000762939453,736000.0,7.200000047683716,4.099999904632568,0.0,0.0,1.1399999856948853
6_0562,1.5197999954223633,31.698836413415467,5.968514715947981,146.01,18.200000762939453,933290.0,7.200000047683716,4.099999904632568,0.0,0.0,1.4592000007629395
6_0563,0.8895999908447265,26.67488021902806,0.944558521560575,185.23,18.299999237060547,857000.0,7.0,3.799999952316284,0.0,0.0,2.0234000205993654
6_0563,0.95660001039505,28.840520191649556,3.1101984941820673,146.11,19.600000381469727,783000.0,7.0,3.799999952316284,0.0,0.0,0.8895999908447265
6_0563,1.0245999813079834,30.743326488706366,5.0130047912388775,225.22,19.700000762939453,736000.0,7.0,3.799999952316284,0.0,0.0,0.95660001039505
6_0563,1.07150000333786,31.698836413415467,5.968514715947981,146.01,18.200000762939453,941623.0,7.0,3.799999952316284,0.0,0.0,1.0245999813079834
6_0563,1.0808000326156617,32.75838466803559,7.028062970568104,93.84,19.299999237060547,994417.0,7.0,3.799999952316284,0.0,0.0,1.07150000333786
6_0563,1.1789999723434448,33.7741273100616,8.043805612594113,61.25,20.0,825650.0,7.0,3.799999952316284,0.0,2.0,1.0808000326156617
6_0563,1.2083999872207642,34.71594798083505,0.5831622176591376,153.38,20.299999237060547,1231000.0,7.0,3.799999952316284,0.0,2.0,1.1789999723434448
6_0563,1.286800003051758,35.7015742642026,1.568788501026694,32.95,20.0,1178417.5,7.0,3.799999952316284,1.0,1.0,1.2083999872207642
6_0563,1.3093999862670898,36.75838466803559,0.758384668035592,153.04,20.5,1292000.0,7.0,3.799999952316284,1.0,2.0,1.286800003051758
6_0563,1.3517999649047852,37.81519507186858,1.8151950718685832,196.98,19.799999237060547,1284000.0,7.0,3.799999952316284,1.0,2.0,1.3093999862670898
6_0563,1.4797999858856201,38.77891854893908,2.7789185489390826,116.23,19.5,1119000.0,7.0,3.799999952316284,1.0,2.0,1.3517999649047852
6_0563,1.8466000080108642,40.80219028062971,4.802190280629706,43.19,20.100000381469727,400680.0,7.0,3.799999952316284,5.0,6.0,1.4797999858856201
6_0564,0.7355999946594238,26.67488021902806,0.944558521560575,185.23,18.299999237060547,855000.0,7.300000011920929,4.400000095367432,0.0,0.0,2.049400043487549
6_0564,0.9149999856948853,28.840520191649556,3.1101984941820673,146.11,19.600000381469727,607353.3333333334,7.300000011920929,4.400000095367432,0.0,0.0,0.7355999946594238
6_0564,1.370799994468689,30.743326488706366,0.4079397672826831,225.22,19.700000762939453,735000.0,7.300000011920929,4.400000095367432,0.0,0.0,0.9149999856948853
6_0564,1.3979999780654908,31.698836413415467,1.3634496919917864,146.01,18.200000762939453,933290.0,7.300000011920929,4.400000095367432,0.0,0.0,1.370799994468689
6_0565,0.7970000028610229,26.67488021902806,0.944558521560575,185.23,18.299999237060547,854000.0,8.20000010728836,4.699999809265137,0.0,0.0,2.331599998474121
6_0565,0.9329999923706055,28.840520191649556,3.1101984941820673,146.11,19.600000381469727,780000.0,8.20000010728836,4.699999809265137,0.0,0.0,0.7970000028610229
6_0565,1.246399998664856,30.743326488706366,5.0130047912388775,225.22,19.700000762939453,591286.6666666666,8.20000010728836,4.699999809265137,17.0,12.0,0.9329999923706055
6_0565,1.4013999938964843,31.698836413415467,0.5311430527036276,146.01,18.200000762939453,941623.0,8.20000010728836,4.699999809265137,17.0,12.0,1.246399998664856
6_0565,1.671399998664856,32.75838466803559,1.5906913073237507,93.84,19.299999237060547,994417.0,8.20000010728836,4.699999809265137,30.0,21.0,1.4013999938964843
6_0565,1.8150000095367431,33.7741273100616,2.6064339493497606,61.25,20.0,868537.5,8.20000010728836,4.699999809265137,48.0,27.0,1.671399998664856
6_0565,2.1923999786376953,34.71594798083505,0.5831622176591376,153.38,20.299999237060547,1228000.0,8.20000010728836,4.699999809265137,48.0,27.0,1.8150000095367431
6_0565,2.133000040054321,35.7015742642026,1.568788501026694,32.95,20.0,1310000.0,8.20000010728836,4.699999809265137,3.0,12.0,2.1923999786376953
6_0565,2.2269999980926514,36.75838466803559,2.625598904859685,153.04,20.5,1288000.0,8.20000010728836,4.699999809265137,28.0,19.0,2.133000040054321
6_0565,2.7848000049591066,37.81519507186858,3.682409308692676,196.98,19.799999237060547,1280000.0,8.20000010728836,4.699999809265137,28.0,19.0,2.2269999980926514
6_0565,3.4881999492645264,38.77891854893908,4.646132785763176,116.23,19.5,1115000.0,8.20000010728836,4.699999809265137,28.0,19.0,2.7848000049591066
6_0565,4.070200061798095,40.80219028062971,6.669404517453799,43.19,20.100000381469727,399000.0,8.20000010728836,4.699999809265137,28.0,19.0,3.4881999492645264
6_0566,0.7705999970436096,26.67488021902806,0.944558521560575,185.23,18.299999237060547,856000.0,7.900000035762787,5.599999904632568,0.0,0.0,3.049399995803833
6_0566,0.9079999923706055,28.840520191649556,3.1101984941820673,146.11,19.600000381469727,783000.0,7.900000035762787,5.599999904632568,0.0,0.0,0.7705999970436096
6_0566,1.1583999872207642,30.743326488706366,5.0130047912388775,225.22,19.700000762939453,736000.0,7.900000035762787,5.599999904632568,0.0,0.0,0.9079999923706055
6_0566,1.1468000054359435,31.698836413415467,5.968514715947981,146.01,18.200000762939453,941623.0,7.900000035762787,5.599999904632568,0.0,0.0,1.1583999872207642
6_0566,1.112599992752075,32.75838466803559,7.028062970568104,93.84,19.299999237060547,994417.0,7.900000035762787,5.599999904632568,0.0,0.0,1.1468000054359435
6_0566,1.1868000268936156,33.7741273100616,8.043805612594113,61.25,20.0,1010000.0,7.900000035762787,5.599999904632568,0.0,0.0,1.112599992752075
6_0566,1.3664000034332275,34.71594798083505,8.985626283367557,153.38,20.299999237060547,1230000.0,7.900000035762787,5.599999904632568,0.0,0.0,1.1868000268936156
6_0566,1.334600019454956,35.7015742642026,9.971252566735114,32.95,20.0,1312000.0,7.900000035762787,5.599999904632568,0.0,0.0,1.3664000034332275
6_0566,1.2009999990463256,36.75838466803559,11.028062970568104,153.04,20.5,1291000.0,7.900000035762787,5.599999904632568,0.0,0.0,1.334600019454956
6_0566,1.3368000030517577,37.81519507186858,12.084873374401095,196.98,19.799999237060547,1283000.0,7.900000035762787,5.599999904632568,0.0,0.0,1.2009999990463256
6_0566,1.234999990463257,38.77891854893908,13.048596851471595,116.23,19.5,1118000.0,7.900000035762787,5.599999904632568,0.0,0.0,1.3368000030517577
6_0566,1.3824000120162965,40.80219028062971,15.071868583162217,43.19,20.100000381469727,400260.0,7.900000035762787,5.599999904632568,0.0,0.0,1.234999990463257
6_0567,0.6055999994277954,26.67488021902806,0.944558521560575,185.23,18.299999237060547,856000.0,7.999999940395355,5.5,0.0,0.0,4.1055999279022215
6_0567,0.7321999907493592,28.840520191649556,3.1101984941820673,146.11,19.600000381469727,782000.0,7.999999940395355,5.5,0.0,0.0,0.6055999994277954
6_0567,0.8004000067710877,30.743326488706366,5.0130047912388775,225.22,19.700000762939453,735000.0,7.999999940395355,5.5,0.0,0.0,0.7321999907493592
6_0567,0.8421999931335449,31.698836413415467,5.968514715947981,146.01,18.200000762939453,785975.6666666666,7.999999940395355,5.5,0.0,0.0,0.8004000067710877
6_0567,0.9109999895095825,32.75838466803559,0.676249144421629,93.84,19.299999237060547,994417.0,8.299999952316284,5.5,0.0,0.0,0.8421999931335449
6_0567,0.8827999949455261,33.7741273100616,1.6919917864476386,61.25,20.0,1010000.0,8.299999952316284,5.5,0.0,0.0,0.9109999895095825
6_0567,0.871999990940094,34.71594798083505,2.6338124572210813,153.38,20.299999237060547,1230000.0,8.299999952316284,5.5,0.0,0.0,0.8827999949455261
6_0567,0.871399986743927,35.7015742642026,3.619438740588638,32.95,20.0,1177520.0,8.299999952316284,5.5,4.0,5.0,0.871999990940094
6_0567,0.8967999935150146,36.75838466803559,0.758384668035592,153.04,20.5,1290000.0,8.299999952316284,5.5,7.0,12.0,0.871399986743927
6_0567,1.0019999742507935,37.81519507186858,1.8151950718685832,196.98,19.799999237060547,1283000.0,8.299999952316284,5.5,7.0,12.0,0.8967999935150146
6_0567,1.1605999946594239,38.77891854893908,2.7789185489390826,116.23,19.5,1117000.0,8.299999952316284,5.5,7.0,12.0,1.0019999742507935
6_0567,1.4333999872207641,40.80219028062971,4.802190280629706,43.19,20.100000381469727,400260.0,8.299999952316284,5.5,7.0,12.0,1.1605999946594239
6_0568,0.8572000026702881,26.67488021902806,0.944558521560575,185.23,18.299999237060547,853000.0,8.900000095367432,5.0,0.0,0.0,3.1952000141143797
6_0568,1.0109999895095825,28.840520191649556,3.1101984941820673,146.11,19.600000381469727,605023.3333333334,8.900000095367432,5.0,0.0,0.0,0.8572000026702881
6_0568,1.1943999767303466,30.743326488706366,1.4921286789869952,225.22,19.700000762939453,732000.0,8.900000095367432,5.0,1.0,1.0,1.0109999895095825
6_0568,1.099400019645691,31.698836413415467,2.4476386036960984,146.01,18.200000762939453,824887.5,8.900000095367432,5.0,1.0,1.0,1.1943999767303466
6_0568,1.134000015258789,32.75838466803559,0.676249144421629,93.84,19.299999237060547,994417.0,8.900000095367432,5.0,4.0,5.0,1.099400019645691
6_0568,1.1073999762535096,33.7741273100616,1.6919917864476386,61.25,20.0,1006000.0,8.900000095367432,5.0,4.0,5.0,1.134000015258789
6_0568,1.1670000314712525,34.71594798083505,2.6338124572210813,153.38,20.299999237060547,1226000.0,8.900000095367432,5.0,4.0,5.0,1.1073999762535096
6_0568,1.1350000381469727,35.7015742642026,3.619438740588638,32.95,20.0,1308000.0,8.900000095367432,5.0,8.0,9.0,1.1670000314712525
6_0568,1.0185999751091004,36.75838466803559,4.676249144421629,153.04,20.5,1286000.0,8.900000095367432,5.0,8.0,9.0,1.1350000381469727
6_0568,1.2079999923706055,37.81519507186858,5.73305954825462,196.98,19.799999237060547,1278000.0,8.900000095367432,5.0,8.0,9.0,1.0185999751091004
6_0568,1.1710000038146973,38.77891854893908,6.69678302532512,116.23,19.5,1113000.0,8.900000095367432,5.0,5.0,12.0,1.2079999923706055
6_0568,1.440399980545044,40.80219028062971,8.720054757015742,43.19,20.100000381469727,398160.0,8.900000095367432,5.0,5.0,12.0,1.1710000038146973
6_0569,1.144600009918213,28.840520191649556,3.1101984941820673,190.45,17.5,778000.0,9.799999952316284,5.300000190734863,0.0,0.0,0.9044000148773194
6_0569,1.554200005531311,30.743326488706366,5.0130047912388775,179.38,17.600000381469727,731000.0,9.799999952316284,5.300000190734863,87.0,33.0,1.144600009918213
6_0569,1.6680000066757201,31.698836413415467,5.968514715947981,165.63,15.899999618530273,933290.0,9.799999952316284,5.300000190734863,87.0,33.0,1.554200005531311
6_0569,2.036999988555908,32.75838466803559,7.028062970568104,89.76,17.200000762939453,985617.0,9.799999952316284,5.300000190734863,88.0,33.0,1.6680000066757201
6_0569,2.2444000244140625,33.7741273100616,8.043805612594113,87.16,17.799999237060547,827450.0,9.799999952316284,5.300000190734863,81.0,33.0,2.036999988555908
6_0569,1.0827999830245971,34.71594798083505,0.5995893223819302,169.7,18.0,1226000.0,10.299999952316284,5.300000190734863,81.0,33.0,2.2444000244140625
6_0569,1.1882000207901,35.7015742642026,1.5852156057494866,48.04,17.899999618530273,1086182.0,10.299999952316284,5.300000190734863,76.0,33.0,1.0827999830245971
6_0569,1.242199993133545,36.75838466803559,2.642026009582478,162.01,18.200000762939453,1285000.0,10.299999952316284,5.300000190734863,76.0,33.0,1.1882000207901
6_0569,1.4375999927520753,37.81519507186858,3.698836413415469,163.21,17.600000381469727,1277000.0,10.299999952316284,5.300000190734863,76.0,33.0,1.242199993133545
6_0569,1.5911999940872192,38.77891854893908,4.662559890485968,152.14,17.200000762939453,1112000.0,10.299999952316284,5.300000190734863,87.0,33.0,1.4375999927520753
6_0569,2.247800016403198,40.80219028062971,6.685831622176591,53.5,17.899999618530273,397740.0,10.299999952316284,5.300000190734863,88.0,33.0,1.5911999940872192
6_0570,0.973200011253357,28.840520191649556,3.1101984941820673,190.45,17.5,780000.0,8.699999928474426,5.5,0.0,0.0,0.806000006198883
6_0570,1.37020001411438,30.743326488706366,5.0130047912388775,179.38,17.600000381469727,610833.3333333334,8.699999928474426,5.5,16.0,9.0,0.973200011253357
6_0570,1.5135999917984009,31.698836413415467,0.6160164271047228,165.63,15.899999618530273,941623.0,8.699999928474426,5.5,16.0,9.0,1.37020001411438
6_0570,1.881500005722046,32.75838466803559,1.675564681724846,89.76,17.200000762939453,994417.0,8.699999928474426,5.5,48.0,28.0,1.5135999917984009
6_0570,2.1329999923706056,33.7741273100616,2.6913073237508556,87.16,17.799999237060547,873572.5,8.699999928474426,5.5,42.0,26.0,1.881500005722046
6_0570,1.1128000020980835,34.71594798083505,0.5995893223819302,169.7,18.0,1227000.0,9.09999993443489,5.5,42.0,26.0,2.1329999923706056
6_0570,1.197000002861023,35.7015742642026,1.5852156057494866,48.04,17.899999618530273,1309000.0,9.09999993443489,5.5,53.0,31.0,1.1128000020980835
6_0570,1.3109999656677247,36.75838466803559,2.642026009582478,162.01,18.200000762939453,1287000.0,9.09999993443489,5.5,53.0,31.0,1.197000002861023
6_0570,1.395199990272522,37.81519507186858,3.698836413415469,163.21,17.600000381469727,1279000.0,9.09999993443489,5.5,53.0,31.0,1.3109999656677247
6_0570,1.5477999687194823,38.77891854893908,4.662559890485968,152.14,17.200000762939453,1114000.0,9.09999993443489,5.5,67.0,32.0,1.395199990272522
6_0570,2.0065999746322634,40.80219028062971,6.685831622176591,53.5,17.899999618530273,398580.0,9.09999993443489,5.5,72.0,31.0,1.5477999687194823
6_0571,0.9351999998092652,28.840520191649556,3.1101984941820673,190.45,17.5,776000.0,10.199999809265137,5.699999809265137,0.0,0.0,0.9149999976158142
6_0571,1.0583999872207641,30.743326488706366,5.0130047912388775,179.38,17.600000381469727,728000.0,10.199999809265137,5.699999809265137,4.0,2.0,0.9351999998092652
6_0571,1.0376000165939332,31.698836413415467,5.968514715947981,165.63,15.899999618530273,933290.0,10.199999809265137,5.699999809265137,4.0,2.0,1.0583999872207641
6_0571,1.158999991416931,32.75838466803559,7.028062970568104,89.76,17.200000762939453,985617.0,10.199999809265137,5.699999809265137,2.0,3.0,1.0376000165939332
6_0571,1.1980000019073487,33.7741273100616,8.043805612594113,87.16,17.799999237060547,821640.0,10.199999809265137,5.699999809265137,2.0,3.0,1.158999991416931
6_0571,1.1245999813079834,34.71594798083505,0.5886379192334018,169.7,18.0,1223000.0,10.199999809265137,5.699999809265137,2.0,3.0,1.1980000019073487
6_0571,1.152999997138977,35.7015742642026,1.5742642026009583,48.04,17.899999618530273,1304000.0,10.199999809265137,5.699999809265137,0.0,3.0,1.1245999813079834
6_0571,1.1278000116348266,36.75838466803559,2.631074606433949,162.01,18.200000762939453,1282000.0,10.199999809265137,5.699999809265137,0.0,3.0,1.152999997138977
6_0571,1.230399990081787,37.81519507186858,3.6878850102669403,163.21,17.600000381469727,1274000.0,10.199999809265137,5.699999809265137,0.0,3.0,1.1278000116348266
6_0571,1.2763999938964843,38.77891854893908,4.65160848733744,152.14,17.200000762939453,1109000.0,10.199999809265137,5.699999809265137,2.0,3.0,1.230399990081787
6_0571,1.5710000038146972,40.80219028062971,0.8021902806297057,53.5,17.899999618530273,396480.0,10.199999809265137,5.699999809265137,7.0,5.0,1.2763999938964843
6_7455,0.5413999915122986,29.89185489390828,0.5366187542778919,622.41,16.0,1425967.0,4.899999976158142,4.599999904632568,0.0,0.0,1.1845999956130981
6_7455,0.5412000060081482,31.55920602327173,2.2039698836413417,363.64,15.600000381469727,1320000.0,4.899999976158142,4.599999904632568,0.0,0.0,0.5413999915122986
6_7455,0.5686000108718872,33.516769336071185,4.161533196440794,457.76,16.0,1612000.0,4.899999976158142,4.599999904632568,0.0,0.0,0.5412000060081482
6_7455,0.5883999943733216,35.860369609856264,6.505133470225872,323.12,15.399999618530273,1399000.0,4.899999976158142,4.599999904632568,1.0,1.0,0.5686000108718872
6_7455,0.6016000151634217,39.619438740588635,2.308008213552361,769.43,14.800000190734863,1464000.0,6.5,4.599999904632568,1.0,1.0,0.5883999943733216
6_7455,0.6446000099182129,40.8870636550308,3.575633127994524,510.68,15.899999618530273,1567523.0,6.5,4.599999904632568,0.0,0.0,0.6016000151634217
6_7455,0.6557999968528747,41.75496235455168,4.4435318275154,130.28,15.899999618530273,1654582.0,6.5,4.599999904632568,0.0,0.0,0.6446000099182129
6_7455,0.6664000034332276,42.899383983572896,5.587953456536619,479.08,17.299999237060547,1698425.0,6.5,4.599999904632568,0.0,0.0,0.6557999968528747
6_7455,0.6455999970436096,43.748117727583846,6.436687200547571,289.33,16.700000762939453,1733918.0,6.5,4.599999904632568,0.0,0.0,0.6664000034332276
6_7456,0.8174000024795532,29.724845995893222,0.5393566050650239,622.41,16.0,1307000.0,4.700000047683716,4.800000190734863,0.0,0.0,2.4305999755859373
6_7456,0.7965999960899353,31.392197125256672,2.206707734428474,363.64,15.600000381469727,1553000.0,4.700000047683716,4.800000190734863,0.0,0.0,0.8174000024795532
6_7456,0.8305999994277954,33.34976043805612,4.164271047227926,457.76,16.0,1308933.0,4.700000047683716,4.800000190734863,0.0,0.0,0.7965999960899353
6_7456,0.8009999990463257,39.45242984257358,10.26694045174538,769.43,14.800000190734863,1367494.0,4.700000047683716,4.800000190734863,0.0,0.0,0.8305999994277954
6_7456,0.8248000025749207,40.720054757015745,11.534565366187543,510.68,15.899999618530273,1403098.0,4.700000047683716,4.800000190734863,0.0,0.0,0.8009999990463257
6_7456,0.8325999975204468,41.58795345653662,12.402464065708418,130.28,15.899999618530273,1174675.0,4.700000047683716,4.800000190734863,0.0,0.0,0.8248000025749207
6_7456,0.9271999955177307,42.732375085557834,0.813141683778234,479.08,17.299999237060547,1520269.0,4.700000047683716,4.800000190734863,0.0,0.0,0.8325999975204468
6_7456,0.9174000024795532,43.58110882956879,1.6618754277891854,289.33,16.700000762939453,1552038.0,4.700000047683716,4.800000190734863,0.0,0.0,0.9271999955177307
6_7491,1.7745999813079834,23.613963039014372,2.6830937713894594,224.38,18.799999237060547,604524.0,4.299999952316284,4.800000190734863,0.0,0.0,1.5766000032424927
6_7491,1.987599992752075,24.54483230663929,3.6139630390143735,300.61,19.200000762939453,469948.0,4.299999952316284,4.800000190734863,0.0,0.0,1.7745999813079834
6_7491,2.2826000213623048,25.51129363449692,4.5804243668720055,382.65,18.600000381469727,468664.0,4.299999952316284,4.800000190734863,0.0,0.0,1.987599992752075
6_7491,2.944599962234497,27.737166324435318,6.806297056810404,174.14,20.0,455378.0,4.299999952316284,4.800000190734863,0.0,0.0,2.2826000213623048
6_7491,3.2080000400543214,29.579739904175224,8.648870636550308,225.38,19.799999237060547,515234.0,4.299999952316284,4.800000190734863,29.0,18.0,2.944599962234497
6_7491,0.7513999938964844,30.704996577686515,0.12320328542094455,244.13,18.5,486346.0,7.100000023841858,4.800000190734863,19.0,16.0,3.2080000400543214
6_7491,0.7994000077247619,31.589322381930184,1.0075290896646132,105.15,19.899999618530273,855166.0,7.100000023841858,4.800000190734863,0.0,0.0,0.7513999938964844
6_7491,0.7977999925613404,32.62422997946612,2.0424366872005475,90.69,20.299999237060547,857509.0,7.100000023841858,4.800000190734863,0.0,0.0,0.7994000077247619
6_7491,0.8363999962806702,34.53251197809719,3.9507186858316223,41.44,20.299999237060547,989770.0,7.100000023841858,4.800000190734863,0.0,0.0,0.7977999925613404
6_7491,0.8589999914169312,36.64613278576318,6.064339493497604,301.31,19.799999237060547,1043309.0,7.100000023841858,4.800000190734863,0.0,0.0,0.8363999962806702
6_7491,0.9100000023841858,39.62217659137577,9.040383299110198,193.42,20.100000381469727,1066457.0,7.100000023841858,4.800000190734863,4.0,7.0,0.8589999914169312
6_7491,1.0156000137329102,43.356605065023956,12.774811772758385,327.94,19.399999618530273,1478535.0,7.100000023841858,4.800000190734863,8.0,12.0,0.9100000023841858
6_7491,1.0187999844551086,44.59958932238193,0.5995893223819302,158.17,20.700000762939453,1687725.0,7.100000023841858,4.800000190734863,8.0,12.0,1.0156000137329102
6_7491,1.042799973487854,45.45927446954141,1.45927446954141,312.51,19.600000381469727,1774278.3333333333,7.100000023841858,4.800000190734863,9.0,15.0,1.0187999844551086
6_7491,0.8672000169754028,46.61190965092403,0.6105407255304586,234.98,20.899999618530273,1850758.0,8.199999809265137,4.800000190734863,9.0,15.0,1.042799973487854
6_7491,0.5009999990463256,47.45242984257358,1.4510609171800137,160.91,20.700000762939453,1973967.0,8.199999809265137,4.800000190734863,0.0,0.0,0.8672000169754028
6_7491,0.5085999965667725,49.52224503764545,3.5208761122518824,271.14,21.200000762939453,2247619.0,8.199999809265137,4.800000190734863,0.0,0.0,0.5009999990463256
6_8149,0.9294000029563904,19.613963039014372,1.998631074606434,179.26,17.100000381469727,943069.0,5.30000002682209,5.0,0.0,1.0,0.8644000053405761
6_8149,1.0935999870300293,20.54483230663929,2.9295003422313486,280.64,17.5,1040000.0,5.30000002682209,5.0,0.0,1.0,0.9294000029563904
6_8149,0.7314000010490418,21.508555783709788,0.08487337440109514,383.43,16.899999618530273,484800.0,5.300000071525574,5.0,1.0,6.0,1.0935999870300293
6_8149,0.6547999978065491,23.737166324435318,2.3134839151266258,189.86,18.200000762939453,889000.0,5.300000071525574,5.0,1.0,6.0,0.7314000010490418
6_8149,0.6539999961853027,25.579739904175224,4.15605749486653,284.34,18.299999237060547,852000.0,5.300000071525574,5.0,0.0,0.0,0.6547999978065491
6_8149,0.6557999968528747,26.529774127310063,5.106091718001369,188.21,16.799999237060547,1044000.0,5.300000071525574,5.0,0.0,0.0,0.6539999961853027
6_8149,0.6799999952316285,27.572895277207394,6.1492128678987,108.49,18.200000762939453,901000.0,5.300000071525574,5.0,0.0,0.0,0.6557999968528747
6_8149,0.6847999811172485,28.62422997946612,7.200547570157426,94.68,18.700000762939453,1145000.0,5.300000071525574,5.0,0.0,2.0,0.6799999952316285
6_8149,0.7062000036239624,30.532511978097194,9.1088295687885,35.9,18.799999237060547,1445000.0,5.300000071525574,5.0,0.0,2.0,0.6847999811172485
6_8149,0.8154000043869019,32.64613278576318,11.222450376454484,302.35,18.299999237060547,1425000.0,5.300000071525574,5.0,2.0,9.0,0.7062000036239624
6_8149,1.025000011920929,35.62217659137577,14.198494182067078,110.48,18.600000381469727,1108000.0,5.300000071525574,5.0,34.0,33.0,0.8154000043869019
6_8149,0.9935999989509583,38.25872689938399,1.5085557837097878,138.24,18.399999618530273,1067625.0,5.500000074505806,5.0,8.0,11.0,1.025000011920929
6_8149,1.2282000064849854,40.59958932238193,0.5995893223819302,161.7,19.100000381469727,1074668.0,5.500000074505806,5.0,40.0,30.0,0.9935999989509583
6_8149,1.2677999973297118,41.45927446954141,1.45927446954141,194.65,18.200000762939453,599940.0,5.500000074505806,5.0,40.0,30.0,1.2282000064849854
6_8149,0.9607999920845032,42.614647501711154,0.6132785763175906,161.38,19.600000381469727,1239175.0,7.699999883770943,5.0,40.0,30.0,1.2677999973297118
6_8149,0.5912000060081481,43.45242984257358,1.4510609171800137,150.78,19.200000762939453,1248300.0,7.699999883770943,5.0,0.0,0.0,0.9607999920845032
6_8149,0.6307999968528748,45.52224503764545,3.5208761122518824,308.93,19.600000381469727,1277500.0,7.699999883770943,5.0,0.0,0.0,0.5912000060081481
6_8150,0.9899999976158143,12.405201916495551,7.958932238193018,295.0,17.299999237060547,121347.0,4.4000000059604645,6.0,0.0,0.0,0.8941999912261963
6_8150,1.001800012588501,13.399041752224504,0.5667351129363449,546.81,15.600000381469727,221694.0,4.4000000059604645,6.0,0.0,0.0,0.9899999976158143
6_8150,0.9953999996185303,14.431211498973306,1.5989048596851472,184.76,16.700000762939453,117973.33333333333,4.4000000059604645,6.0,8.0,28.0,1.001800012588501
6_8150,1.6046000003814698,15.096509240246407,0.2655715263518138,184.76,16.700000762939453,117973.33333333333,5.4000000059604645,6.0,8.0,28.0,0.9953999996185303
6_8150,1.5651999950408935,16.37782340862423,1.5468856947296372,403.05,17.100000381469727,177000.0,5.4000000059604645,6.0,0.0,0.0,1.6046000003814698
6_8150,1.5790000200271606,17.470225872689937,2.639288158795346,179.4,17.0,221000.0,5.4000000059604645,6.0,0.0,0.0,1.5651999950408935
6_8150,1.5616000175476075,19.482546201232033,4.65160848733744,409.81,17.100000381469727,278000.0,5.4000000059604645,6.0,5.0,14.0,1.5790000200271606
6_8150,1.5984000205993651,22.4476386036961,7.616700889801506,172.49,17.299999237060547,412000.0,5.4000000059604645,6.0,10.0,22.0,1.5616000175476075
6_8150,1.6290000200271606,25.125256673511295,10.294318959616701,239.86,17.200000762939453,337570.0,5.4000000059604645,6.0,12.0,24.0,1.5984000205993651
6_8150,1.6777999877929688,26.45311430527036,0.621492128678987,342.67,16.100000381469727,171693.33333333334,5.4000000059604645,6.0,18.0,22.0,1.6290000200271606
6_8150,0.9658000111579895,27.45242984257358,0.621492128678987,239.8,17.799999237060547,259739.0,7.499999761581421,6.0,18.0,22.0,1.6777999877929688
6_8150,0.9830000042915344,28.32580424366872,1.4948665297741273,215.92,17.299999237060547,224360.0,7.499999761581421,6.0,0.0,0.0,0.9658000111579895
6_8150,1.049399995803833,29.464750171115675,0.6324435318275154,261.84,18.700000762939453,379000.0,8.499999761581421,6.0,0.0,0.0,0.9830000042915344
6_8150,1.0513999700546264,30.305270362765228,1.4729637234770705,317.99,18.200000762939453,350000.0,8.499999761581421,6.0,0.0,0.0,1.049399995803833
6_8150,1.0829999923706055,32.427104722792606,3.594798083504449,520.11,18.299999237060547,616912.0,8.499999761581421,6.0,0.0,0.0,1.0513999700546264
6_8153,1.4341999769210816,14.614647501711156,3.0362765229295,425.36,15.899999618530273,18673.0,4.099999964237213,6.199999809265137,1.0,10.0,1.24760000705719
6_8153,1.5473999738693238,15.630390143737166,4.05201916495551,405.23,15.399999618530273,10421.0,4.099999964237213,6.199999809265137,1.0,10.0,1.4341999769210816
6_8153,1.6496000289916992,17.659137577002053,6.080766598220397,645.27,15.300000190734863,20905.5,4.099999964237213,6.199999809265137,6.0,15.0,1.5473999738693238
6_8153,0.7787999987602234,19.690622861054074,1.6317590691307324,353.13,15.800000190734863,38000.0,5.199999988079071,6.199999809265137,0.0,3.0,1.6496000289916992
6_8153,0.7585999965667725,20.57221081451061,2.513347022587269,729.09,14.5,49000.0,5.199999988079071,6.199999809265137,7.0,5.0,0.7787999987602234
6_8153,0.903599989414215,22.261464750171115,4.202600958247776,265.75,14.300000190734863,50000.0,5.199999988079071,6.199999809265137,7.0,5.0,0.7585999965667725
6_8153,1.1947999715805053,24.306639288158795,0.4736481861738535,466.24,14.800000190734863,39750.0,5.399999991059303,6.199999809265137,16.0,19.0,0.903599989414215
6_8153,1.1482000350952148,25.29226557152635,1.45927446954141,273.35,14.600000381469727,57000.0,5.399999991059303,6.199999809265137,16.0,19.0,1.1947999715805053
6_8153,1.5583999872207641,27.304585900068446,3.4715947980835042,392.72,15.100000381469727,59000.0,5.399999991059303,6.199999809265137,15.0,23.0,1.1482000350952148
6_8153,2.252600002288818,30.288843258042437,1.374401095140315,222.77,14.800000190734863,47645.666666666664,5.399999991059303,6.199999809265137,33.0,34.0,1.5583999872207641
6_8153,2.932000017166138,30.76249144421629,1.8480492813141685,358.21,15.100000381469727,40091.333333333336,5.399999991059303,6.199999809265137,33.0,34.0,2.252600002288818
6_8153,2.5070000171661375,32.303901437371664,0.5557837097878165,306.25,15.0,42757.25,5.399999991059303,6.199999809265137,53.0,32.0,2.932000017166138
6_8156,1.7088000059127808,17.530458590006845,3.0362765229295,492.8,16.0,93000.0,3.8999999538064003,15.0,6.0,5.0,1.5281999826431274
6_8156,1.7618000030517578,18.546201232032853,4.05201916495551,462.45,15.300000190734863,66003.0,3.8999999538064003,15.0,6.0,5.0,1.7088000059127808
6_8156,1.9448000192642212,20.57494866529774,6.080766598220397,574.99,15.800000190734863,64441.0,3.8999999538064003,15.0,6.0,5.0,1.7618000030517578
6_8156,2.2161999702453614,22.60369609856263,8.109514031485284,374.43,16.100000381469727,78000.0,3.8999999538064003,15.0,79.0,33.0,1.9448000192642212
6_8156,2.3278000354766846,24.281998631074607,9.787816563997263,745.67,14.100000381469727,61316.0,3.8999999538064003,15.0,79.0,33.0,2.2161999702453614
6_8156,2.328800010681152,25.177275838466805,0.42984257357973993,253.5,15.199999809265137,62010.0,3.8999999538064003,15.0,51.0,33.0,2.3278000354766846
6_8156,2.5549999713897704,27.222450376454482,0.13963039014373715,514.19,15.899999618530273,77106.66666666667,4.0999999567866325,15.0,55.0,30.0,2.328800010681152
6_8156,2.224199962615967,28.20807665982204,1.1252566735112937,272.3,15.800000190734863,124000.0,4.0999999567866325,15.0,55.0,30.0,2.5549999713897704
6_8156,2.4071999549865724,30.220396988364133,3.137577002053388,393.92,15.899999618530273,138000.0,4.0999999567866325,15.0,54.0,33.0,2.224199962615967
6_8156,2.5609999656677247,32.5284052019165,5.44558521560575,204.78,15.899999618530273,143000.0,4.0999999567866325,15.0,82.0,33.0,2.4071999549865724
6_8156,2.4191999435424805,35.219712525667354,8.136892539356605,303.95,15.899999618530273,145675.0,4.0999999567866325,15.0,82.0,33.0,2.5609999656677247
6_8156,2.6028000354766845,37.544147843942504,0.6297056810403833,295.75,16.200000762939453,154917.66666666666,4.0999999567866325,15.0,86.0,33.0,2.4191999435424805
6_8156,2.5601999759674072,38.41204654346338,0.6625598904859685,131.76,16.100000381469727,159015.85714285713,4.0999999567866325,15.0,86.0,33.0,2.6028000354766845
6_8156,2.5534000396728516,39.55099247091034,0.6351813826146475,296.08,17.299999237060547,180825.0,4.0999999567866325,15.0,86.0,33.0,2.5601999759674072
6_8156,2.5852000236511232,40.39151266255989,1.4757015742642026,200.64,16.799999237060547,177101.5,4.0999999567866325,15.0,86.0,33.0,2.5534000396728516
6_8156,0.9832000017166138,42.502395619438744,1.7357973990417521,400.27,16.799999237060547,102142.0,5.300000004470348,15.0,0.0,0.0,2.5852000236511232
6_8201,1.3685999870300294,23.824777549623544,6.05886379192334,612.34,16.200000762939453,41000.0,4.700000002980232,4.800000190734863,0.0,0.0,1.4184000015258789
6_8201,1.5281999826431274,25.853524982888434,8.087611225188228,384.08,16.200000762939453,122000.0,4.700000002980232,4.800000190734863,0.0,0.0,1.3685999870300294
6_8201,1.544000005722046,26.7378507871321,8.971937029431896,876.49,14.300000190734863,124000.0,4.700000002980232,4.800000190734863,0.0,0.0,1.5281999826431274
6_8201,1.605999970436096,28.42984257357974,10.663928815879535,252.62,15.800000190734863,157000.0,4.700000002980232,4.800000190734863,0.0,0.0,1.544000005722046
6_8201,1.6363999843597412,30.5160848733744,12.750171115674195,554.39,16.299999237060547,167000.0,4.700000002980232,4.800000190734863,0.0,0.0,1.605999970436096
6_8201,1.6128000020980835,31.457905544147845,13.69199178644764,382.21,16.100000381469727,182000.0,4.700000002980232,4.800000190734863,0.0,0.0,1.6363999843597412
6_8201,1.652999997138977,33.46748802190281,15.7015742642026,385.23,16.200000762939453,176000.0,4.700000002980232,4.800000190734863,0.0,0.0,1.6128000020980835
6_8201,1.670199990272522,33.776865160848736,16.01095140314853,500.08,16.200000762939453,186000.0,4.700000002980232,4.800000190734863,0.0,0.0,1.652999997138977
6_8202,2.2573999881744387,24.7419575633128,6.05886379192334,484.4,18.200000762939453,251018.0,5.100000098347664,11.600000381469727,5.0,11.0,2.087599992752075
6_8202,2.412400007247925,26.767967145790553,8.084873374401095,285.24,18.5,257763.0,5.100000098347664,11.600000381469727,5.0,11.0,2.2573999881744387
6_8202,2.355800008773804,27.65776865160849,8.974674880219029,532.5,16.600000381469727,202356.0,5.100000098347664,11.600000381469727,34.0,14.0,2.412400007247925
6_8202,2.632800006866455,29.34428473648186,10.661190965092402,203.09,17.5,270290.0,5.100000098347664,11.600000381469727,34.0,14.0,2.355800008773804
6_8202,2.53319993019104,31.430527036276523,0.34496919917864477,377.28,18.600000381469727,221880.0,5.100000098347664,11.600000381469727,2.0,13.0,2.632800006866455
6_8202,2.4461999893188477,32.38329911019849,1.297741273100616,154.49,18.299999237060547,351232.0,5.100000098347664,11.600000381469727,2.0,13.0,2.53319993019104
6_8202,2.8125999927520753,34.392881587953454,3.3073237508555784,334.78,18.5,348330.0,5.100000098347664,11.600000381469727,0.0,13.0,2.4461999893188477
6_8202,3.098199987411499,37.37713894592745,6.291581108829569,205.01,18.200000762939453,374359.0,5.100000098347664,11.600000381469727,12.0,15.0,2.8125999927520753
6_8534,0.6821999907493591,23.159479808350444,0.6461327857631759,161.08,22.799999237060547,137579.0,8.299999952316284,6.599999904632568,0.0,9.0,1.4204000234603882
6_8534,0.6906000018119812,24.164271047227928,1.6509240246406571,129.8,22.100000381469727,127239.0,8.299999952316284,6.599999904632568,0.0,0.0,0.6821999907493591
6_8534,0.7014000058174134,26.272416153319643,3.759069130732375,73.99,23.5,132094.0,8.299999952316284,6.599999904632568,0.0,0.0,0.6906000018119812
6_8534,0.7332000017166138,28.145106091718002,5.631759069130732,182.79,23.399999618530273,162754.0,8.299999952316284,6.599999904632568,0.0,0.0,0.7014000058174134
6_8534,0.7553999900817872,29.114305270362767,6.6009582477754964,100.24,22.100000381469727,141776.5,8.299999952316284,6.599999904632568,0.0,0.0,0.7332000017166138
6_8534,0.7952000021934509,30.187542778918548,0.6078028747433265,46.35,23.100000381469727,214620.0,8.299999952316284,6.599999904632568,0.0,0.0,0.7553999900817872
6_8534,0.7929999947547912,31.64681724845996,2.0670773442847366,35.44,23.700000762939453,189000.0,8.299999952316284,6.599999904632568,0.0,0.0,0.7952000021934509
6_8534,1.1526000022888183,32.87337440109514,0.6735112936344969,101.09,23.899999618530273,77600.0,10.5,6.599999904632568,0.0,0.0,0.7929999947547912
6_8534,1.0980000019073486,33.8507871321013,1.6509240246406571,11.48,23.5,266000.0,10.5,6.599999904632568,0.0,0.0,1.1526000022888183
6_8534,1.080399990081787,35.92881587953457,3.728952772073922,143.11,23.399999618530273,262349.0,10.5,6.599999904632568,0.0,0.0,1.0980000019073486
6_8534,1.3892000198364258,38.06707734428473,5.867214236824093,79.71,23.399999618530273,255000.0,10.5,6.599999904632568,1.0,2.0,1.080399990081787
6_8534,1.4105999946594239,40.84052019164955,1.2594113620807665,33.98,23.5,178000.0,10.5,6.599999904632568,6.0,14.0,1.3892000198364258
6_8534,1.4205999851226807,41.94113620807666,0.5284052019164955,134.83,22.700000762939453,166521.66666666666,11.199999988079071,6.599999904632568,0.0,0.0,1.4105999946594239
6_8534,1.3361999988555908,43.18412046543463,1.7713894592744694,136.29,24.100000381469727,166000.0,11.199999988079071,6.599999904632568,0.0,0.0,1.4205999851226807
6_8534,1.3728000164031982,44.04380561259411,2.631074606433949,72.04,23.399999618530273,161000.0,11.199999988079071,6.599999904632568,0.0,3.0,1.3361999988555908
6_8534,1.4822000026702882,45.19644079397673,3.783709787816564,29.02,24.799999237060547,150000.0,11.199999988079071,6.599999904632568,0.0,3.0,1.3728000164031982
6_8534,1.436199998855591,46.03696098562629,4.6242299794661195,92.88,24.5,176000.0,11.199999988079071,6.599999904632568,1.0,6.0,1.4822000026702882
6_8534,1.6314000129699706,51.72073921971253,10.30800821355236,123.86,24.5,104442.0,11.199999988079071,6.599999904632568,1.0,6.0,1.436199998855591
6_8535,0.7484000086784363,24.49555099247091,0.9883641341546886,161.08,22.799999237060547,169454.0,10.2999999076128,5.900000095367432,0.0,0.0,0.7804000020027161
6_8535,0.7649999976158142,25.50034223134839,1.9931553730321698,129.8,22.100000381469727,150000.0,10.2999999076128,5.900000095367432,0.0,0.0,0.7484000086784363
6_8535,0.7457999944686889,27.60848733744011,4.101300479123887,73.99,23.5,199000.0,10.2999999076128,5.900000095367432,0.0,0.0,0.7649999976158142
6_8535,0.7637999892234802,29.481177275838466,5.973990417522245,182.79,23.399999618530273,209760.0,10.2999999076128,5.900000095367432,0.0,0.0,0.7457999944686889
6_8535,0.7820000052452087,30.45037645448323,0.9527720739219713,100.24,22.100000381469727,235118.0,10.499999910593033,5.900000095367432,0.0,0.0,0.7637999892234802
6_8535,0.7815999984741211,31.523613963039015,2.026009582477755,46.35,23.100000381469727,258000.0,10.499999910593033,5.900000095367432,0.0,0.0,0.7820000052452087
6_8535,0.74579998254776,32.982888432580424,3.485284052019165,35.44,23.700000762939453,288000.0,10.499999910593033,5.900000095367432,0.0,0.0,0.7815999984741211
6_8535,0.9692000031471253,34.209445585215605,0.6050650239561944,101.09,23.899999618530273,116416.66666666667,12.799999862909317,5.900000095367432,0.0,0.0,0.74579998254776
6_8535,0.9694000005722045,35.186858316221766,1.5824777549623545,11.48,23.5,368000.0,12.799999862909317,5.900000095367432,0.0,0.0,0.9692000031471253
6_8535,0.9672000050544739,37.26488706365503,3.6605065023956196,143.11,23.399999618530273,262000.0,12.799999862909317,5.900000095367432,0.0,0.0,0.9694000005722045
6_8535,0.9980000019073486,39.403148528405204,5.798767967145791,79.71,23.399999618530273,320171.0,12.799999862909317,5.900000095367432,0.0,0.0,0.9672000050544739
6_8535,1.1027999877929688,42.17932922655715,1.2621492128678986,33.98,23.5,244470.0,12.899999864399433,5.900000095367432,0.0,0.0,0.9980000019073486
6_8535,1.1073999881744385,43.27720739219713,2.3600273785078714,134.83,22.700000762939453,250481.0,12.899999864399433,5.900000095367432,0.0,0.0,1.1027999877929688
6_8535,1.1401999711990356,44.5201916495551,3.6030116358658453,136.29,24.100000381469727,267242.0,12.899999864399433,5.900000095367432,0.0,0.0,1.1073999881744385
6_8535,1.1929999828338622,45.379876796714576,4.462696783025325,72.04,23.399999618530273,205729.0,12.899999864399433,5.900000095367432,0.0,0.0,1.1401999711990356
6_8535,1.1468000173568726,46.53251197809719,5.61533196440794,29.02,24.799999237060547,242466.0,12.899999864399433,5.900000095367432,0.0,0.0,1.1929999828338622
6_8535,1.309000015258789,47.37303216974675,6.455852156057495,92.88,24.5,254044.0,12.899999864399433,5.900000095367432,0.0,0.0,1.1468000173568726
6_8535,0.8315999984741211,49.440109514031484,0.7255304585900069,84.16,24.700000762939453,281914.0,12.699999839067459,5.900000095367432,0.0,0.0,1.309000015258789
8_2008,2.370199990272522,19.619438740588638,3.3045859000684463,449.03,12.800000190734863,53713.0,3.6999999582767487,7.400000095367432,18.0,13.0,2.0652000427246096
8_2008,2.39980001449585,20.5968514715948,4.2819986310746065,542.12,12.800000190734863,55445.0,3.6999999582767487,7.400000095367432,18.0,13.0,2.370199990272522
8_2008,2.5164000034332275,21.585215605749486,0.2518822724161533,639.71,12.0,83140.0,3.6999999582767487,7.400000095367432,18.0,13.0,2.39980001449585
8_7781,1.1148000001907348,19.619438740588638,0.2026009582477755,449.03,12.800000190734863,40173.5,5.300000011920929,7.099999904632568,0.0,0.0,2.2235999584197996
8_7781,1.1978000164031983,20.594113620807665,1.1772758384668036,542.12,12.800000190734863,48352.0,5.300000011920929,7.099999904632568,0.0,0.0,1.1148000001907348
8_7781,1.254800009727478,20.5968514715948,1.1800136892539357,542.12,12.800000190734863,48352.0,5.300000011920929,7.099999904632568,0.0,0.0,1.1978000164031983
8_7781,1.289400005340576,21.585215605749486,2.1683778234086244,639.71,12.0,72869.0,5.300000011920929,7.099999904632568,0.0,0.0,1.254800009727478
8_7781,1.3236000061035156,21.587953456536617,2.1711156741957565,639.71,12.0,72869.0,5.300000011920929,7.099999904632568,0.0,0.0,1.289400005340576
8_7781,1.605399990081787,23.10198494182067,3.685147159479808,372.64,13.0,57644.0,5.300000011920929,7.099999904632568,0.0,0.0,1.3236000061035156
8_7781,2.275600004196167,25.609856262833677,0.27652292950034224,549.0,12.300000190734863,59119.0,5.300000011920929,7.099999904632568,0.0,0.0,1.605399990081787
8_7781,2.377400016784668,26.362765229295004,1.0294318959616702,442.28,13.100000381469727,60130.0,5.300000011920929,7.099999904632568,0.0,0.0,2.275600004196167
8_7781,2.4276000022888184,27.299110198494184,1.9657768651608487,576.16,13.300000190734863,60762.0,5.300000011920929,7.099999904632568,13.0,7.0,2.377400016784668
8_7781,2.932800054550171,32.55578370978782,0.22176591375770022,541.89,13.199999809265137,65671.0,5.600000023841858,7.099999904632568,20.0,19.0,2.4276000022888184
8_7781,3.1556000232696535,35.403148528405204,3.0691307323750854,336.56,13.199999809265137,68795.0,5.600000023841858,7.099999904632568,6.0,11.0,2.932800054550171
8_7781,3.3431999683380127,38.54346338124572,6.209445585215605,341.92,13.600000381469727,71872.0,5.600000023841858,7.099999904632568,6.0,11.0,3.1556000232696535
8_7781,0.707200002670288,39.488021902806295,0.15605749486652978,394.29,13.600000381469727,72703.25,8.300000011920929,7.099999904632568,12.0,15.0,3.3431999683380127
8_7781,0.7247999906539917,40.58316221765914,1.2511978097193703,204.08,15.100000381469727,73160.0,8.300000011920929,7.099999904632568,0.0,0.0,0.707200002670288
8_7781,0.7587999939918518,41.4839151266256,2.1519507186858315,382.56,13.199999809265137,74252.0,8.300000011920929,7.099999904632568,0.0,0.0,0.7247999906539917
8_7781,0.8335999965667724,42.47501711156742,3.143052703627652,575.43,13.300000190734863,75905.0,8.300000011920929,7.099999904632568,0.0,2.0,0.7587999939918518
8_7781,0.8283999919891357,43.37850787132101,4.046543463381246,799.87,13.800000190734863,76734.0,8.300000011920929,7.099999904632568,0.0,2.0,0.8335999965667724
8_7781,0.9384000062942505,45.1170431211499,0.6570841889117043,641.39,13.699999809265137,56918.0,8.500000014901161,7.099999904632568,0.0,3.0,0.8283999919891357
8_B310,1.298799991607666,19.619438740588638,1.3470225872689938,449.03,12.800000190734863,50695.0,4.400000154972076,6.0,0.0,1.0,2.1717999935150147
8_B310,1.550600028038025,20.5968514715948,2.324435318275154,542.12,12.800000190734863,51624.0,4.400000154972076,6.0,0.0,1.0,1.298799991607666
8_B310,1.898800015449524,21.587953456536617,3.3155373032169746,639.71,12.0,77800.0,4.400000154972076,6.0,0.0,1.0,1.550600028038025
8_B320,1.8148000240325928,19.619438740588638,1.3086926762491444,449.03,12.800000190734863,51213.0,3.499999910593033,6.0,6.0,5.0,1.6383999824523925
8_B320,1.9347999811172485,20.5968514715948,2.2861054072553046,542.12,12.800000190734863,52148.0,3.499999910593033,6.0,6.0,5.0,1.8148000240325928
8_B320,2.1522000312805174,21.587953456536617,3.277207392197125,639.71,12.0,78632.0,3.499999910593033,6.0,6.0,5.0,1.9347999811172485
8_B330,2.265800046920776,19.619438740588638,1.3086926762491444,449.03,12.800000190734863,48370.0,5.200000107288361,6.5,4.0,3.0,1.9175999879837036
8_B330,2.4465999603271484,20.5968514715948,2.2861054072553046,542.12,12.800000190734863,49253.0,5.200000107288361,6.5,4.0,3.0,2.265800046920776
8_B330,2.6111999988555907,21.587953456536617,3.277207392197125,639.71,12.0,74292.0,5.200000107288361,6.5,4.0,3.0,2.4465999603271484
8_B350,1.287000012397766,19.619438740588638,0.12046543463381246,449.03,12.800000190734863,50122.0,5.5000001192092896,6.0,0.0,0.0,1.5379999876022339
8_B350,1.382800006866455,20.5968514715948,1.0978781656399725,542.12,12.800000190734863,51039.0,5.5000001192092896,6.0,0.0,0.0,1.287000012397766
